mtllib tokarev.mtl
o gun
usemtl Material.001
v -0.2327166199684143 0.6473433971405029 -0.6444987058639526
v -0.2327166199684143 0.6473433971405029 -0.6444987058639526
v -0.2327166199684143 0.6473433971405029 -2.3324025869369507
v -0.2327166199684143 0.6473433971405029 -2.3324025869369507
v -0.2327166199684143 0.6473433971405029 -2.3324025869369507
v -0.2327166199684143 0.6473433971405029 -2.3324025869369507
v 0.2327166199684143 0.6473433971405029 -0.6444987058639526
v 0.2327166199684143 0.6473433971405029 -0.6444987058639526
v 0.2327166199684143 0.6473433971405029 -2.3324025869369507
v 0.2327166199684143 0.6473433971405029 -2.3324025869369507
v 0.2327166199684143 0.6473433971405029 -2.3324025869369507
v 0.2327166199684143 0.6473433971405029 -2.3324025869369507
v -0.2327166199684143 0.6473433971405029 -1.2300980089758369
v -0.2327166199684143 0.6473433971405029 -1.2300980089758369
v -0.2327166199684143 0.6473433971405029 -1.2300980089758369
v -0.2327166199684143 0.6473433971405029 -1.2300980089758369
v 0.2327166199684143 0.6473433971405029 -1.2300980089758369
v 0.2327166199684143 0.6473433971405029 -1.2300980089758369
v 0.2327166199684143 0.6473433971405029 -1.2300980089758369
v 0.2327166199684143 0.6473433971405029 -1.2300980089758369
v -0.2327166199684143 0.5960175189312906 -1.2300980089758369
v -0.2327166199684143 0.5960175189312906 -1.2300980089758369
v -0.2327166199684143 0.5960175189312906 -1.2300980089758369
v -0.2327166199684143 0.5960175189312906 -0.6444987058639526
v -0.2327166199684143 0.5960175189312906 -0.6444987058639526
v -0.2327166199684143 0.5960175189312906 -0.6444987058639526
v 0.2327166199684143 0.5960175189312906 -0.6444987058639526
v 0.2327166199684143 0.5960175189312906 -0.6444987058639526
v 0.2327166199684143 0.5960175189312906 -0.6444987058639526
v 0.2327166199684143 0.5960175189312906 -1.2300980089758369
v 0.2327166199684143 0.5960175189312906 -1.2300980089758369
v 0.2327166199684143 0.5960175189312906 -1.2300980089758369
v -0.2327166199684143 0.6473433971405029 1.8619152376019201
v 0.2327166199684143 0.6473433971405029 1.8619152376019201
v -0.2327166199684143 0.5960175189312906 1.8619152376019201
v 0.2327166199684143 0.5960175189312906 1.8619152376019201
v -0.2327166199684143 0.6473433971405029 2.0244473124309934
v -0.2327166199684143 0.6473433971405029 2.0244473124309934
v 0.2327166199684143 0.6473433971405029 2.0244473124309934
v -0.2327166199684143 0.5960175189312906 2.0244473124309934
v 0.2327166199684143 0.5960175189312906 2.0244473124309934
v -0.2327166199684143 0.6473433971405029 2.159836849888734
v -0.2327166199684143 0.6473433971405029 2.159836849888734
v 0.2327166199684143 0.6473433971405029 2.159836849888734
v 0.2327166199684143 0.6473433971405029 2.159836849888734
v -0.2327166199684143 0.5960175189312906 2.159836849888734
v -0.2327166199684143 0.5960175189312906 2.159836849888734
v -0.2327166199684143 0.5960175189312906 2.159836849888734
v 0.2327166199684143 0.5960175189312906 2.159836849888734
v 0.2327166199684143 0.5960175189312906 2.159836849888734
v 0.2327166199684143 0.5960175189312906 2.159836849888734
v -0.2327166199684143 0.6473433971405029 2.356473862775033
v -0.2327166199684143 0.6473433971405029 2.356473862775033
v -0.2327166199684143 0.6473433971405029 2.356473862775033
v 0.2327166199684143 0.6473433971405029 2.356473862775033
v 0.2327166199684143 0.6473433971405029 2.356473862775033
v 0.2327166199684143 0.6473433971405029 2.356473862775033
v 0.2327166199684143 0.6473433971405029 2.356473862775033
v -0.2327166199684143 0.5960175189312906 2.356473862775033
v -0.2327166199684143 0.5960175189312906 2.356473862775033
v -0.2327166199684143 0.5960175189312906 2.356473862775033
v -0.2327166199684143 0.5960175189312906 2.356473862775033
v 0.2327166199684143 0.5960175189312906 2.356473862775033
v 0.2327166199684143 0.5960175189312906 2.356473862775033
v 0.2327166199684143 0.5960175189312906 2.356473862775033
v 0.2327166199684143 0.5960175189312906 2.356473862775033
v -0.23271664771039724 0.6990517065251254 2.42094518606757
v -0.23271664771039724 0.6990517065251254 2.42094518606757
v -0.23271664771039724 0.6990517065251254 2.42094518606757
v 0.23271664771039724 0.6990517065251254 2.42094518606757
v 0.23271664771039724 0.6990517065251254 2.42094518606757
v 0.23271664771039724 0.6990517065251254 2.42094518606757
v -0.23271664771039724 0.671528332656024 2.42094518606757
v -0.23271664771039724 0.671528332656024 2.42094518606757
v -0.23271664771039724 0.671528332656024 2.42094518606757
v 0.23271664771039724 0.671528332656024 2.42094518606757
v 0.23271664771039724 0.671528332656024 2.42094518606757
v 0.23271664771039724 0.671528332656024 2.42094518606757
v -0.23271664771039724 0.6927611666537956 -2.3726969627809638
v -0.23271664771039724 0.6927611666537956 -2.3726969627809638
v -0.23271664771039724 0.6927611666537956 -2.3726969627809638
v -0.23271664771039724 0.6927611666537956 -2.3726969627809638
v 0.23271664771039724 0.6927611666537956 -2.3726969627809638
v 0.23271664771039724 0.6927611666537956 -2.3726969627809638
v 0.23271664771039724 0.6927611666537956 -2.3726969627809638
v 0.23271664771039724 0.6927611666537956 -2.3726969627809638
v -0.23271664771039724 0.6927611666537956 -2.388814793604098
v -0.23271664771039724 0.6927611666537956 -2.388814793604098
v -0.23271664771039724 0.6927611666537956 -2.388814793604098
v 0.23271664771039724 0.6927611666537956 -2.388814793604098
v 0.23271664771039724 0.6927611666537956 -2.388814793604098
v 0.23271664771039724 0.6927611666537956 -2.388814793604098
v -0.2327166199684143 0.6473433971405029 0.6087082658689837
v -0.2327166199684143 0.6473433971405029 0.6087082658689837
v 0.2327166199684143 0.5960175189312906 0.6087082658689837
v 0.2327166199684143 0.5960175189312906 0.6087082658689837
v 0.2327166199684143 0.5960175189312906 0.6087082658689837
v 0.2327166199684143 0.5960175189312906 0.6087082658689837
v -0.2327166199684143 0.5960175189312906 0.6087082658689837
v -0.2327166199684143 0.5960175189312906 0.6087082658689837
v -0.2327166199684143 0.5960175189312906 0.6087082658689837
v -0.2327166199684143 0.5960175189312906 0.6087082658689837
v 0.2327166199684143 0.6473433971405029 0.6087082658689837
v 0.2327166199684143 0.6473433971405029 0.6087082658689837
v -0.2327166199684143 0.20319021501416046 1.8619152376019201
v 0.2327166199684143 0.20319021501416046 1.8619152376019201
v 0.2327166199684143 0.20319021501416046 0.7371325856473163
v 0.2327166199684143 0.20319021501416046 0.7371325856473163
v 0.2327166199684143 0.20319021501416046 0.7371325856473163
v -0.2327166199684143 0.20319021501416046 1.9346560465712628
v -0.2327166199684143 0.20319021501416046 1.9948302474706452
v -0.2327166199684143 0.20319021501416046 1.9948302474706452
v -0.2327166199684143 0.20319021501416046 1.9948302474706452
v 0.2327166199684143 0.20319021501416046 1.9346560465712628
v 0.2327166199684143 0.20319021501416046 1.9948302474706452
v 0.2327166199684143 0.20319021501416046 1.9948302474706452
v 0.2327166199684143 0.20319021501416046 1.9948302474706452
v -0.2327166199684143 0.20319021501416046 0.7371325856473163
v -0.2327166199684143 0.20319021501416046 0.7371325856473163
v -0.2327166199684143 0.20319021501416046 0.7371325856473163
v -0.2327166199684143 -0.17452828422426592 1.8619152376019201
v 0.2327166199684143 -0.17452828422426592 1.8619152376019201
v 0.2327166199684143 -0.17452828422426592 1.8619152376019201
v 0.2327166199684143 -0.17452828422426592 0.817830194013311
v 0.2327166199684143 -0.17452828422426592 0.817830194013311
v 0.2327166199684143 -0.17452828422426592 0.817830194013311
v -0.2327166199684143 -0.17452828422426592 1.9346560465712628
v -0.2327166199684143 -0.17452828422426592 1.9948302474706452
v -0.2327166199684143 -0.17452828422426592 1.9948302474706452
v -0.2327166199684143 -0.17452828422426592 1.9948302474706452
v 0.2327166199684143 -0.17452828422426592 1.9346560465712628
v 0.2327166199684143 -0.17452828422426592 1.9948302474706452
v 0.2327166199684143 -0.17452828422426592 1.9948302474706452
v 0.2327166199684143 -0.17452828422426592 1.9948302474706452
v -0.2327166199684143 -0.17452828422426592 0.817830194013311
v -0.2327166199684143 -0.17452828422426592 0.817830194013311
v -0.2327166199684143 -0.17452828422426592 0.817830194013311
v 0.2327166199684143 0.01433096539494727 1.9948302474706452
v 0.2327166199684143 0.01433096539494727 1.9948302474706452
v -0.2327166199684143 0.01433096539494727 1.9948302474706452
v -0.2327166199684143 0.01433096539494727 1.9948302474706452
v 0.2327166199684143 0.01433096539494727 1.9346560465712628
v 0.2327166199684143 0.01433096539494727 1.8619152376019201
v -0.2327166199684143 0.01433096539494727 1.9346560465712628
v 0.2327166199684143 0.01433096539494727 0.6691432398823167
v 0.2327166199684143 0.01433096539494727 0.6691432398823167
v 0.2327166199684143 0.01433096539494727 0.6691432398823167
v -0.2327166199684143 0.01433096539494727 0.6691432398823167
v -0.2327166199684143 0.01433096539494727 0.6691432398823167
v -0.2327166199684143 0.01433096539494727 0.6691432398823167
v -0.2327166199684143 0.01433096539494727 1.8619152376019201
v -0.2327166199684143 -1.3832276666705638 2.141426992413585
v 0.2327166199684143 -1.3832276666705638 2.141426992413585
v 0.2327166199684143 -1.3832276666705638 1.1601774037406472
v 0.2327166199684143 -1.3832276666705638 1.1601774037406472
v 0.2327166199684143 -1.3832276666705638 1.1601774037406472
v -0.2327166199684143 -1.3832276666705638 2.214167801382928
v -0.2327166199684143 -1.3832276666705638 2.27434200228231
v -0.2327166199684143 -1.3832276666705638 2.27434200228231
v -0.2327166199684143 -1.3832276666705638 2.27434200228231
v 0.2327166199684143 -1.3832276666705638 2.214167801382928
v 0.2327166199684143 -1.3832276666705638 2.27434200228231
v 0.2327166199684143 -1.3832276666705638 2.27434200228231
v 0.2327166199684143 -1.3832276666705638 2.27434200228231
v -0.2327166199684143 -1.3832276666705638 1.1601774037406472
v -0.2327166199684143 -1.3832276666705638 1.1601774037406472
v -0.2327166199684143 -1.3832276666705638 1.1601774037406472
v 0.2327166199684143 -0.7788780678890816 1.0468618274656478
v 0.2327166199684143 -0.7788780678890816 1.0468618274656478
v 0.2327166199684143 -0.7788780678890816 1.0468618274656478
v 0.2327166199684143 -0.7788780678890816 2.0016711150077526
v -0.2327166199684143 -0.7788780678890816 1.0468618274656478
v -0.2327166199684143 -0.7788780678890816 1.0468618274656478
v -0.2327166199684143 -0.7788780678890816 1.0468618274656478
v -0.2327166199684143 -0.7788780678890816 2.0016711150077526
v -0.2327166199684143 -0.7788780678890816 2.1345861248764777
v -0.2327166199684143 -0.7788780678890816 2.1345861248764777
v -0.2327166199684143 -0.7788780678890816 2.1345861248764777
v 0.2327166199684143 -0.7788780678890816 2.1345861248764777
v 0.2327166199684143 -0.7788780678890816 2.1345861248764777
v 0.2327166199684143 -0.7788780678890816 2.1345861248764777
v 0.2327166199684143 -0.7788780678890816 2.0744119239770953
v -0.2327166199684143 -0.7788780678890816 2.0744119239770953
v 0.2327166199684143 -0.4767031760566738 0.9675409240731483
v 0.2327166199684143 -0.4767031760566738 0.9675409240731483
v 0.2327166199684143 -0.4767031760566738 0.9675409240731483
v -0.2327166199684143 -0.4767031760566738 1.9317931763048364
v 0.2327166199684143 -0.4767031760566738 2.0647081861735614
v 0.2327166199684143 -0.4767031760566738 2.0647081861735614
v 0.2327166199684143 -0.4767031760566738 1.9317931763048364
v 0.2327166199684143 -0.4767031760566738 1.9317931763048364
v -0.2327166199684143 -0.4767031760566738 0.9675409240731483
v -0.2327166199684143 -0.4767031760566738 0.9675409240731483
v -0.2327166199684143 -0.4767031760566738 0.9675409240731483
v -0.2327166199684143 -0.4767031760566738 2.0647081861735614
v -0.2327166199684143 -0.4767031760566738 2.0647081861735614
v 0.2327166199684143 -0.4767031760566738 2.004533985274179
v -0.2327166199684143 -0.4767031760566738 2.004533985274179
v -0.1980100815749246 -1.4814343655425546 2.118828668009428
v 0.1980100815749246 -1.4814343655425546 2.118828668009428
v 0.1980100815749246 -1.4814343655425546 1.249810314322076
v 0.1980100815749246 -1.4814343655425546 1.249810314322076
v -0.2327166199684143 -1.4814343655425546 2.214167801382928
v -0.2327166199684143 -1.4814343655425546 2.214167801382928
v -0.2327166199684143 -1.4814343655425546 2.2516788870273103
v -0.2327166199684143 -1.4814343655425546 2.2516788870273103
v -0.2327166199684143 -1.4814343655425546 2.2516788870273103
v 0.2327166199684143 -1.4814343655425546 2.214167801382928
v 0.2327166199684143 -1.4814343655425546 2.214167801382928
v 0.2327166199684143 -1.4814343655425546 2.2516788870273103
v 0.2327166199684143 -1.4814343655425546 2.2516788870273103
v 0.2327166199684143 -1.4814343655425546 2.2516788870273103
v -0.1980100815749246 -1.4814343655425546 1.249810314322076
v -0.1980100815749246 -1.4814343655425546 1.249810314322076
v -0.2327166199684143 -1.4814343655425546 2.141426992413585
v -0.2327166199684143 -1.4814343655425546 2.141426992413585
v 0.2327166199684143 -1.4814343655425546 2.141426992413585
v 0.2327166199684143 -1.4814343655425546 2.141426992413585
v 0.2327166199684143 -1.4814343655425546 1.1601774037406472
v 0.2327166199684143 -1.4814343655425546 1.1601774037406472
v 0.2327166199684143 -1.4814343655425546 1.1601774037406472
v 0.2327166199684143 -1.4814343655425546 1.1601774037406472
v -0.2327166199684143 -1.4814343655425546 1.1601774037406472
v -0.2327166199684143 -1.4814343655425546 1.1601774037406472
v -0.2327166199684143 -1.4814343655425546 1.1601774037406472
v -0.2327166199684143 -1.4814343655425546 1.1601774037406472
v -0.05868840070181491 0.5960175189312906 -0.176433502270811
v -0.05868840070181491 0.5960175189312906 -0.176433502270811
v -0.05868840070181491 0.5960175189312906 -0.176433502270811
v -0.05868840070181491 0.5960175189312906 -0.176433502270811
v 0.2327166199684143 0.6473433971405029 -0.176433502270811
v 0.2327166199684143 0.6473433971405029 -0.176433502270811
v -0.2327166199684143 0.6473433971405029 -0.176433502270811
v -0.2327166199684143 0.6473433971405029 -0.176433502270811
v 0.05868840070181491 0.5960175189312906 -0.176433502270811
v 0.05868840070181491 0.5960175189312906 -0.176433502270811
v 0.05868840070181491 0.5960175189312906 -0.176433502270811
v 0.05868840070181491 0.5960175189312906 -0.176433502270811
v -0.05868840070181491 0.5960175189312906 -0.32742224192421077
v -0.05868840070181491 0.5960175189312906 -0.32742224192421077
v -0.05868840070181491 0.5960175189312906 -0.32742224192421077
v -0.05868840070181491 0.5960175189312906 -0.32742224192421077
v 0.2327166199684143 0.6473433971405029 -0.32742224192421077
v 0.2327166199684143 0.6473433971405029 -0.32742224192421077
v -0.2327166199684143 0.6473433971405029 -0.32742224192421077
v -0.2327166199684143 0.6473433971405029 -0.32742224192421077
v 0.05868840070181491 0.5960175189312906 -0.32742224192421077
v 0.05868840070181491 0.5960175189312906 -0.32742224192421077
v 0.05868840070181491 0.5960175189312906 -0.32742224192421077
v 0.05868840070181491 0.5960175189312906 -0.32742224192421077
v 0.2327166199684143 0.5960175189312906 -0.32742224192421077
v 0.2327166199684143 0.5960175189312906 -0.32742224192421077
v 0.2327166199684143 0.5960175189312906 -0.32742224192421077
v 0.2327166199684143 0.5960175189312906 -0.176433502270811
v 0.2327166199684143 0.5960175189312906 -0.176433502270811
v 0.2327166199684143 0.5960175189312906 -0.176433502270811
v 0.2327166199684143 0.5960175189312906 -0.176433502270811
v -0.2327166199684143 0.5960175189312906 -0.176433502270811
v -0.2327166199684143 0.5960175189312906 -0.176433502270811
v -0.2327166199684143 0.5960175189312906 -0.176433502270811
v -0.2327166199684143 0.5960175189312906 -0.176433502270811
v -0.2327166199684143 0.5960175189312906 -0.32742224192421077
v -0.2327166199684143 0.5960175189312906 -0.32742224192421077
v -0.2327166199684143 0.5960175189312906 -0.32742224192421077
v 0.05868840070181491 -0.15186528519996045 -0.19144355039421157
v 0.05868840070181491 -0.15186528519996045 -0.19144355039421157
v 0.05868840070181491 -0.15186528519996045 -0.19144355039421157
v 0.05868840070181491 -0.15186528519996045 -0.04045481074081181
v 0.05868840070181491 -0.15186528519996045 -0.04045481074081181
v 0.05868840070181491 -0.15186528519996045 -0.04045481074081181
v 0.05868840070181491 -0.15186528519996045 -0.04045481074081181
v -0.05868840070181491 -0.15186528519996045 -0.04045481074081181
v -0.05868840070181491 -0.15186528519996045 -0.04045481074081181
v -0.05868840070181491 -0.15186528519996045 -0.04045481074081181
v -0.05868840070181491 -0.15186528519996045 -0.04045481074081181
v -0.05868840070181491 -0.15186528519996045 -0.19144355039421157
v -0.05868840070181491 -0.15186528519996045 -0.19144355039421157
v -0.05868840070181491 -0.15186528519996045 -0.19144355039421157
v 0.05868840070181491 -0.03464684825758013 -0.21275601786572906
v 0.05868840070181491 -0.03464684825758013 -0.21275601786572906
v 0.05868840070181491 -0.03464684825758013 -0.21275601786572906
v 0.05868840070181491 -0.03464684825758013 -0.21275601786572906
v -0.05868840070181491 -0.03464684825758013 -0.21275601786572906
v -0.05868840070181491 -0.03464684825758013 -0.21275601786572906
v -0.05868840070181491 -0.03464684825758013 -0.21275601786572906
v -0.05868840070181491 -0.03464684825758013 -0.0617672782123293
v -0.05868840070181491 -0.03464684825758013 -0.0617672782123293
v -0.05868840070181491 -0.03464684825758013 -0.0617672782123293
v -0.05868840070181491 -0.03464684825758013 -0.0617672782123293
v 0.05868840070181491 -0.03464684825758013 -0.0617672782123293
v 0.05868840070181491 -0.03464684825758013 -0.0617672782123293
v 0.05868840070181491 -0.03464684825758013 -0.0617672782123293
v 0.05868840070181491 -0.03464684825758013 -0.0617672782123293
v 0.05868840070181491 -0.03464684825758013 -0.0617672782123293
v 0.07904032164028507 -0.17974421282985986 0.8471017748404392
v 0.07904032164028507 -0.17974421282985986 0.8471017748404392
v 0.07904032164028507 -0.17974421282985986 0.8471017748404392
v -0.07904032164028507 -0.17974421282985986 0.8471017748404392
v -0.07904032164028507 -0.17974421282985986 0.8471017748404392
v -0.07904032164028507 -0.17974421282985986 0.8471017748404392
v -0.07904032164028507 -0.021876771527217898 0.8183988242756755
v -0.07904032164028507 -0.021876771527217898 0.8183988242756755
v -0.07904032164028507 -0.021876771527217898 0.8183988242756755
v 0.07904032164028507 -0.021876771527217898 0.8183988242756755
v 0.07904032164028507 -0.021876771527217898 0.8183988242756755
v 0.07904032164028507 -0.021876771527217898 0.8183988242756755
v -0.2327166199684143 0.6473433971405029 1.6127837517793182
v 0.2327166199684143 0.5960175189312906 1.6127837517793182
v -0.2327166199684143 0.5960175189312906 1.6127837517793182
v 0.2327166199684143 0.6473433971405029 1.6127837517793182
v 0.2327166199684143 0.20319021501416046 1.6383137615771943
v -0.2327166199684143 0.20319021501416046 1.6383137615771943
v 0.2327166199684143 -0.17452828422426592 1.6543561372168938
v -0.2327166199684143 -0.17452828422426592 1.6543561372168938
v -0.2327166199684143 0.01433096539494727 1.6247978266927134
v 0.2327166199684143 0.01433096539494727 1.6247978266927134
v 0.2327166199684143 -1.3832276666705638 1.9463594473427293
v 0.2327166199684143 -1.3832276666705638 1.9463594473427293
v -0.2327166199684143 -1.3832276666705638 1.9463594473427293
v -0.2327166199684143 -1.3832276666705638 1.9463594473427293
v 0.2327166199684143 -0.7788780678890816 1.8118596774080515
v -0.2327166199684143 -0.7788780678890816 1.8118596774080515
v -0.2327166199684143 -0.4767031760566738 1.7401044137412782
v 0.2327166199684143 -0.4767031760566738 1.7401044137412782
v 0.2327166199684143 -1.4814343655425546 1.9463594473427293
v 0.2327166199684143 -1.4814343655425546 1.9463594473427293
v 0.2327166199684143 -1.4814343655425546 1.9463594473427293
v 0.2327166199684143 -1.4814343655425546 1.9463594473427293
v -0.2327166199684143 -1.4814343655425546 1.9463594473427293
v -0.2327166199684143 -1.4814343655425546 1.9463594473427293
v -0.2327166199684143 -1.4814343655425546 1.9463594473427293
v -0.2327166199684143 -1.4814343655425546 1.9463594473427293
v 0.1980100815749246 -1.4814343655425546 1.9460721140042097
v 0.1980100815749246 -1.4814343655425546 1.9460721140042097
v -0.1980100815749246 -1.4814343655425546 1.9460721140042097
v -0.1980100815749246 -1.4814343655425546 1.9460721140042097
v -0.2327166199684143 0.6473433971405029 1.737349394083708
v 0.2327166199684143 0.5960175189312906 1.737349394083708
v 0.2327166199684143 0.20319021501416046 1.750114398982646
v 0.2327166199684143 -0.17452828422426592 1.7581355868024957
v 0.2327166199684143 -0.17452828422426592 1.7581355868024957
v -0.2327166199684143 0.01433096539494727 1.7433564315404055
v 0.2327166199684143 -1.3832276666705638 2.0438934210919797
v 0.2327166199684143 -1.3832276666705638 2.0438934210919797
v -0.2327166199684143 -0.7788780678890816 1.906765396207902
v -0.2327166199684143 -0.4767031760566738 1.8359487950230573
v 0.2327166199684143 -1.4814343655425546 2.0438934210919797
v 0.2327166199684143 -1.4814343655425546 2.0438934210919797
v 0.2327166199684143 -1.4814343655425546 2.0438934210919797
v 0.2327166199684143 -1.4814343655425546 2.0438934210919797
v 0.1980100815749246 -1.4814343655425546 2.032450391006819
v 0.1980100815749246 -1.4814343655425546 2.032450391006819
v -0.2327166199684143 0.5960175189312906 1.737349394083708
v 0.2327166199684143 0.6473433971405029 1.737349394083708
v -0.2327166199684143 0.20319021501416046 1.750114398982646
v -0.2327166199684143 -0.17452828422426592 1.7581355868024957
v 0.2327166199684143 0.01433096539494727 1.7433564315404055
v -0.2327166199684143 -1.3832276666705638 2.0438934210919797
v -0.2327166199684143 -1.3832276666705638 2.0438934210919797
v 0.2327166199684143 -0.7788780678890816 1.906765396207902
v 0.2327166199684143 -0.4767031760566738 1.8359487950230573
v 0.2327166199684143 -0.4767031760566738 1.8359487950230573
v -0.2327166199684143 -1.4814343655425546 2.0438934210919797
v -0.2327166199684143 -1.4814343655425546 2.0438934210919797
v -0.2327166199684143 -1.4814343655425546 2.0438934210919797
v -0.2327166199684143 -1.4814343655425546 2.0438934210919797
v -0.1980100815749246 -1.4814343655425546 2.032450391006819
v -0.1980100815749246 -1.4814343655425546 2.032450391006819
v 0.2327166199684143 0.6473433971405029 -2.271501802924547
v 0.2327166199684143 0.6473433971405029 -2.271501802924547
v 0.2327166199684143 0.6473433971405029 -2.271501802924547
v -0.2327166199684143 0.6473433971405029 -2.271501802924547
v -0.2327166199684143 0.6473433971405029 -2.271501802924547
v -0.2327166199684143 0.6473433971405029 -2.271501802924547
v -0.2327166199684143 0.6473433971405029 -2.0989436457483066
v -0.2327166199684143 0.6473433971405029 -2.0989436457483066
v 0.2327166199684143 0.6473433971405029 -2.0989436457483066
v 0.2327166199684143 0.6473433971405029 -2.0989436457483066
v -0.2327166199684143 0.8800321066650554 -0.6444987058639526
v -0.2327166199684143 0.8800321066650554 -0.6444987058639526
v -0.2327166199684143 0.8800321066650554 -2.3324025869369507
v -0.2327166199684143 0.8800321066650554 -2.3324025869369507
v 0.2327166199684143 0.8800321066650554 -2.3324025869369507
v 0.2327166199684143 0.8800321066650554 -2.3324025869369507
v 0.2327166199684143 0.8800321066650554 -0.6444987058639526
v 0.2327166199684143 0.8800321066650554 -0.6444987058639526
v 0.2327166199684143 0.8800321066650554 -1.2300980089758369
v -0.2327166199684143 0.8800321066650554 -1.2300980089758369
v -0.2327166199684143 0.8800321066650554 1.8619152376019201
v 0.2327166199684143 0.8800321066650554 1.8619152376019201
v -0.2327166199684143 0.8735547421851919 2.0244473124309934
v -0.2327166199684143 0.8735547421851919 2.0244473124309934
v 0.2327166199684143 0.8735547190747752 2.0244473124309934
v -0.2327166199684143 0.8617350120100156 2.168433106813268
v -0.2327166199684143 0.8617350120100156 2.168433106813268
v 0.2327166199684143 0.8617350120100156 2.168433106813268
v 0.2327166199684143 0.8617350120100156 2.168433106813268
v -0.2327166199684143 0.8359465371219414 2.356473862775033
v -0.2327166199684143 0.8359465371219414 2.356473862775033
v 0.2327166199684143 0.8359465602323581 2.356473862775033
v 0.2327166199684143 0.8359465602323581 2.356473862775033
v -0.23271664771039724 0.8481629344892099 2.42094518606757
v -0.23271664771039724 0.8481629344892099 2.42094518606757
v -0.23271664771039724 0.8481629344892099 2.42094518606757
v 0.23271664771039724 0.8481629344892099 2.42094518606757
v 0.23271664771039724 0.8481629344892099 2.42094518606757
v 0.23271664771039724 0.8481629344892099 2.42094518606757
v -0.23271664771039724 0.9103106119704449 -2.3726969627809638
v -0.23271664771039724 0.9103106119704449 -2.3726969627809638
v 0.23271664771039724 0.9103106119704449 -2.3726969627809638
v 0.23271664771039724 0.9103106119704449 -2.3726969627809638
v -0.23271664771039724 0.9103106119704449 -2.388814793604098
v -0.23271664771039724 0.9103106119704449 -2.388814793604098
v -0.23271664771039724 0.9103106119704449 -2.388814793604098
v 0.23271664771039724 0.9103106119704449 -2.388814793604098
v 0.23271664771039724 0.9103106119704449 -2.388814793604098
v 0.23271664771039724 0.9103106119704449 -2.388814793604098
v 0.2327166199684143 0.8800321066650554 0.6087082658689837
v -0.2327166199684143 0.8800321066650554 0.6087082658689837
v -0.2327166199684143 0.8800321066650554 -0.176433502270811
v 0.2327166199684143 0.8800321066650554 -0.176433502270811
v 0.2327166199684143 0.8800321066650554 -0.32742224192421077
v -0.2327166199684143 0.8800321066650554 -0.32742224192421077
v 0.2327166199684143 0.8800321066650554 1.6127837517793182
v -0.2327166199684143 0.8800321066650554 1.6127837517793182
v 0.2327166199684143 0.8800321066650554 1.737349394083708
v -0.2327166199684143 0.8800321066650554 1.737349394083708
v 0.2327166199684143 0.8800321066650554 -2.271501802924547
v 0.2327166199684143 0.8800321066650554 -2.271501802924547
v -0.2327166199684143 0.8800321066650554 -2.271501802924547
v -0.2327166199684143 0.8800321066650554 -2.271501802924547
v -0.2327166199684143 0.8800321066650554 -2.0989436457483066
v 0.2327166199684143 0.8800321066650554 -2.0989436457483066
v 0 0.6473433971405029 -2.3324025869369507
v 0 0.6473433971405029 -2.3324025869369507
v 0 0.6473433971405029 -1.2300980089758369
v 0 0.6473433971405029 -1.2300980089758369
v 0 0.5960175189312906 -0.6444987058639526
v 0 0.5960175189312906 -1.2300980089758369
v 0 0.5960175189312906 -1.2300980089758369
v 0 0.5960175189312906 2.159836849888734
v 0 0.5960175189312906 2.159836849888734
v 0 0.5960175189312906 2.356473862775033
v 0 0.5960175189312906 2.356473862775033
v 0 0.6990517065251254 2.42094518606757
v 0 0.671528332656024 2.42094518606757
v 0 0.671528332656024 2.42094518606757
v 0 0.6927611666537956 -2.3726969627809638
v 0 0.6927611666537956 -2.3726969627809638
v 0 0.6927611666537956 -2.388814793604098
v 0 0.6927611666537956 -2.388814793604098
v 0 0.5960175189312906 0.6087082658689837
v 0 0.5960175189312906 0.6087082658689837
v 0 0.5960175189312906 0.6087082658689837
v 0 0.5960175189312906 0.6087082658689837
v 0 0.20319021501416046 1.9948302474706452
v 0 0.20319021501416046 1.9948302474706452
v 0 0.20319021501416046 0.7371325856473163
v 0 0.20319021501416046 0.7371325856473163
v 0 0.20319021501416046 0.7371325856473163
v 0 0.20319021501416046 0.7371325856473163
v 0 0.20319021501416046 0.7371325856473163
v 0 0.20319021501416046 0.7371325856473163
v 0 -0.17452828422426592 1.9948302474706452
v 0 -0.17452828422426592 1.9948302474706452
v 0 -0.17452828422426592 0.817830194013311
v 0 -0.17452828422426592 0.817830194013311
v 0 0.01433096539494727 0.6691432398823167
v 0 0.01433096539494727 0.6691432398823167
v 0 0.01433096539494727 0.6691432398823167
v 0 0.01433096539494727 0.6691432398823167
v 0 0.01433096539494727 1.9948302474706452
v 0 -1.3832276666705638 2.27434200228231
v 0 -1.3832276666705638 2.27434200228231
v 0 -1.3832276666705638 1.1601774037406472
v 0 -1.3832276666705638 1.1601774037406472
v 0 -0.7788780678890816 1.0468618274656478
v 0 -0.7788780678890816 1.0468618274656478
v 0 -0.7788780678890816 2.1345861248764777
v 0 -0.7788780678890816 2.1345861248764777
v 0 -0.4767031760566738 2.0647081861735614
v 0 -0.4767031760566738 0.9675409240731483
v 0 -0.4767031760566738 0.9675409240731483
v 0 -1.4814343655425546 2.141426992413585
v 0 -1.4814343655425546 2.214167801382928
v 0 -1.4814343655425546 2.2516788870273103
v 0 -1.4814343655425546 2.2516788870273103
v 0 -1.4814343655425546 1.1601774037406472
v 0 -1.4814343655425546 1.1601774037406472
v 0 -1.4814343655425546 2.118828668009428
v 0 -1.4814343655425546 1.249810314322076
v 0 0.5960175189312906 -0.176433502270811
v 0 0.5960175189312906 -0.176433502270811
v 0 0.5960175189312906 -0.32742224192421077
v 0 0.5960175189312906 -0.32742224192421077
v 0 0.5960175189312906 -0.176433502270811
v 0 0.5960175189312906 -0.176433502270811
v 0 0.5960175189312906 -0.32742224192421077
v 0 0.5960175189312906 -0.32742224192421077
v 0 -0.15186528519996045 -0.04045481074081181
v 0 -0.15186528519996045 -0.04045481074081181
v 0 -0.15186528519996045 -0.19144355039421157
v 0 -0.15186528519996045 -0.19144355039421157
v 0 -0.03464684825758013 -0.0617672782123293
v 0 -0.03464684825758013 -0.0617672782123293
v 0 -0.03464684825758013 -0.21275601786572906
v 0 -0.03464684825758013 -0.21275601786572906
v 0 -0.17974421282985986 0.8471017748404392
v 0 -0.17974421282985986 0.8471017748404392
v 0 -0.021876771527217898 0.8183988242756755
v 0 -0.021876771527217898 0.8183988242756755
v 0 0.6473433971405029 -2.271501802924547
v 0 0.6473433971405029 -2.0989436457483066
v 0 0.9103106119704449 -2.388814793604098
v 0 0.9103106119704449 -2.388814793604098
v 0 0.8481629344892099 2.42094518606757
v 0 0.8481629344892099 2.42094518606757
v 0.11635830998420715 0.5960175189312906 -0.6444987058639526
v 0.11635830998420715 0.5960175189312906 2.159836849888734
v 0.11635830998420715 0.5960175189312906 2.159836849888734
v 0.11635830998420715 0.5960175189312906 2.356473862775033
v 0.11635830998420715 0.5960175189312906 2.356473862775033
v 0.11635832385519862 0.6990517065251254 2.42094518606757
v 0.11635832385519862 0.671528332656024 2.42094518606757
v 0.11635832385519862 0.671528332656024 2.42094518606757
v 0.11635830998420715 0.20319021501416046 1.9948302474706452
v 0.11635830998420715 0.20319021501416046 1.9948302474706452
v 0.11635830998420715 -0.17452828422426592 1.9948302474706452
v 0.11635830998420715 -0.17452828422426592 1.9948302474706452
v 0.11635830998420715 0.01433096539494727 1.9948302474706452
v 0.11635830998420715 -1.3832276666705638 2.27434200228231
v 0.11635830998420715 -1.3832276666705638 2.27434200228231
v 0.11635830998420715 -0.7788780678890816 2.1345861248764777
v 0.11635830998420715 -0.7788780678890816 2.1345861248764777
v 0.11635830998420715 -0.4767031760566738 2.0647081861735614
v 0.11635830998420715 -1.4814343655425546 2.141426992413585
v 0.11635830998420715 -1.4814343655425546 2.214167801382928
v 0.11635830998420715 -1.4814343655425546 2.2516788870273103
v 0.11635830998420715 -1.4814343655425546 2.2516788870273103
v 0.0990050407874623 -1.4814343655425546 2.118828668009428
v 0.029344200350907457 -0.03464684825758013 -0.0617672782123293
v 0.029344200350907457 -0.03464684825758013 -0.0617672782123293
v 0.039520160820142536 -0.021876771527217898 0.8183988242756755
v 0.039520160820142536 -0.021876771527217898 0.8183988242756755
v 0.11635832385519862 0.9103106119704449 -2.388814793604098
v 0.11635832385519862 0.9103106119704449 -2.388814793604098
v 0.11635830998420715 0.6473433971405029 -2.3324025869369507
v 0.11635830998420715 0.6473433971405029 -2.3324025869369507
v 0.11635830998420715 0.6473433971405029 -1.2300980089758369
v 0.11635830998420715 0.6473433971405029 -1.2300980089758369
v 0.11635830998420715 0.5960175189312906 -1.2300980089758369
v 0.11635830998420715 0.5960175189312906 -1.2300980089758369
v 0.11635832385519862 0.6927611666537956 -2.3726969627809638
v 0.11635832385519862 0.6927611666537956 -2.3726969627809638
v 0.11635832385519862 0.6927611666537956 -2.388814793604098
v 0.11635832385519862 0.6927611666537956 -2.388814793604098
v 0.11635830998420715 0.5960175189312906 0.6087082658689837
v 0.11635830998420715 0.5960175189312906 0.6087082658689837
v 0.11635830998420715 0.5960175189312906 0.6087082658689837
v 0.11635830998420715 0.5960175189312906 0.6087082658689837
v 0.11635830998420715 0.20319021501416046 0.7371325856473163
v 0.11635830998420715 0.20319021501416046 0.7371325856473163
v 0.11635830998420715 0.20319021501416046 0.7371325856473163
v 0.11635830998420715 0.20319021501416046 0.7371325856473163
v 0.11635830998420715 0.20319021501416046 0.7371325856473163
v 0.11635830998420715 0.20319021501416046 0.7371325856473163
v 0.11635830998420715 -0.17452828422426592 0.817830194013311
v 0.11635830998420715 -0.17452828422426592 0.817830194013311
v 0.11635830998420715 0.01433096539494727 0.6691432398823167
v 0.11635830998420715 0.01433096539494727 0.6691432398823167
v 0.11635830998420715 0.01433096539494727 0.6691432398823167
v 0.11635830998420715 0.01433096539494727 0.6691432398823167
v 0.11635830998420715 -1.3832276666705638 1.1601774037406472
v 0.11635830998420715 -1.3832276666705638 1.1601774037406472
v 0.11635830998420715 -0.7788780678890816 1.0468618274656478
v 0.11635830998420715 -0.7788780678890816 1.0468618274656478
v 0.11635830998420715 -0.4767031760566738 0.9675409240731483
v 0.11635830998420715 -0.4767031760566738 0.9675409240731483
v 0.11635830998420715 -1.4814343655425546 1.1601774037406472
v 0.11635830998420715 -1.4814343655425546 1.1601774037406472
v 0.0990050407874623 -1.4814343655425546 1.249810314322076
v 0.11635830998420715 0.5960175189312906 -0.176433502270811
v 0.11635830998420715 0.5960175189312906 -0.176433502270811
v 0.11635830998420715 0.5960175189312906 -0.32742224192421077
v 0.11635830998420715 0.5960175189312906 -0.32742224192421077
v 0.029344200350907457 0.5960175189312906 -0.176433502270811
v 0.029344200350907457 0.5960175189312906 -0.176433502270811
v 0.029344200350907457 0.5960175189312906 -0.32742224192421077
v 0.029344200350907457 0.5960175189312906 -0.32742224192421077
v 0.029344200350907457 -0.15186528519996045 -0.04045481074081181
v 0.029344200350907457 -0.15186528519996045 -0.04045481074081181
v 0.029344200350907457 -0.15186528519996045 -0.19144355039421157
v 0.029344200350907457 -0.15186528519996045 -0.19144355039421157
v 0.029344200350907457 -0.03464684825758013 -0.21275601786572906
v 0.029344200350907457 -0.03464684825758013 -0.21275601786572906
v 0.039520160820142536 -0.17974421282985986 0.8471017748404392
v 0.039520160820142536 -0.17974421282985986 0.8471017748404392
v 0.11635830998420715 0.6473433971405029 -2.271501802924547
v 0.11635830998420715 0.6473433971405029 -2.0989436457483066
v 0.11635832385519862 0.8481629344892099 2.42094518606757
v 0.11635832385519862 0.8481629344892099 2.42094518606757
v -0.11635830998420715 0.6473433971405029 -2.3324025869369507
v -0.11635830998420715 0.6473433971405029 -2.3324025869369507
v -0.11635830998420715 0.6473433971405029 -1.2300980089758369
v -0.11635830998420715 0.6473433971405029 -1.2300980089758369
v -0.11635830998420715 0.5960175189312906 -1.2300980089758369
v -0.11635830998420715 0.5960175189312906 -1.2300980089758369
v -0.11635832385519862 0.6927611666537956 -2.3726969627809638
v -0.11635832385519862 0.6927611666537956 -2.3726969627809638
v -0.11635832385519862 0.6927611666537956 -2.388814793604098
v -0.11635832385519862 0.6927611666537956 -2.388814793604098
v -0.11635830998420715 0.5960175189312906 0.6087082658689837
v -0.11635830998420715 0.5960175189312906 0.6087082658689837
v -0.11635830998420715 0.5960175189312906 0.6087082658689837
v -0.11635830998420715 0.5960175189312906 0.6087082658689837
v -0.11635830998420715 0.20319021501416046 0.7371325856473163
v -0.11635830998420715 0.20319021501416046 0.7371325856473163
v -0.11635830998420715 0.20319021501416046 0.7371325856473163
v -0.11635830998420715 0.20319021501416046 0.7371325856473163
v -0.11635830998420715 0.20319021501416046 0.7371325856473163
v -0.11635830998420715 0.20319021501416046 0.7371325856473163
v -0.11635830998420715 -0.17452828422426592 0.817830194013311
v -0.11635830998420715 -0.17452828422426592 0.817830194013311
v -0.11635830998420715 0.01433096539494727 0.6691432398823167
v -0.11635830998420715 0.01433096539494727 0.6691432398823167
v -0.11635830998420715 0.01433096539494727 0.6691432398823167
v -0.11635830998420715 0.01433096539494727 0.6691432398823167
v -0.11635830998420715 -1.3832276666705638 1.1601774037406472
v -0.11635830998420715 -1.3832276666705638 1.1601774037406472
v -0.11635830998420715 -0.7788780678890816 1.0468618274656478
v -0.11635830998420715 -0.7788780678890816 1.0468618274656478
v -0.11635830998420715 -0.4767031760566738 0.9675409240731483
v -0.11635830998420715 -0.4767031760566738 0.9675409240731483
v -0.11635830998420715 -1.4814343655425546 1.1601774037406472
v -0.11635830998420715 -1.4814343655425546 1.1601774037406472
v -0.0990050407874623 -1.4814343655425546 1.249810314322076
v -0.11635830998420715 0.5960175189312906 -0.176433502270811
v -0.11635830998420715 0.5960175189312906 -0.176433502270811
v -0.11635830998420715 0.5960175189312906 -0.32742224192421077
v -0.11635830998420715 0.5960175189312906 -0.32742224192421077
v -0.029344200350907457 0.5960175189312906 -0.176433502270811
v -0.029344200350907457 0.5960175189312906 -0.176433502270811
v -0.029344200350907457 0.5960175189312906 -0.32742224192421077
v -0.029344200350907457 0.5960175189312906 -0.32742224192421077
v -0.029344200350907457 -0.15186528519996045 -0.04045481074081181
v -0.029344200350907457 -0.15186528519996045 -0.04045481074081181
v -0.029344200350907457 -0.15186528519996045 -0.04045481074081181
v -0.029344200350907457 -0.15186528519996045 -0.19144355039421157
v -0.029344200350907457 -0.15186528519996045 -0.19144355039421157
v -0.029344200350907457 -0.03464684825758013 -0.21275601786572906
v -0.029344200350907457 -0.03464684825758013 -0.21275601786572906
v -0.039520160820142536 -0.17974421282985986 0.8471017748404392
v -0.039520160820142536 -0.17974421282985986 0.8471017748404392
v -0.039520160820142536 -0.17974421282985986 0.8471017748404392
v -0.11635830998420715 0.6473433971405029 -2.271501802924547
v -0.11635830998420715 0.6473433971405029 -2.0989436457483066
v -0.11635832385519862 0.8481629344892099 2.42094518606757
v -0.11635832385519862 0.8481629344892099 2.42094518606757
v -0.11635830998420715 0.5960175189312906 -0.6444987058639526
v -0.11635830998420715 0.5960175189312906 2.159836849888734
v -0.11635830998420715 0.5960175189312906 2.159836849888734
v -0.11635830998420715 0.5960175189312906 2.356473862775033
v -0.11635830998420715 0.5960175189312906 2.356473862775033
v -0.11635832385519862 0.6990517065251254 2.42094518606757
v -0.11635832385519862 0.671528332656024 2.42094518606757
v -0.11635832385519862 0.671528332656024 2.42094518606757
v -0.11635830998420715 0.20319021501416046 1.9948302474706452
v -0.11635830998420715 0.20319021501416046 1.9948302474706452
v -0.11635830998420715 -0.17452828422426592 1.9948302474706452
v -0.11635830998420715 -0.17452828422426592 1.9948302474706452
v -0.11635830998420715 0.01433096539494727 1.9948302474706452
v -0.11635830998420715 -1.3832276666705638 2.27434200228231
v -0.11635830998420715 -1.3832276666705638 2.27434200228231
v -0.11635830998420715 -0.7788780678890816 2.1345861248764777
v -0.11635830998420715 -0.7788780678890816 2.1345861248764777
v -0.11635830998420715 -0.4767031760566738 2.0647081861735614
v -0.11635830998420715 -1.4814343655425546 2.141426992413585
v -0.11635830998420715 -1.4814343655425546 2.214167801382928
v -0.11635830998420715 -1.4814343655425546 2.2516788870273103
v -0.11635830998420715 -1.4814343655425546 2.2516788870273103
v -0.0990050407874623 -1.4814343655425546 2.118828668009428
v -0.029344200350907457 -0.03464684825758013 -0.0617672782123293
v -0.029344200350907457 -0.03464684825758013 -0.0617672782123293
v -0.039520160820142536 -0.021876771527217898 0.8183988242756755
v -0.039520160820142536 -0.021876771527217898 0.8183988242756755
v -0.11635832385519862 0.9103106119704449 -2.388814793604098
v -0.11635832385519862 0.9103106119704449 -2.388814793604098
v -0.04306051292386304 0.20319021501416046 0.7371325856473163
v -0.04306051292386304 0.20319021501416046 0.7371325856473163
v -0.04306051292386304 0.20319021501416046 0.7371325856473163
v -0.04306051292386304 0.20319021501416046 0.7371325856473163
v -1.0884851087836228e-10 0.20319021501416046 0.7371325856473163
v -1.0884851087836228e-10 0.20319021501416046 0.7371325856473163
v -1.0884851087836228e-10 0.20319021501416046 0.7371325856473163
v -1.0884851087836228e-10 0.20319021501416046 0.7371325856473163
v -1.0884851087836228e-10 0.01433096539494727 0.6691432398823167
v -1.0884851087836228e-10 0.01433096539494727 0.6691432398823167
v -1.0884851087836228e-10 0.01433096539494727 0.6691432398823167
v -1.0884851087836228e-10 0.01433096539494727 0.6691432398823167
v -1.0884851087836228e-10 0.01433096539494727 0.6691432398823167
v -0.04306051292386304 0.01433096539494727 0.6691432398823167
v -0.04306051292386304 0.01433096539494727 0.6691432398823167
v -0.04306051292386304 0.01433096539494727 0.6691432398823167
v -0.04306051292386304 0.01433096539494727 0.6691432398823167
v -0.04306051292386304 0.01433096539494727 0.6691432398823167
v -0.04306051292386304 0.5960175189312906 0.6087082658689837
v -0.04306051292386304 0.5960175189312906 0.6087082658689837
v -0.04306051292386304 0.5960175189312906 0.6087082658689837
v -0.04306051292386304 0.5960175189312906 0.6087082658689837
v -1.0884851087836228e-10 0.5960175189312906 0.6087082658689837
v -1.0884851087836228e-10 0.5960175189312906 0.6087082658689837
v -1.0884851087836228e-10 0.5960175189312906 0.6087082658689837
v -1.0884851087836228e-10 0.5960175189312906 0.6087082658689837
v -1.0884851087836228e-10 0.20319021501416046 0.7371325856473163
v -1.0884851087836228e-10 0.20319021501416046 0.7371325856473163
v -1.0884851087836228e-10 0.20319021501416046 0.7371325856473163
v -1.0884851087836228e-10 0.20319021501416046 0.7371325856473163
v -0.04306051292386304 0.20319021501416046 0.7371325856473163
v -0.04306051292386304 0.20319021501416046 0.7371325856473163
v -0.04306051292386304 0.20319021501416046 0.7371325856473163
v -0.04306051292386304 0.20319021501416046 0.7371325856473163
v -1.0884851087836228e-10 0.20319021501416046 0.7371325856473163
v -1.0884851087836228e-10 0.20319021501416046 0.7371325856473163
v -1.0884851087836228e-10 0.20319021501416046 0.7371325856473163
v -1.0884851087836228e-10 0.20319021501416046 0.7371325856473163
v 0.04306051292386304 0.20319021501416046 0.7371325856473163
v 0.04306051292386304 0.20319021501416046 0.7371325856473163
v 0.04306051292386304 0.20319021501416046 0.7371325856473163
v 0.04306051292386304 0.20319021501416046 0.7371325856473163
v 0.04306051292386304 0.01433096539494727 0.6691432398823167
v 0.04306051292386304 0.01433096539494727 0.6691432398823167
v 0.04306051292386304 0.01433096539494727 0.6691432398823167
v 0.04306051292386304 0.01433096539494727 0.6691432398823167
v 0.04306051292386304 0.01433096539494727 0.6691432398823167
v -1.0884851087836228e-10 0.01433096539494727 0.6691432398823167
v -1.0884851087836228e-10 0.01433096539494727 0.6691432398823167
v -1.0884851087836228e-10 0.01433096539494727 0.6691432398823167
v -1.0884851087836228e-10 0.01433096539494727 0.6691432398823167
v -1.0884851087836228e-10 0.01433096539494727 0.6691432398823167
v -1.0884851087836228e-10 0.5960175189312906 0.6087082658689837
v -1.0884851087836228e-10 0.5960175189312906 0.6087082658689837
v -1.0884851087836228e-10 0.5960175189312906 0.6087082658689837
v -1.0884851087836228e-10 0.5960175189312906 0.6087082658689837
v 0.04306051292386304 0.5960175189312906 0.6087082658689837
v 0.04306051292386304 0.5960175189312906 0.6087082658689837
v 0.04306051292386304 0.5960175189312906 0.6087082658689837
v 0.04306051292386304 0.5960175189312906 0.6087082658689837
v 0.04306051292386304 0.20319021501416046 0.7371325856473163
v 0.04306051292386304 0.20319021501416046 0.7371325856473163
v 0.04306051292386304 0.20319021501416046 0.7371325856473163
v 0.04306051292386304 0.20319021501416046 0.7371325856473163
v -1.0884851087836228e-10 0.20319021501416046 0.7371325856473163
v -1.0884851087836228e-10 0.20319021501416046 0.7371325856473163
v -1.0884851087836228e-10 0.20319021501416046 0.7371325856473163
v -1.0884851087836228e-10 0.20319021501416046 0.7371325856473163
v -1.0884851087836228e-10 0.2078370727191441 0.44916622844215226
v -1.0884851087836228e-10 0.2078370727191441 0.44916622844215226
v -1.0884851087836228e-10 0.2078370727191441 0.44916622844215226
v -0.04306051292386304 0.2078370727191441 0.44916622844215226
v -0.04306051292386304 0.2078370727191441 0.44916622844215226
v -0.04306051292386304 0.2078370727191441 0.44916622844215226
v -0.04306051292386304 0.0189778230999309 0.38117688267715266
v -0.04306051292386304 0.0189778230999309 0.38117688267715266
v -0.04306051292386304 0.0189778230999309 0.38117688267715266
v -0.04306051292386304 0.0189778230999309 0.38117688267715266
v -1.0884851087836228e-10 0.0189778230999309 0.38117688267715266
v -1.0884851087836228e-10 0.0189778230999309 0.38117688267715266
v -1.0884851087836228e-10 0.0189778230999309 0.38117688267715266
v -1.0884851087836228e-10 0.0189778230999309 0.38117688267715266
v -1.0884851087836228e-10 0.6006643304154409 0.3207419086638197
v -1.0884851087836228e-10 0.6006643304154409 0.3207419086638197
v -1.0884851087836228e-10 0.6006643304154409 0.3207419086638197
v -0.04306051292386304 0.6006643304154409 0.3207419086638197
v -0.04306051292386304 0.6006643304154409 0.3207419086638197
v -0.04306051292386304 0.6006643304154409 0.3207419086638197
v -0.04306051292386304 0.2078370727191441 0.44916622844215226
v -0.04306051292386304 0.2078370727191441 0.44916622844215226
v -0.04306051292386304 0.2078370727191441 0.44916622844215226
v -1.0884851087836228e-10 0.2078370727191441 0.44916622844215226
v -1.0884851087836228e-10 0.2078370727191441 0.44916622844215226
v -1.0884851087836228e-10 0.2078370727191441 0.44916622844215226
v 0.04306051292386304 0.2078370727191441 0.44916622844215226
v 0.04306051292386304 0.2078370727191441 0.44916622844215226
v 0.04306051292386304 0.2078370727191441 0.44916622844215226
v -1.0884851087836228e-10 0.2078370727191441 0.44916622844215226
v -1.0884851087836228e-10 0.2078370727191441 0.44916622844215226
v -1.0884851087836228e-10 0.2078370727191441 0.44916622844215226
v -1.0884851087836228e-10 0.0189778230999309 0.38117688267715266
v -1.0884851087836228e-10 0.0189778230999309 0.38117688267715266
v -1.0884851087836228e-10 0.0189778230999309 0.38117688267715266
v -1.0884851087836228e-10 0.0189778230999309 0.38117688267715266
v 0.04306051292386304 0.0189778230999309 0.38117688267715266
v 0.04306051292386304 0.0189778230999309 0.38117688267715266
v 0.04306051292386304 0.0189778230999309 0.38117688267715266
v 0.04306051292386304 0.0189778230999309 0.38117688267715266
v 0.04306051292386304 0.6006643304154409 0.3207419086638197
v 0.04306051292386304 0.6006643304154409 0.3207419086638197
v 0.04306051292386304 0.6006643304154409 0.3207419086638197
v -1.0884851087836228e-10 0.6006643304154409 0.3207419086638197
v -1.0884851087836228e-10 0.6006643304154409 0.3207419086638197
v -1.0884851087836228e-10 0.6006643304154409 0.3207419086638197
v -1.0884851087836228e-10 0.2078370727191441 0.44916622844215226
v -1.0884851087836228e-10 0.2078370727191441 0.44916622844215226
v -1.0884851087836228e-10 0.2078370727191441 0.44916622844215226
v 0.04306051292386304 0.2078370727191441 0.44916622844215226
v 0.04306051292386304 0.2078370727191441 0.44916622844215226
v 0.04306051292386304 0.2078370727191441 0.44916622844215226
v -1.0884851087836228e-10 -0.07290484890694415 0.77702906115735
v -1.0884851087836228e-10 -0.07290484890694415 0.77702906115735
v -1.0884851087836228e-10 -0.07290484890694415 0.77702906115735
v -0.04306051292386304 -0.07290484890694415 0.77702906115735
v -0.04306051292386304 -0.07290484890694415 0.77702906115735
v -0.04306051292386304 -0.07290484890694415 0.77702906115735
v 0.04306051292386304 -0.07290484890694415 0.77702906115735
v 0.04306051292386304 -0.07290484890694415 0.77702906115735
v 0.04306051292386304 -0.07290484890694415 0.77702906115735
v -1.0884851087836228e-10 -0.07290484890694415 0.77702906115735
v -1.0884851087836228e-10 -0.07290484890694415 0.77702906115735
v -1.0884851087836228e-10 -0.07290484890694415 0.77702906115735
v -1.0884851087836228e-10 -0.06825799120196052 0.489062703952186
v -1.0884851087836228e-10 -0.06825799120196052 0.489062703952186
v -1.0884851087836228e-10 -0.06825799120196052 0.489062703952186
v -0.04306051292386304 -0.06825799120196052 0.489062703952186
v -0.04306051292386304 -0.06825799120196052 0.489062703952186
v -0.04306051292386304 -0.06825799120196052 0.489062703952186
v 0.04306051292386304 -0.06825799120196052 0.489062703952186
v 0.04306051292386304 -0.06825799120196052 0.489062703952186
v 0.04306051292386304 -0.06825799120196052 0.489062703952186
v -1.0884851087836228e-10 -0.06825799120196052 0.489062703952186
v -1.0884851087836228e-10 -0.06825799120196052 0.489062703952186
v -1.0884851087836228e-10 -0.06825799120196052 0.489062703952186
vt 0.6265924572944641 0.6964834928512573
vt 0.6265924572944641 0.6964834928512573
vt 0.9665684103965759 0.6964834928512573
vt 0.9665684103965759 0.6964834928512573
vt 0.9665684103965759 0.6964834928512573
vt 0.9665684103965759 0.6964834928512573
vt 0.6265924572944641 0.6964834928512573
vt 0.6265924572944641 0.6964834928512573
vt 0.9665684103965759 0.6964834928512573
vt 0.9665684103965759 0.6964834928512573
vt 0.9665684103965759 0.6964834928512573
vt 0.9665684103965759 0.6964834928512573
vt 0.7430559992790222 0.6964834928512573
vt 0.7430559992790222 0.6964834928512573
vt 0.7430559992790222 0.6964834928512573
vt 0.7430559992790222 0.6964834928512573
vt 0.7430559992790222 0.6964834928512573
vt 0.7430559992790222 0.6964834928512573
vt 0.7430559992790222 0.6964834928512573
vt 0.7430559992790222 0.6964834928512573
vt 0.7430559992790222 0.681276261806488
vt 0.7430559992790222 0.681276261806488
vt 0.7430559992790222 0.681276261806488
vt 0.6265924572944641 0.681276261806488
vt 0.6265924572944641 0.681276261806488
vt 0.6265924572944641 0.681276261806488
vt 0.6265924572944641 0.681276261806488
vt 0.6265924572944641 0.681276261806488
vt 0.6265924572944641 0.681276261806488
vt 0.7430559992790222 0.681276261806488
vt 0.7430559992790222 0.681276261806488
vt 0.7430559992790222 0.681276261806488
vt 0.12811587750911713 0.6964834928512573
vt 0.12811587750911713 0.6964834928512573
vt 0.12811587750911713 0.681276261806488
vt 0.12811587750911713 0.681276261806488
vt 0.09579115360975266 0.6964834928512573
vt 0.09579115360975266 0.6964834928512573
vt 0.09579115360975266 0.6964834928512573
vt 0.09579115360975266 0.681276261806488
vt 0.09579115360975266 0.681276261806488
vt 0.06886477768421173 0.6964834928512573
vt 0.06886477768421173 0.6964834928512573
vt 0.06886477768421173 0.6964834928512573
vt 0.06886477768421173 0.6964834928512573
vt 0.06886477768421173 0.681276261806488
vt 0.11443882435560226 0.7103496789932251
vt 0.11443882435560226 0.7103496789932251
vt 0.11443882435560226 0.7103496789932251
vt 0.11443882435560226 0.7103496789932251
vt 0.06886477768421173 0.681276261806488
vt 0.029757685959339142 0.6964834928512573
vt 0.029757685959339142 0.6964834928512573
vt 0.029757685959339142 0.6964834928512573
vt 0.029757685959339142 0.6964834928512573
vt 0.029757685959339142 0.6964834928512573
vt 0.029757685959339142 0.6964834928512573
vt 0.029757685959339142 0.6964834928512573
vt 0.029757685959339142 0.681276261806488
vt 0.029757685959339142 0.681276261806488
vt 0.10979912430047989 0.7103496789932251
vt 0.10979912430047989 0.7103496789932251
vt 0.10979912430047989 0.7103496789932251
vt 0.10979912430047989 0.7103496789932251
vt 0.029757685959339142 0.681276261806488
vt 0.029757685959339142 0.681276261806488
vt 0.01693555898964405 0.7118040323257446
vt 0.01693555898964405 0.7118040323257446
vt 0.10827787965536118 0.7139715552330017
vt 0.10827787965536118 0.7139715552330017
vt 0.01693555898964405 0.7118040323257446
vt 0.01693555898964405 0.7118040323257446
vt 0.01693555898964405 0.7036491632461548
vt 0.10827787965536118 0.7130040526390076
vt 0.10827787965536118 0.7130040526390076
vt 0.10827787965536118 0.7130040526390076
vt 0.10827787965536118 0.7130040526390076
vt 0.01693555898964405 0.7036491632461548
vt 0.9745824337005615 0.709940493106842
vt 0.9745824337005615 0.709940493106842
vt 0.9745824337005615 0.709940493106842
vt 0.9745824337005615 0.709940493106842
vt 0.9745824337005615 0.709940493106842
vt 0.9745824337005615 0.709940493106842
vt 0.9745824337005615 0.709940493106842
vt 0.9745824337005615 0.709940493106842
vt 0.977787971496582 0.709940493106842
vt 0.977787971496582 0.709940493106842
vt 0.977787971496582 0.709940493106842
vt 0.977787971496582 0.709940493106842
vt 0.977787971496582 0.709940493106842
vt 0.977787971496582 0.709940493106842
vt 0.37735408544540405 0.6964834928512573
vt 0.37735408544540405 0.6964834928512573
vt 0.37735408544540405 0.681276261806488
vt 0.37735408544540405 0.681276261806488
vt 0.37735408544540405 0.681276261806488
vt 0.37735408544540405 0.681276261806488
vt 0.37735408544540405 0.681276261806488
vt 0.37735408544540405 0.681276261806488
vt 0.37735408544540405 0.681276261806488
vt 0.37735408544540405 0.681276261806488
vt 0.37735408544540405 0.6964834928512573
vt 0.37735408544540405 0.6964834928512573
vt 0.12811587750911713 0.5648866891860962
vt 0.12811587750911713 0.5648866891860962
vt 0.3518126904964447 0.5648866891860962
vt 0.3518126904964447 0.5648866891860962
vt 0.3518126904964447 0.5648866891860962
vt 0.11364859342575073 0.5648866891860962
vt 0.10168128460645676 0.5648866891860962
vt 0.11833221465349197 0.6965410709381104
vt 0.11833221465349197 0.6965410709381104
vt 0.11364859342575073 0.5648866891860962
vt 0.11833221465349197 0.6965410709381104
vt 0.11833221465349197 0.6965410709381104
vt 0.10168128460645676 0.5648866891860962
vt 0.3518126904964447 0.5648866891860962
vt 0.3518126904964447 0.5648866891860962
vt 0.3518126904964447 0.5648866891860962
vt 0.12811587750911713 0.4529738426208496
vt 0.12811587750911713 0.4529738426208496
vt 0.12811587750911713 0.4529738426208496
vt 0.33576369285583496 0.4529738426208496
vt 0.33576369285583496 0.4529738426208496
vt 0.33576369285583496 0.4529738426208496
vt 0.11364859342575073 0.4529738426208496
vt 0.10168128460645676 0.4529738426208496
vt 0.11833221465349197 0.6832636594772339
vt 0.11833221465349197 0.6832636594772339
vt 0.11364859342575073 0.4529738426208496
vt 0.11833221465349197 0.6832636594772339
vt 0.11833221465349197 0.6832636594772339
vt 0.10168128460645676 0.4529738426208496
vt 0.33576369285583496 0.4529738426208496
vt 0.33576369285583496 0.4529738426208496
vt 0.33576369285583496 0.4529738426208496
vt 0.11833221465349197 0.6899023652076721
vt 0.10168128460645676 0.5089301466941833
vt 0.10168128460645676 0.5089301466941833
vt 0.11833221465349197 0.6899023652076721
vt 0.11364859342575073 0.5089301466941833
vt 0.12811587750911713 0.5089301466941833
vt 0.11364859342575073 0.5089301466941833
vt 0.36533433198928833 0.5089301466941833
vt 0.36533433198928833 0.5089301466941833
vt 0.36533433198928833 0.5089301466941833
vt 0.36533433198928833 0.5089301466941833
vt 0.36533433198928833 0.5089301466941833
vt 0.36533433198928833 0.5089301466941833
vt 0.12811587750911713 0.5089301466941833
vt 0.07252637296915054 0.09485232830047607
vt 0.07252637296915054 0.09485232830047607
vt 0.2676774561405182 0.09485232830047607
vt 0.2676774561405182 0.09485232830047607
vt 0.2676774561405182 0.09485232830047607
vt 0.05805956572294235 0.09485232830047607
vt 0.046092256903648376 0.09485232830047607
vt 0.11173706501722336 0.6407756805419922
vt 0.11173706501722336 0.6407756805419922
vt 0.05805956572294235 0.09485232830047607
vt 0.11173706501722336 0.6407756805419922
vt 0.11173706501722336 0.6407756805419922
vt 0.046092256903648376 0.09485232830047607
vt 0.2676774561405182 0.09485232830047607
vt 0.2676774561405182 0.09485232830047607
vt 0.2676774561405182 0.09485232830047607
vt 0.29021379351615906 0.2739129662513733
vt 0.29021379351615906 0.2739129662513733
vt 0.29021379351615906 0.2739129662513733
vt 0.10032114386558533 0.2739129662513733
vt 0.29021379351615906 0.2739129662513733
vt 0.29021379351615906 0.2739129662513733
vt 0.29021379351615906 0.2739129662513733
vt 0.10032114386558533 0.2739129662513733
vt 0.07388651371002197 0.2739129662513733
vt 0.11503460258245468 0.6620196104049683
vt 0.11503460258245468 0.6620196104049683
vt 0.11503460258245468 0.6620196104049683
vt 0.11503460258245468 0.6620196104049683
vt 0.07388651371002197 0.2739129662513733
vt 0.08585433661937714 0.2739129662513733
vt 0.08585433661937714 0.2739129662513733
vt 0.3059890568256378 0.36344361305236816
vt 0.3059890568256378 0.36344361305236816
vt 0.3059890568256378 0.36344361305236816
vt 0.11421839147806168 0.36344361305236816
vt 0.11668342351913452 0.6726416945457458
vt 0.08778403699398041 0.36344361305236816
vt 0.11421839147806168 0.36344361305236816
vt 0.11421839147806168 0.36344361305236816
vt 0.3059890568256378 0.36344361305236816
vt 0.3059890568256378 0.36344361305236816
vt 0.3059890568256378 0.36344361305236816
vt 0.08778403699398041 0.36344361305236816
vt 0.11668342351913452 0.6726416945457458
vt 0.0997513085603714 0.36344361305236816
vt 0.0997513085603714 0.36344361305236816
vt 0.0770205408334732 0.0528792142868042
vt 0.0770205408334732 0.0528792142868042
vt 0.24985122680664062 0.0528792142868042
vt 0.24985122680664062 0.0528792142868042
vt 0.05805956944823265 0.0528792142868042
vt 0.05805956944823265 0.0528792142868042
vt 0.05059923231601715 0.0528792142868042
vt 0.05059923231601715 0.0528792142868042
vt 0.11227177828550339 0.6357959508895874
vt 0.05805956944823265 0.0528792142868042
vt 0.05805956944823265 0.0528792142868042
vt 0.05059923231601715 0.0528792142868042
vt 0.11227177828550339 0.6357959508895874
vt 0.05059923231601715 0.0528792142868042
vt 0.24985122680664062 0.0528792142868042
vt 0.24985122680664062 0.0528792142868042
vt 0.07252637296915054 0.0528792142868042
vt 0.07252637296915054 0.0528792142868042
vt 0.07252637296915054 0.0528792142868042
vt 0.07252637296915054 0.0528792142868042
vt 0.2676774561405182 0.0528792142868042
vt 0.2676774561405182 0.0528792142868042
vt 0.2676774561405182 0.0528792142868042
vt 0.2676774561405182 0.0528792142868042
vt 0.2676774561405182 0.0528792142868042
vt 0.2676774561405182 0.0528792142868042
vt 0.2676774561405182 0.0528792142868042
vt 0.2676774561405182 0.0528792142868042
vt 0.5572096705436707 0.7508823871612549
vt 0.5335028171539307 0.681276261806488
vt 0.5572096705436707 0.7508823871612549
vt 0.5335028171539307 0.681276261806488
vt 0.5335028171539307 0.6964834928512573
vt 0.5335028171539307 0.6964834928512573
vt 0.5335028171539307 0.6964834928512573
vt 0.5335028171539307 0.6964834928512573
vt 0.5335028171539307 0.681276261806488
vt 0.5572096705436707 0.7508823871612549
vt 0.5335028171539307 0.681276261806488
vt 0.5572096705436707 0.7508823871612549
vt 0.5628117322921753 0.7508823871612549
vt 0.5635318160057068 0.681276261806488
vt 0.5628117322921753 0.7508823871612549
vt 0.5635318160057068 0.681276261806488
vt 0.5635318160057068 0.6964834928512573
vt 0.5635318160057068 0.6964834928512573
vt 0.5635318160057068 0.6964834928512573
vt 0.5635318160057068 0.6964834928512573
vt 0.5635318160057068 0.681276261806488
vt 0.5628117322921753 0.7508823871612549
vt 0.5635318160057068 0.681276261806488
vt 0.5628117322921753 0.7508823871612549
vt 0.5635318160057068 0.681276261806488
vt 0.5635318160057068 0.681276261806488
vt 0.5635318160057068 0.681276261806488
vt 0.5335028171539307 0.681276261806488
vt 0.5335028171539307 0.681276261806488
vt 0.5335028171539307 0.681276261806488
vt 0.5335028171539307 0.681276261806488
vt 0.5335028171539307 0.681276261806488
vt 0.5335028171539307 0.681276261806488
vt 0.5335028171539307 0.681276261806488
vt 0.5335028171539307 0.681276261806488
vt 0.5635318160057068 0.681276261806488
vt 0.5635318160057068 0.681276261806488
vt 0.5635318160057068 0.681276261806488
vt 0.5577665567398071 0.7095434069633484
vt 0.5577665567398071 0.7095434069633484
vt 0.5577665567398071 0.7095434069633484
vt 0.5521644949913025 0.7095434069633484
vt 0.5521644949913025 0.7095434069633484
vt 0.5521644949913025 0.7095434069633484
vt 0.5521644949913025 0.7095434069633484
vt 0.5521644949913025 0.7095434069633484
vt 0.5521644949913025 0.7095434069633484
vt 0.5521644949913025 0.7095434069633484
vt 0.5521644949913025 0.7095434069633484
vt 0.5577665567398071 0.7095434069633484
vt 0.5577665567398071 0.7095434069633484
vt 0.5577665567398071 0.7095434069633484
vt 0.558557391166687 0.7160226106643677
vt 0.558557391166687 0.7160226106643677
vt 0.558557391166687 0.7160226106643677
vt 0.558557391166687 0.7160226106643677
vt 0.558557391166687 0.7160226106643677
vt 0.558557391166687 0.7160226106643677
vt 0.558557391166687 0.7160226106643677
vt 0.5529552698135376 0.7160226106643677
vt 0.5529552698135376 0.7160226106643677
vt 0.5529552698135376 0.7160226106643677
vt 0.5529552698135376 0.7160226106643677
vt 0.5529552698135376 0.7160226106643677
vt 0.5529552698135376 0.7160226106643677
vt 0.5529552698135376 0.7160226106643677
vt 0.5529552698135376 0.7160226106643677
vt 0.5529552698135376 0.7160226106643677
vt 0.5192337036132812 0.7080024480819702
vt 0.5192337036132812 0.7080024480819702
vt 0.5192337036132812 0.7080024480819702
vt 0.5192337036132812 0.7080024480819702
vt 0.5192337036132812 0.7080024480819702
vt 0.5192337036132812 0.7080024480819702
vt 0.5202986001968384 0.7167285084724426
vt 0.5202986001968384 0.7167285084724426
vt 0.5202986001968384 0.7167285084724426
vt 0.5202986001968384 0.7167285084724426
vt 0.5202986001968384 0.7167285084724426
vt 0.5202986001968384 0.7167285084724426
vt 0.17766280472278595 0.6964834928512573
vt 0.17766280472278595 0.681276261806488
vt 0.17766280472278595 0.681276261806488
vt 0.17766280472278595 0.6964834928512573
vt 0.17258553206920624 0.5648866891860962
vt 0.17258553206920624 0.5648866891860962
vt 0.16939496994018555 0.4529738426208496
vt 0.16939496994018555 0.4529738426208496
vt 0.1752738505601883 0.5089301466941833
vt 0.1752738505601883 0.5089301466941833
vt 0.11132106184959412 0.09485232830047607
vt 0.11132106184959412 0.09485232830047607
vt 0.11132106184959412 0.09485232830047607
vt 0.11132106184959412 0.09485232830047607
vt 0.13807059824466705 0.2739129662513733
vt 0.13807059824466705 0.2739129662513733
vt 0.15234170854091644 0.36344361305236816
vt 0.15234170854091644 0.36344361305236816
vt 0.11132106184959412 0.0528792142868042
vt 0.11132106184959412 0.0528792142868042
vt 0.11132106184959412 0.0528792142868042
vt 0.11132106184959412 0.0528792142868042
vt 0.11132106184959412 0.0528792142868042
vt 0.11132106184959412 0.0528792142868042
vt 0.11132106184959412 0.0528792142868042
vt 0.11132106184959412 0.0528792142868042
vt 0.11137837171554565 0.0528792142868042
vt 0.11137837171554565 0.0528792142868042
vt 0.11137837171554565 0.0528792142868042
vt 0.11137837171554565 0.0528792142868042
vt 0.1528892070055008 0.6964834928512573
vt 0.1528892070055008 0.681276261806488
vt 0.15035058557987213 0.5648866891860962
vt 0.14875534176826477 0.4529738426208496
vt 0.14875534176826477 0.4529738426208496
vt 0.151694655418396 0.5089301466941833
vt 0.09192381799221039 0.09485232830047607
vt 0.09192381799221039 0.09485232830047607
vt 0.11919589340686798 0.2739129662513733
vt 0.13327963650226593 0.36344361305236816
vt 0.09192381799221039 0.0528792142868042
vt 0.09192381799221039 0.0528792142868042
vt 0.09192381799221039 0.0528792142868042
vt 0.09192381799221039 0.0528792142868042
vt 0.09419969469308853 0.0528792142868042
vt 0.09419969469308853 0.0528792142868042
vt 0.1528892070055008 0.681276261806488
vt 0.1528892070055008 0.6964834928512573
vt 0.15035058557987213 0.5648866891860962
vt 0.14875534176826477 0.4529738426208496
vt 0.151694655418396 0.5089301466941833
vt 0.09192381799221039 0.09485232830047607
vt 0.09192381799221039 0.09485232830047607
vt 0.11919589340686798 0.2739129662513733
vt 0.13327963650226593 0.36344361305236816
vt 0.13327963650226593 0.36344361305236816
vt 0.09192381799221039 0.0528792142868042
vt 0.09192381799221039 0.0528792142868042
vt 0.09192381799221039 0.0528792142868042
vt 0.09192381799221039 0.0528792142868042
vt 0.09419969469308853 0.0528792142868042
vt 0.09419969469308853 0.0528792142868042
vt 0.9544567465782166 0.6964834928512573
vt 0.9544567465782166 0.6964834928512573
vt 0.9544567465782166 0.6964834928512573
vt 0.9544567465782166 0.6964834928512573
vt 0.9544567465782166 0.6964834928512573
vt 0.9544567465782166 0.6964834928512573
vt 0.9201385974884033 0.6964834928512573
vt 0.9201385974884033 0.6964834928512573
vt 0.9201385974884033 0.6964834928512573
vt 0.9201385974884033 0.6964834928512573
vt 0.6265924572944641 0.7654262185096741
vt 0.6265924572944641 0.7654262185096741
vt 0.9665684103965759 0.7654262185096741
vt 0.9665684103965759 0.7654262185096741
vt 0.9665684103965759 0.7654262185096741
vt 0.9665684103965759 0.7654262185096741
vt 0.6265924572944641 0.7654262185096741
vt 0.6265924572944641 0.7654262185096741
vt 0.7430559992790222 0.7654262185096741
vt 0.7430559992790222 0.7654262185096741
vt 0.12811587750911713 0.7654262185096741
vt 0.12811587750911713 0.7654262185096741
vt 0.09579115360975266 0.7635070085525513
vt 0.09579115360975266 0.7635070085525513
vt 0.09579115360975266 0.7635070085525513
vt 0.0671553760766983 0.7600048184394836
vt 0.0671553760766983 0.7600048184394836
vt 0.0671553760766983 0.7600048184394836
vt 0.0671553760766983 0.7600048184394836
vt 0.029757685959339142 0.7523641586303711
vt 0.029757685959339142 0.7523641586303711
vt 0.029757685959339142 0.7523641586303711
vt 0.029757685959339142 0.7523641586303711
vt 0.01693555898964405 0.755983829498291
vt 0.10827787965536118 0.71921306848526
vt 0.5098032355308533 0.8346436023712158
vt 0.10827787965536118 0.71921306848526
vt 0.5098032355308533 0.8346436023712158
vt 0.01693555898964405 0.755983829498291
vt 0.9745824337005615 0.7743971347808838
vt 0.9745824337005615 0.7743971347808838
vt 0.9745824337005615 0.7743971347808838
vt 0.9745824337005615 0.7743971347808838
vt 0.977787971496582 0.7743971347808838
vt 0.977787971496582 0.7743971347808838
vt 0.5819769501686096 0.839224100112915
vt 0.977787971496582 0.7743971347808838
vt 0.5819769501686096 0.839224100112915
vt 0.977787971496582 0.7743971347808838
vt 0.37735408544540405 0.7654262185096741
vt 0.37735408544540405 0.7654262185096741
vt 0.5335028171539307 0.7654262185096741
vt 0.5335028171539307 0.7654262185096741
vt 0.5635318160057068 0.7654262185096741
vt 0.5635318160057068 0.7654262185096741
vt 0.17766280472278595 0.7654262185096741
vt 0.17766280472278595 0.7654262185096741
vt 0.1528892070055008 0.7654262185096741
vt 0.1528892070055008 0.7654262185096741
vt 0.9544567465782166 0.7654262185096741
vt 0.9544567465782166 0.7654262185096741
vt 0.9544567465782166 0.7654262185096741
vt 0.9544567465782166 0.7654262185096741
vt 0.9201385974884033 0.7654262185096741
vt 0.9201385974884033 0.7654262185096741
vt 0.9665684103965759 0.6964834928512573
vt 0.9665684103965759 0.6964834928512573
vt 0.7430559992790222 0.6964834928512573
vt 0.7430559992790222 0.6964834928512573
vt 0.6265924572944641 0.681276261806488
vt 0.7430559992790222 0.681276261806488
vt 0.7430559992790222 0.681276261806488
vt 0.11443882435560226 0.7103496789932251
vt 0.11443882435560226 0.7103496789932251
vt 0.10979912430047989 0.7103496789932251
vt 0.10979912430047989 0.7103496789932251
vt 0.10827787965536118 0.7139715552330017
vt 0.10827787965536118 0.7130040526390076
vt 0.10827787965536118 0.7130040526390076
vt 0.9745824337005615 0.709940493106842
vt 0.9745824337005615 0.709940493106842
vt 0.977787971496582 0.709940493106842
vt 0.977787971496582 0.709940493106842
vt 0.37735408544540405 0.681276261806488
vt 0.37735408544540405 0.681276261806488
vt 0.37735408544540405 0.681276261806488
vt 0.37735408544540405 0.681276261806488
vt 0.11833221465349197 0.6965410709381104
vt 0.11833221465349197 0.6965410709381104
vt 0.3518126904964447 0.5648866891860962
vt 0.3518126904964447 0.5648866891860962
vt 0.3518126904964447 0.5648866891860962
vt 0.3518126904964447 0.5648866891860962
vt 0.3518126904964447 0.5648866891860962
vt 0.3518126904964447 0.5648866891860962
vt 0.11833221465349197 0.6832636594772339
vt 0.11833221465349197 0.6832636594772339
vt 0.33576369285583496 0.4529738426208496
vt 0.33576369285583496 0.4529738426208496
vt 0.36533433198928833 0.5089301466941833
vt 0.36533433198928833 0.5089301466941833
vt 0.36533433198928833 0.5089301466941833
vt 0.36533433198928833 0.5089301466941833
vt 0.11833221465349197 0.6899023652076721
vt 0.11173706501722336 0.6407756805419922
vt 0.11173706501722336 0.6407756805419922
vt 0.2676774561405182 0.09485232830047607
vt 0.2676774561405182 0.09485232830047607
vt 0.29021379351615906 0.2739129662513733
vt 0.29021379351615906 0.2739129662513733
vt 0.11503460258245468 0.6620196104049683
vt 0.11503460258245468 0.6620196104049683
vt 0.11668342351913452 0.6726416945457458
vt 0.3059890568256378 0.36344361305236816
vt 0.3059890568256378 0.36344361305236816
vt 0.07252637296915054 0.0528792142868042
vt 0.05805956944823265 0.0528792142868042
vt 0.05059923231601715 0.0528792142868042
vt 0.11227177828550339 0.6357959508895874
vt 0.2676774561405182 0.0528792142868042
vt 0.2676774561405182 0.0528792142868042
vt 0.0770205408334732 0.0528792142868042
vt 0.24985122680664062 0.0528792142868042
vt 0.5335028171539307 0.681276261806488
vt 0.5335028171539307 0.681276261806488
vt 0.5635318160057068 0.681276261806488
vt 0.5635318160057068 0.681276261806488
vt 0.5572096705436707 0.7508823871612549
vt 0.5335028171539307 0.681276261806488
vt 0.5628117322921753 0.7508823871612549
vt 0.5635318160057068 0.681276261806488
vt 0.5521644949913025 0.7095434069633484
vt 0.5521644949913025 0.7095434069633484
vt 0.5577665567398071 0.7095434069633484
vt 0.5577665567398071 0.7095434069633484
vt 0.5529552698135376 0.7160226106643677
vt 0.5529552698135376 0.7160226106643677
vt 0.558557391166687 0.7160226106643677
vt 0.558557391166687 0.7160226106643677
vt 0.5192337036132812 0.7080024480819702
vt 0.5192337036132812 0.7080024480819702
vt 0.5202986001968384 0.7167285084724426
vt 0.5202986001968384 0.7167285084724426
vt 0.9544567465782166 0.6964834928512573
vt 0.9201385974884033 0.6964834928512573
vt 0.977787971496582 0.7743971347808838
vt 0.5819769501686096 0.839224100112915
vt 0.10827787965536118 0.71921306848526
vt 0.5098032355308533 0.8346436023712158
vt 0.6265924572944641 0.681276261806488
vt 0.11443882435560226 0.7103496789932251
vt 0.11443882435560226 0.7103496789932251
vt 0.10979912430047989 0.7103496789932251
vt 0.10979912430047989 0.7103496789932251
vt 0.10827787965536118 0.7139715552330017
vt 0.10827787965536118 0.7130040526390076
vt 0.10827787965536118 0.7130040526390076
vt 0.11833221465349197 0.6965410709381104
vt 0.11833221465349197 0.6965410709381104
vt 0.11833221465349197 0.6832636594772339
vt 0.11833221465349197 0.6832636594772339
vt 0.11833221465349197 0.6899023652076721
vt 0.11173706501722336 0.6407756805419922
vt 0.11173706501722336 0.6407756805419922
vt 0.11503460258245468 0.6620196104049683
vt 0.11503460258245468 0.6620196104049683
vt 0.11668342351913452 0.6726416945457458
vt 0.07252637296915054 0.0528792142868042
vt 0.05805956944823265 0.0528792142868042
vt 0.05059923231601715 0.0528792142868042
vt 0.11227177828550339 0.6357959508895874
vt 0.0770205408334732 0.0528792142868042
vt 0.5529552698135376 0.7160226106643677
vt 0.5529552698135376 0.7160226106643677
vt 0.5202986001968384 0.7167285084724426
vt 0.5202986001968384 0.7167285084724426
vt 0.977787971496582 0.7743971347808838
vt 0.5819769501686096 0.839224100112915
vt 0.9665684103965759 0.6964834928512573
vt 0.9665684103965759 0.6964834928512573
vt 0.7430559992790222 0.6964834928512573
vt 0.7430559992790222 0.6964834928512573
vt 0.7430559992790222 0.681276261806488
vt 0.7430559992790222 0.681276261806488
vt 0.9745824337005615 0.709940493106842
vt 0.9745824337005615 0.709940493106842
vt 0.977787971496582 0.709940493106842
vt 0.977787971496582 0.709940493106842
vt 0.37735408544540405 0.681276261806488
vt 0.37735408544540405 0.681276261806488
vt 0.37735408544540405 0.681276261806488
vt 0.37735408544540405 0.681276261806488
vt 0.3518126904964447 0.5648866891860962
vt 0.3518126904964447 0.5648866891860962
vt 0.3518126904964447 0.5648866891860962
vt 0.3518126904964447 0.5648866891860962
vt 0.3518126904964447 0.5648866891860962
vt 0.3518126904964447 0.5648866891860962
vt 0.33576369285583496 0.4529738426208496
vt 0.33576369285583496 0.4529738426208496
vt 0.36533433198928833 0.5089301466941833
vt 0.36533433198928833 0.5089301466941833
vt 0.36533433198928833 0.5089301466941833
vt 0.36533433198928833 0.5089301466941833
vt 0.2676774561405182 0.09485232830047607
vt 0.2676774561405182 0.09485232830047607
vt 0.29021379351615906 0.2739129662513733
vt 0.29021379351615906 0.2739129662513733
vt 0.3059890568256378 0.36344361305236816
vt 0.3059890568256378 0.36344361305236816
vt 0.2676774561405182 0.0528792142868042
vt 0.2676774561405182 0.0528792142868042
vt 0.24985122680664062 0.0528792142868042
vt 0.5335028171539307 0.681276261806488
vt 0.5335028171539307 0.681276261806488
vt 0.5635318160057068 0.681276261806488
vt 0.5635318160057068 0.681276261806488
vt 0.5572096705436707 0.7508823871612549
vt 0.5335028171539307 0.681276261806488
vt 0.5628117322921753 0.7508823871612549
vt 0.5635318160057068 0.681276261806488
vt 0.5521644949913025 0.7095434069633484
vt 0.5521644949913025 0.7095434069633484
vt 0.5577665567398071 0.7095434069633484
vt 0.5577665567398071 0.7095434069633484
vt 0.558557391166687 0.7160226106643677
vt 0.558557391166687 0.7160226106643677
vt 0.5192337036132812 0.7080024480819702
vt 0.5192337036132812 0.7080024480819702
vt 0.9544567465782166 0.6964834928512573
vt 0.9201385974884033 0.6964834928512573
vt 0.10827787965536118 0.71921306848526
vt 0.5098032355308533 0.8346436023712158
vt 0.9665684103965759 0.6964834928512573
vt 0.9665684103965759 0.6964834928512573
vt 0.7430559992790222 0.6964834928512573
vt 0.7430559992790222 0.6964834928512573
vt 0.7430559992790222 0.681276261806488
vt 0.7430559992790222 0.681276261806488
vt 0.9745824337005615 0.709940493106842
vt 0.9745824337005615 0.709940493106842
vt 0.977787971496582 0.709940493106842
vt 0.977787971496582 0.709940493106842
vt 0.37735408544540405 0.681276261806488
vt 0.37735408544540405 0.681276261806488
vt 0.37735408544540405 0.681276261806488
vt 0.37735408544540405 0.681276261806488
vt 0.3518126904964447 0.5648866891860962
vt 0.3518126904964447 0.5648866891860962
vt 0.3518126904964447 0.5648866891860962
vt 0.3518126904964447 0.5648866891860962
vt 0.3518126904964447 0.5648866891860962
vt 0.3518126904964447 0.5648866891860962
vt 0.33576369285583496 0.4529738426208496
vt 0.33576369285583496 0.4529738426208496
vt 0.36533433198928833 0.5089301466941833
vt 0.36533433198928833 0.5089301466941833
vt 0.36533433198928833 0.5089301466941833
vt 0.36533433198928833 0.5089301466941833
vt 0.2676774561405182 0.09485232830047607
vt 0.2676774561405182 0.09485232830047607
vt 0.29021379351615906 0.2739129662513733
vt 0.29021379351615906 0.2739129662513733
vt 0.3059890568256378 0.36344361305236816
vt 0.3059890568256378 0.36344361305236816
vt 0.2676774561405182 0.0528792142868042
vt 0.2676774561405182 0.0528792142868042
vt 0.24985122680664062 0.0528792142868042
vt 0.5335028171539307 0.681276261806488
vt 0.5335028171539307 0.681276261806488
vt 0.5635318160057068 0.681276261806488
vt 0.5635318160057068 0.681276261806488
vt 0.5572096705436707 0.7508823871612549
vt 0.5335028171539307 0.681276261806488
vt 0.5628117322921753 0.7508823871612549
vt 0.5635318160057068 0.681276261806488
vt 0.5521644949913025 0.7095434069633484
vt 0.5521644949913025 0.7095434069633484
vt 0.5521644949913025 0.7095434069633484
vt 0.5577665567398071 0.7095434069633484
vt 0.5577665567398071 0.7095434069633484
vt 0.558557391166687 0.7160226106643677
vt 0.558557391166687 0.7160226106643677
vt 0.5192337036132812 0.7080024480819702
vt 0.5192337036132812 0.7080024480819702
vt 0.5192337036132812 0.7080024480819702
vt 0.9544567465782166 0.6964834928512573
vt 0.9201385974884033 0.6964834928512573
vt 0.10827787965536118 0.71921306848526
vt 0.5098032355308533 0.8346436023712158
vt 0.6265924572944641 0.681276261806488
vt 0.11443882435560226 0.7103496789932251
vt 0.11443882435560226 0.7103496789932251
vt 0.10979912430047989 0.7103496789932251
vt 0.10979912430047989 0.7103496789932251
vt 0.10827787965536118 0.7139715552330017
vt 0.10827787965536118 0.7130040526390076
vt 0.10827787965536118 0.7130040526390076
vt 0.11833221465349197 0.6965410709381104
vt 0.11833221465349197 0.6965410709381104
vt 0.11833221465349197 0.6832636594772339
vt 0.11833221465349197 0.6832636594772339
vt 0.11833221465349197 0.6899023652076721
vt 0.11173706501722336 0.6407756805419922
vt 0.11173706501722336 0.6407756805419922
vt 0.11503460258245468 0.6620196104049683
vt 0.11503460258245468 0.6620196104049683
vt 0.11668342351913452 0.6726416945457458
vt 0.07252637296915054 0.0528792142868042
vt 0.05805956944823265 0.0528792142868042
vt 0.05059923231601715 0.0528792142868042
vt 0.11227177828550339 0.6357959508895874
vt 0.0770205408334732 0.0528792142868042
vt 0.5529552698135376 0.7160226106643677
vt 0.5529552698135376 0.7160226106643677
vt 0.5202986001968384 0.7167285084724426
vt 0.5202986001968384 0.7167285084724426
vt 0.977787971496582 0.7743971347808838
vt 0.5819769501686096 0.839224100112915
vt 0.3518126904964447 0.5648866891860962
vt 0.3518126904964447 0.5648866891860962
vt 0.3518126904964447 0.5648866891860962
vt 0.3518126904964447 0.5648866891860962
vt 0.3518126904964447 0.5648866891860962
vt 0.3518126904964447 0.5648866891860962
vt 0.3518126904964447 0.5648866891860962
vt 0.3518126904964447 0.5648866891860962
vt 0.36533433198928833 0.5089301466941833
vt 0.36533433198928833 0.5089301466941833
vt 0.36533433198928833 0.5089301466941833
vt 0.36533433198928833 0.5089301466941833
vt 0.36533433198928833 0.5089301466941833
vt 0.36533433198928833 0.5089301466941833
vt 0.36533433198928833 0.5089301466941833
vt 0.36533433198928833 0.5089301466941833
vt 0.36533433198928833 0.5089301466941833
vt 0.36533433198928833 0.5089301466941833
vt 0.37735408544540405 0.6609985828399658
vt 0.37735408544540405 0.681276261806488
vt 0.37735408544540405 0.681276261806488
vt 0.37735408544540405 0.681276261806488
vt 0.37735408544540405 0.681276261806488
vt 0.37735408544540405 0.681276261806488
vt 0.37735408544540405 0.681276261806488
vt 0.37735408544540405 0.681276261806488
vt 0.3518126904964447 0.5648866891860962
vt 0.3518126904964447 0.5648866891860962
vt 0.3518126904964447 0.5648866891860962
vt 0.3518126904964447 0.5648866891860962
vt 0.3518126904964447 0.5648866891860962
vt 0.3518126904964447 0.5648866891860962
vt 0.3518126904964447 0.5648866891860962
vt 0.3518126904964447 0.5648866891860962
vt 0.3518126904964447 0.5648866891860962
vt 0.3518126904964447 0.5648866891860962
vt 0.3518126904964447 0.5648866891860962
vt 0.3518126904964447 0.5648866891860962
vt 0.3518126904964447 0.5648866891860962
vt 0.3518126904964447 0.5648866891860962
vt 0.3518126904964447 0.5648866891860962
vt 0.3518126904964447 0.5648866891860962
vt 0.36533433198928833 0.5089301466941833
vt 0.36533433198928833 0.5089301466941833
vt 0.36533433198928833 0.5089301466941833
vt 0.36533433198928833 0.5089301466941833
vt 0.36533433198928833 0.5089301466941833
vt 0.36533433198928833 0.5089301466941833
vt 0.36533433198928833 0.5089301466941833
vt 0.36533433198928833 0.5089301466941833
vt 0.36533433198928833 0.5089301466941833
vt 0.36533433198928833 0.5089301466941833
vt 0.37735408544540405 0.681276261806488
vt 0.37735408544540405 0.681276261806488
vt 0.37735408544540405 0.681276261806488
vt 0.37735408544540405 0.681276261806488
vt 0.37735408544540405 0.681276261806488
vt 0.37735408544540405 0.681276261806488
vt 0.37735408544540405 0.681276261806488
vt 0.37735408544540405 0.6609985828399658
vt 0.3518126904964447 0.5648866891860962
vt 0.3518126904964447 0.5648866891860962
vt 0.3518126904964447 0.5648866891860962
vt 0.3518126904964447 0.5648866891860962
vt 0.3518126904964447 0.5648866891860962
vt 0.3518126904964447 0.5648866891860962
vt 0.3518126904964447 0.5648866891860962
vt 0.3518126904964447 0.5648866891860962
vt 0.4216826856136322 0.5662634968757629
vt 0.40908345580101013 0.5662634968757629
vt 0.40908345580101013 0.5662634968757629
vt 0.4216826856136322 0.5662634968757629
vt 0.4216826856136322 0.5662634968757629
vt 0.40908345580101013 0.5662634968757629
vt 0.4343043863773346 0.5103069543838501
vt 0.4343043863773346 0.5103069543838501
vt 0.4343043863773346 0.5103069543838501
vt 0.4343043863773346 0.5103069543838501
vt 0.4343043863773346 0.5103069543838501
vt 0.4343043863773346 0.5103069543838501
vt 0.42260509729385376 0.5103069543838501
vt 0.42260509729385376 0.5103069543838501
vt 0.42877528071403503 0.652912437915802
vt 0.43462491035461426 0.6826530694961548
vt 0.43462491035461426 0.6826530694961548
vt 0.42877528071403503 0.652912437915802
vt 0.42877528071403503 0.652912437915802
vt 0.43462491035461426 0.6826530694961548
vt 0.4216826856136322 0.5662634968757629
vt 0.40908345580101013 0.5662634968757629
vt 0.4216826856136322 0.5662634968757629
vt 0.40908345580101013 0.5662634968757629
vt 0.4216826856136322 0.5662634968757629
vt 0.40908345580101013 0.5662634968757629
vt 0.4216826856136322 0.5662634968757629
vt 0.40908345580101013 0.5662634968757629
vt 0.4216826856136322 0.5662634968757629
vt 0.40908345580101013 0.5662634968757629
vt 0.4216826856136322 0.5662634968757629
vt 0.40908345580101013 0.5662634968757629
vt 0.42260509729385376 0.5103069543838501
vt 0.42260509729385376 0.5103069543838501
vt 0.4343043863773346 0.5103069543838501
vt 0.4343043863773346 0.5103069543838501
vt 0.4343043863773346 0.5103069543838501
vt 0.4343043863773346 0.5103069543838501
vt 0.4343043863773346 0.5103069543838501
vt 0.4343043863773346 0.5103069543838501
vt 0.42877528071403503 0.652912437915802
vt 0.43462491035461426 0.6826530694961548
vt 0.42877528071403503 0.652912437915802
vt 0.43462491035461426 0.6826530694961548
vt 0.42877528071403503 0.652912437915802
vt 0.43462491035461426 0.6826530694961548
vt 0.40908345580101013 0.5662634968757629
vt 0.40908345580101013 0.5662634968757629
vt 0.4216826856136322 0.5662634968757629
vt 0.40908345580101013 0.5662634968757629
vt 0.4216826856136322 0.5662634968757629
vt 0.4216826856136322 0.5662634968757629
vt 0.3438779413700104 0.4830836057662964
vt 0.3438779413700104 0.4830836057662964
vt 0.3438779413700104 0.4830836057662964
vt 0.3920249342918396 0.4830836057662964
vt 0.3438779413700104 0.4830836057662964
vt 0.3438779413700104 0.4830836057662964
vt 0.3438779413700104 0.4830836057662964
vt 0.3438779413700104 0.4830836057662964
vt 0.3920249342918396 0.4830836057662964
vt 0.3438779413700104 0.4830836057662964
vt 0.3438779413700104 0.4830836057662964
vt 0.3438779413700104 0.4830836057662964
vt 0.4011487662792206 0.48446035385131836
vt 0.4492957592010498 0.48446035385131836
vt 0.4011487662792206 0.48446035385131836
vt 0.4492957592010498 0.48446035385131836
vt 0.4011487662792206 0.48446035385131836
vt 0.4492957592010498 0.48446035385131836
vt 0.4011487662792206 0.48446035385131836
vt 0.4492957592010498 0.48446035385131836
vt 0.4492957592010498 0.48446035385131836
vt 0.4011487662792206 0.48446035385131836
vt 0.4011487662792206 0.48446035385131836
vt 0.4492957592010498 0.48446035385131836
vn -1 0 0
vn -1 0 0
vn -1 0 0
vn -0.9999999999998243 0 5.928959753147488e-7
vn 0 -1 0
vn 0 -0.6636553279844353 -0.7480385054513382
vn 1 0 0
vn 1 0 0
vn 0 -1 0
vn 0 -0.6636553279844353 -0.7480385054513382
vn 1 0 0
vn 0.9999999999998243 0 5.928959753147488e-7
vn -1 0 0
vn -1 0 0
vn 0 -1 0
vn 0 0 -1
vn 0 -1 0
vn 0 0 -1
vn 1 0 0
vn 1 0 0
vn -1 0 0
vn 0 -1 0
vn 0 0 -1
vn -1 0 0
vn -1 0 0
vn 0 -1 0
vn 0 -1 0
vn 1 0 0
vn 1 0 0
vn 0 -1 0
vn 0 0 -1
vn 1 0 0
vn -1 0 0
vn 1 0 0
vn -1 0 0
vn 1 0 0
vn -1 0 0
vn -1 0 0
vn 1 0 0
vn -1 0 0
vn 1 0 0
vn -1 0 0
vn -1 0 0
vn 1 0 0
vn 1 0 0
vn -1 0 0
vn 0 -1 0
vn 0 -0.3872706716251681 0.9219660660235772
vn 0 -1 0
vn 0 -0.3872706716251681 0.9219660660235772
vn 1 0 0
vn -0.9999999999998781 0 -4.94025108712085e-7
vn -1 0 0
vn -0.9999999999999649 0 -2.6449114533661415e-7
vn 0.9999999999998781 0 -4.940250754608259e-7
vn 0.9999999999999649 0 -2.6449114533661415e-7
vn 1 0 0
vn 1 0 0
vn -1 0 0
vn -0.9999999999999649 0 -2.6449114533661415e-7
vn 0 -1 0
vn 0 -0.649325715970446 0.7605104302897282
vn 0 -1 0
vn 0 -0.649325715970446 0.7605104302897282
vn 0.9999999999999649 0 -2.6449114533661415e-7
vn 1 0 0
vn -0.9999999999998781 0 -4.94025108712085e-7
vn -0.9999999999999649 0 -2.6449114533661415e-7
vn 0 0 1
vn 0 0 1
vn 0.9999999999998781 0 -4.940250754608259e-7
vn 0.9999999999999649 0 -2.6449114533661415e-7
vn -0.9999999999999649 0 -2.6449114533661415e-7
vn 0 -0.649325715970446 0.7605104302897282
vn 0 0 1
vn 0 -0.649325715970446 0.7605104302897282
vn 0 0 1
vn 0.9999999999999649 0 -2.6449114533661415e-7
vn -1 0 0
vn -0.9999999999998243 0 5.928959753147488e-7
vn 0 -1 0
vn 0 -0.6636553279844353 -0.7480385054513382
vn 0 -1 0
vn 0 -0.6636553279844353 -0.7480385054513382
vn 1 0 0
vn 0.9999999999998243 0 5.928959753147488e-7
vn -1 0 0
vn 0 -1 0
vn 0 0 -1
vn 0 -1 0
vn 0 0 -1
vn 1 0 0
vn -1 0 0
vn -1 0 0
vn 0 -1 0
vn 0 -0.31073886144278623 -0.9504953234967759
vn 1 0 0
vn 1 0 0
vn -1 0 0
vn -1 0 0
vn 0 -1 0
vn 0 -0.31073886144278623 -0.9504953234967759
vn 1 0 0
vn 1 0 0
vn -1 0 0
vn 1 0 0
vn 0 -0.31073886144278623 -0.9504953234967759
vn 0 0.33871954394037646 -0.9408873846283748
vn 1 0 0
vn -1 0 0
vn -1 0 0
vn 0 -0.3872706716251681 0.9219660660235772
vn 0 0 1
vn 1 0 0
vn 0 -0.3872706716251681 0.9219660660235772
vn 0 0 1
vn 1 0 0
vn -1 0 0
vn 0 -0.31073886144278623 -0.9504953234967759
vn 0 0.33871954394037646 -0.9408873846283748
vn -1 0 0
vn 1 0 0
vn 1 0 0
vn 0 -0.6185866575585007 -0.7857165819114437
vn 0 -0.4439446420408164 -0.8960542142098609
vn 1 0 0
vn -1 0 0
vn -1 0 0
vn 0 0 1
vn 0 0.2253041929466472 0.9742884689046977
vn 1 0 0
vn 0 0 1
vn 0 0.2253041929466472 0.9742884689046977
vn 1 0 0
vn -1 0 0
vn 0 -0.6185866575585007 -0.7857165819114437
vn 0 -0.4439446420408164 -0.8960542142098609
vn 0 0 1
vn 1 0 0
vn -1 0 0
vn 0 0 1
vn 1 0 0
vn 1 0 0
vn -1 0 0
vn 0 -0.6185866575585007 -0.7857165819114437
vn 0 0.33871954394037646 -0.9408873846283748
vn 1 0 0
vn -1 0 0
vn 0 -0.6185866575585007 -0.7857165819114437
vn 0 0.33871954394037646 -0.9408873846283748
vn -1 0 0
vn -1 0 0
vn 1 0 0
vn 0 -0.184288583170518 -0.9828721779117582
vn 0 0 -1
vn 1 0 0
vn -1 0 0
vn -1 0 0
vn 0 -0.2248597968261607 0.9743911287420969
vn 0 0.22530426609681112 0.9742884519887206
vn 1 0 0
vn 0 -0.2248597968261607 0.9743911287420969
vn 0 0.22530426609681112 0.9742884519887206
vn 1 0 0
vn -1 0 0
vn 0 -0.184288583170518 -0.9828721779117582
vn 0 0 -1
vn 0 -0.25389812015262797 -0.9672309675475458
vn 0 -0.184288583170518 -0.9828721779117582
vn 1 0 0
vn 1 0 0
vn -1 0 0
vn 0 -0.25389812015262797 -0.9672309675475458
vn 0 -0.184288583170518 -0.9828721779117582
vn -1 0 0
vn -1 0 0
vn 0 0.2253041929466472 0.9742884689046977
vn 0 0.22530426609681112 0.9742884519887206
vn 0 0.2253041929466472 0.9742884689046977
vn 0 0.22530426609681112 0.9742884519887206
vn 1 0 0
vn 1 0 0
vn -1 0 0
vn 0 -0.4439446420408164 -0.8960542142098609
vn 0 -0.25389812015262797 -0.9672309675475458
vn 1 0 0
vn -1 0 0
vn 0 0.2253041929466472 0.9742884689046977
vn 1 0 0
vn 1 0 0
vn 1 0 0
vn -1 0 0
vn 0 -0.4439446420408164 -0.8960542142098609
vn 0 -0.25389812015262797 -0.9672309675475458
vn -1 0 0
vn 0 0.2253041929466472 0.9742884689046977
vn 1 0 0
vn -1 0 0
vn 0 -1 0
vn 0 -1 0
vn -0.000006065352361718563 -0.9999999999816057 0
vn 0 -1 0
vn -1 0 0
vn 0 -1 0
vn -1 0 0
vn 0 -1 0
vn 0 -0.2248597968261607 0.9743911287420969
vn 0 -1 0
vn 1 0 0
vn 0 -1 0
vn 0 -0.2248597968261607 0.9743911287420969
vn 1 0 0
vn 0 -1 0
vn 0.000006065352361718563 -0.9999999999816057 0
vn -1 0 0
vn 0 -1 0
vn 0 -1 0
vn 1 0 0
vn -0.000006065352361718563 -0.9999999999816057 0
vn 0 -1 0
vn 0 0 -1
vn 1 0 0
vn -1 0 0
vn 0 -1 0
vn 0 0 -1
vn 0.000006065352361718563 -0.9999999999816057 0
vn -1 0 0
vn 0 -1 0
vn 0 0.17888536111917192 0.9838699241145973
vn 0 1 0
vn 1 0 0
vn 1 0 0
vn -1 0 0
vn -1 0 0
vn 0 -1 0
vn 0 0.17888536111917192 0.9838699241145973
vn 0 1 0
vn 1 0 0
vn -1 0 0
vn 0 -1 0
vn 0 -0.17888550060997233 -0.9838698987526346
vn 0 1 0
vn 1 0 0
vn 1 0 0
vn -1 0 0
vn -1 0 0
vn 0 -1 0
vn 0 -0.17888550060997233 -0.9838698987526346
vn 0 1 0
vn 1 0 0
vn 0 -1 0
vn 0 1 0
vn 1 0 0
vn 0 -1 0
vn 0 -1 0
vn 0 1 0
vn 1 0 0
vn -1 0 0
vn 0 -1 0
vn 0 -1 0
vn 0 1 0
vn -1 0 0
vn 0 -1 0
vn 0 1 0
vn 0 -1 0
vn 0 -0.17888543861406236 -0.9838699100246204
vn 1 0 0
vn 0 -1 0
vn 0 -0.9995070434185468 -0.0313953843218254
vn 0.9997253943638148 -0.004191927054430193 -0.023055663332144646
vn 1 0 0
vn -1 0 0
vn -0.9997253943638148 -0.004191927054430193 -0.023055663332144646
vn 0 -1 0
vn 0 -0.9995070432033281 -0.031395391173557045
vn -1 0 0
vn 0 -1 0
vn 0 -0.17888543861406236 -0.9838699100246204
vn 0 -0.17888550060997233 -0.9838698987526346
vn 0 -0.17888543861406236 -0.9838699100246204
vn 1 0 0
vn 1 0 0
vn -1 0 0
vn 0 -0.17888550060997233 -0.9838698987526346
vn 0 -0.17888543861406236 -0.9838699100246204
vn -1 0 0
vn -0.9997253943638148 -0.004191927054430193 -0.023055663332144646
vn 0 0.17888536111917192 0.9838699241145973
vn 0 0.9998947651974103 -0.014507188935693461
vn 0 0.17888536111917192 0.9838699241145973
vn 0 0.9998947651974103 -0.014507188935693461
vn 0.9997253943638148 -0.004191927054430193 -0.023055663332144646
vn 1 0 0
vn 1 0 0
vn 0 -0.9995070434185468 -0.0313953843218254
vn 0 0.17888469980484972 0.9838700443532818
vn 0.9997253943638148 -0.004191927054430193 -0.023055663332144646
vn -0.9997253943638148 -0.004191927054430193 -0.023055663332144646
vn 0 -0.9995070432033281 -0.031395391173557045
vn 0 0.17888469980484972 0.9838700443532818
vn -0.9997253943638148 -0.004191927054430193 -0.023055663332144646
vn 0 0.17888469980484972 0.9838700443532818
vn 0 0.9998947651974103 -0.014507188935693461
vn 0 0.17888469980484972 0.9838700443532818
vn 0 0.9998947651974103 -0.014507188935693461
vn 0.9997253943638148 -0.004191927054430193 -0.023055663332144646
vn -1 0 0
vn 1 0 0
vn -1 0 0
vn 1 0 0
vn 1 0 0
vn -1 0 0
vn 1 0 0
vn -1 0 0
vn -1 0 0
vn 1 0 0
vn 1 0 0
vn 1 0 0
vn -1 0 0
vn -1 0 0
vn 1 0 0
vn -1 0 0
vn -1 0 0
vn 1 0 0
vn -0.0000061113138764603685 -0.9999999999813258 0
vn -0.000006065352361718563 -0.9999999999816057 0
vn 1 0 0
vn 1 0 0
vn -1 0 0
vn -1 0 0
vn 0.000006065352361718563 -0.9999999999816057 0
vn 0.0000061113138764603685 -0.9999999999813258 0
vn -0.0000061113138764603685 -0.9999999999813258 0
vn -0.000006065352361718563 -0.9999999999816057 0
vn 0.000006065352361718563 -0.9999999999816057 0
vn 0.0000061113138764603685 -0.9999999999813258 0
vn -1 0 0
vn 1 0 0
vn 1 0 0
vn 1 0 0
vn 1 0 0
vn -1 0 0
vn 1 0 0
vn 1 0 0
vn -1 0 0
vn -1 0 0
vn -0.0000061113138764603685 -0.9999999999813258 0
vn 0 -1 0
vn 1 0 0
vn 1 0 0
vn -0.0000061113138764603685 -0.9999999999813258 0
vn 0 -1 0
vn -1 0 0
vn 1 0 0
vn -1 0 0
vn -1 0 0
vn 1 0 0
vn -1 0 0
vn -1 0 0
vn 1 0 0
vn 1 0 0
vn 1 0 0
vn -1 0 0
vn -1 0 0
vn 0 -1 0
vn 0.0000061113138764603685 -0.9999999999813258 0
vn 0 -1 0
vn 0.0000061113138764603685 -0.9999999999813258 0
vn 0 -1 0
vn 1 0 0
vn 1 0 0
vn -1 0 0
vn -1 0 0
vn 0 -1 0
vn -1 0 0
vn 0 -1 0
vn 0 -1 0
vn 1 0 0
vn -1 0 0
vn -1 0 0
vn -1 0 0
vn -0.9999999999998243 0 5.928959753147488e-7
vn 1 0 0
vn 0.9999999999998243 0 5.928959753147488e-7
vn 1 0 0
vn 1 0 0
vn 1 0 0
vn -1 0 0
vn -1 0 0
vn 1 0 0
vn -1 0 0
vn -1 0 0
vn 1 0 0
vn -1 0 0
vn -1 0 0
vn 1 0 0
vn 1 0 0
vn -0.9999999999998781 0 -4.94025108712085e-7
vn -1 0 0
vn 0.9999999999998781 0 -4.940250754608259e-7
vn 1 0 0
vn -0.9999999999998781 0 -4.94025108712085e-7
vn 0 0 1
vn 0 0.9999165322674123 0.012920081203804156
vn 0 0 1
vn 0 0.9999165322674123 0.012920081203804156
vn 0.9999999999998781 0 -4.940250754608259e-7
vn -1 0 0
vn -0.9999999999998243 0 5.928959753147488e-7
vn 1 0 0
vn 0.9999999999998243 0 5.928959753147488e-7
vn -1 0 0
vn 0 0 -1
vn 0 0.9999165322674123 0.012920081203804156
vn 0 0 -1
vn 0 0.9999165322674123 0.012920081203804156
vn 1 0 0
vn 1 0 0
vn -1 0 0
vn -1 0 0
vn 1 0 0
vn 1 0 0
vn -1 0 0
vn 1 0 0
vn -1 0 0
vn 1 0 0
vn -1 0 0
vn 1 0 0
vn 1 0 0
vn -1 0 0
vn -1 0 0
vn -1 0 0
vn 1 0 0
vn 0 -1 0
vn 0 -0.6636553279844353 -0.7480385054513382
vn 0 -1 0
vn 0 0 -1
vn 0 -1 0
vn 0 -1 0
vn 0 0 -1
vn 0 -1 0
vn 0 -0.3872706716251681 0.9219660660235772
vn 0 -1 0
vn 0 -0.649325715970446 0.7605104302897282
vn 0 0 1
vn 0 -0.649325715970446 0.7605104302897282
vn 0 0 1
vn 0 -1 0
vn 0 -0.6636553279844353 -0.7480385054513382
vn 0 -1 0
vn 0 0 -1
vn 0 -1 0
vn 0 -1 0
vn 0 -0.31073876570497244 -0.9504953547956719
vn 0 0.31073876570497244 0.9504953547956719
vn 0 -0.3872706716251681 0.9219660660235772
vn 0 0 1
vn 0 -1 0
vn 0 -0.33871954394037646 0.9408873846283748
vn 0 -0.31073876570497244 -0.9504953547956719
vn 0 0.31073876570497244 0.9504953547956719
vn 0 0.33871954394037646 -0.9408873846283748
vn 0 1 0
vn 0 0 1
vn 0 0.2253041929466472 0.9742884689046977
vn 0 -0.6185866575585007 -0.7857165819114437
vn 0 -0.4439446420408164 -0.8960542142098609
vn 0 -0.6185866575585007 -0.7857165819114437
vn 0 -0.33871954394037646 0.9408873846283748
vn 0 0.33871954394037646 -0.9408873846283748
vn 0 1 0
vn 0 0 1
vn 0 -0.2248597968261607 0.9743911287420969
vn 0 0.22530426609681112 0.9742884519887206
vn 0 -0.184288583170518 -0.9828721779117582
vn 0 0 -1
vn 0 -0.25389812015262797 -0.9672309675475458
vn 0 -0.184288583170518 -0.9828721779117582
vn 0 0.2253041929466472 0.9742884689046977
vn 0 0.22530426609681112 0.9742884519887206
vn 0 0.2253041929466472 0.9742884689046977
vn 0 -0.4439446420408164 -0.8960542142098609
vn 0 -0.25389812015262797 -0.9672309675475458
vn 0 -1 0
vn 0 -1 0
vn 0 -1 0
vn 0 -0.2248597968261607 0.9743911287420969
vn 0 -1 0
vn 0 0 -1
vn 0 -1 0
vn 0 -1 0
vn 0 -1 0
vn 0 1 0
vn 0 -1 0
vn 0 1 0
vn 0 0.17888536111917192 0.9838699241145973
vn 0 1 0
vn 0 -0.17888550060997233 -0.9838698987526346
vn 0 1 0
vn 0 -1 0
vn 0 -0.9995070434185468 -0.0313953843218254
vn 0 -1 0
vn 0 -0.17888543861406236 -0.9838699100246204
vn 0 0.17888536111917192 0.9838699241145973
vn 0 0.9998947651974103 -0.014507188935693461
vn 0 -0.17888550060997233 -0.9838698987526346
vn 0 -0.17888543861406236 -0.9838699100246204
vn 0 -0.9995070434185468 -0.0313953843218254
vn 0 0.17888469980484972 0.9838700443532818
vn 0 0.17888469980484972 0.9838700443532818
vn 0 0.9998947651974103 -0.014507188935693461
vn 0 -1 0
vn 0 -1 0
vn 0 0 -1
vn 0 0.9999165322674123 0.012920081203804156
vn 0 0 1
vn 0 0.9999165322674123 0.012920081203804156
vn 0 -1 0
vn 0 -1 0
vn 0 -0.3872706716251681 0.9219660660235772
vn 0 -1 0
vn 0 -0.649325715970446 0.7605104302897282
vn 0 0 1
vn 0 -0.649325715970446 0.7605104302897282
vn 0 0 1
vn 0 -0.3872706716251681 0.9219660660235772
vn 0 0 1
vn 0 0 1
vn 0 0.2253041929466472 0.9742884689046977
vn 0 0 1
vn 0 -0.2248597968261607 0.9743911287420969
vn 0 0.22530426609681112 0.9742884519887206
vn 0 0.2253041929466472 0.9742884689046977
vn 0 0.22530426609681112 0.9742884519887206
vn 0 0.2253041929466472 0.9742884689046977
vn 0 -1 0
vn 0 -1 0
vn 0 -1 0
vn 0 -0.2248597968261607 0.9743911287420969
vn 0 -1 0
vn 0 0.17888536111917192 0.9838699241145973
vn 0 0.9998947651974103 -0.014507188935693461
vn 0 0.17888469980484972 0.9838700443532818
vn 0 0.9998947651974103 -0.014507188935693461
vn 0 0 -1
vn 0 0.9999165322674123 0.012920081203804156
vn 0 -1 0
vn 0 -0.6636553279844353 -0.7480385054513382
vn 0 -1 0
vn 0 0 -1
vn 0 -1 0
vn 0 0 -1
vn 0 -1 0
vn 0 -0.6636553279844353 -0.7480385054513382
vn 0 -1 0
vn 0 0 -1
vn 0 -1 0
vn 0 -1 0
vn 0 -0.31073886144278623 -0.9504953234967759
vn 0 -0.3107387206195784 -0.9504953695351216
vn 0 -1 0
vn 0 -0.31073886144278623 -0.9504953234967759
vn 0 -0.3107387206195784 -0.9504953695351216
vn 0 0.33871954394037646 -0.9408873846283748
vn 0 0.3387196260897882 -0.9408873550545751
vn 0 1 0
vn 0 -0.6185866575585007 -0.7857165819114437
vn 0 -0.4439446420408164 -0.8960542142098609
vn 0 -0.6185866575585007 -0.7857165819114437
vn 0 0.33871954394037646 -0.9408873846283748
vn 0 0.3387196260897882 -0.9408873550545751
vn 0 1 0
vn 0 -0.184288583170518 -0.9828721779117582
vn 0 0 -1
vn 0 -0.25389812015262797 -0.9672309675475458
vn 0 -0.184288583170518 -0.9828721779117582
vn 0 -0.4439446420408164 -0.8960542142098609
vn 0 -0.25389812015262797 -0.9672309675475458
vn 0 -1 0
vn 0 0 -1
vn 0 -1 0
vn 0 -1 0
vn 0 1 0
vn 0 -1 0
vn 0 1 0
vn 0 0.17888536111917192 0.9838699241145973
vn 0 1 0
vn 0 -0.17888550060997233 -0.9838698987526346
vn 0 1 0
vn 0 -1 0
vn 0 -0.9995070434185468 -0.0313953843218254
vn 0 -1 0
vn 0 -0.17888543861406236 -0.9838699100246204
vn 0 -0.17888550060997233 -0.9838698987526346
vn 0 -0.17888543861406236 -0.9838699100246204
vn 0 -0.9995070434185468 -0.0313953843218254
vn 0 0.17888469980484972 0.9838700443532818
vn 0 -1 0
vn 0 -1 0
vn 0 0 1
vn 0 0.9999165322674123 0.012920081203804156
vn 0 -1 0
vn 0 -0.6636553279844353 -0.7480385054513382
vn 0 -1 0
vn 0 0 -1
vn 0 -1 0
vn 0 0 -1
vn 0 -1 0
vn 0 -0.6636553279844353 -0.7480385054513382
vn 0 -1 0
vn 0 0 -1
vn 0 -1 0
vn 0 -1 0
vn 0 -0.31073886144278623 -0.9504953234967759
vn 0 -0.3107387206195784 -0.9504953695351216
vn 0 -1 0
vn 0 -0.31073886144278623 -0.9504953234967759
vn 0 -0.3107387206195784 -0.9504953695351216
vn 0 0.33871954394037646 -0.9408873846283748
vn 0 0.3387196260897882 -0.9408873550545751
vn 0 1 0
vn 0 -0.6185866575585007 -0.7857165819114437
vn 0 -0.4439446420408164 -0.8960542142098609
vn 0 -0.6185866575585007 -0.7857165819114437
vn 0 0.33871954394037646 -0.9408873846283748
vn 0 0.3387196260897882 -0.9408873550545751
vn 0 1 0
vn 0 -0.184288583170518 -0.9828721779117582
vn 0 0 -1
vn 0 -0.25389812015262797 -0.9672309675475458
vn 0 -0.184288583170518 -0.9828721779117582
vn 0 -0.4439446420408164 -0.8960542142098609
vn 0 -0.25389812015262797 -0.9672309675475458
vn 0 -1 0
vn 0 0 -1
vn 0 -1 0
vn 0 -1 0
vn 0 1 0
vn 0 -1 0
vn 0 1 0
vn 0 0.17888536111917192 0.9838699241145973
vn 0 1 0
vn 0 -0.17888550060997233 -0.9838698987526346
vn 0 1 0
vn 0 -1 0
vn 0 -0.9995070432033281 -0.031395391173557045
vn 0 -0.9995070434185468 -0.0313953843218254
vn 0 -1 0
vn 0 -0.17888543861406236 -0.9838699100246204
vn 0 -0.17888550060997233 -0.9838698987526346
vn 0 -0.17888543861406236 -0.9838699100246204
vn 0 -0.9995070432033281 -0.031395391173557045
vn 0 -0.9995070434185468 -0.0313953843218254
vn 0 0.17888469980484972 0.9838700443532818
vn 0 -1 0
vn 0 -1 0
vn 0 0 1
vn 0 0.9999165322674123 0.012920081203804156
vn 0 -1 0
vn 0 -1 0
vn 0 -0.3872706716251681 0.9219660660235772
vn 0 -1 0
vn 0 -0.649325715970446 0.7605104302897282
vn 0 0 1
vn 0 -0.649325715970446 0.7605104302897282
vn 0 0 1
vn 0 -0.3872706716251681 0.9219660660235772
vn 0 0 1
vn 0 0 1
vn 0 0.2253041929466472 0.9742884689046977
vn 0 0 1
vn 0 -0.2248597968261607 0.9743911287420969
vn 0 0.22530426609681112 0.9742884519887206
vn 0 0.2253041929466472 0.9742884689046977
vn 0 0.22530426609681112 0.9742884519887206
vn 0 0.2253041929466472 0.9742884689046977
vn 0 -1 0
vn 0 -1 0
vn 0 -1 0
vn 0 -0.2248597968261607 0.9743911287420969
vn 0 -1 0
vn 0 0.17888536111917192 0.9838699241145973
vn 0 0.9998947651974103 -0.014507188935693461
vn 0 0.17888469980484972 0.9838700443532818
vn 0 0.9998947651974103 -0.014507188935693461
vn 0 0 -1
vn 0 0.9999165322674123 0.012920081203804156
vn -1 0 0
vn 0 -1 0
vn 0 0.3387196260897882 -0.9408873550545751
vn 0 0.9998698270504704 0.016134712704683033
vn 0 -1 0
vn 0 0.33871954394037646 -0.9408873846283748
vn 0 0.9998698270504704 0.016134712704683033
vn 1 0 0
vn 0 0.33871954394037646 -0.9408873846283748
vn 0 0.7775982525480344 0.6287614473186497
vn 0 1 0
vn 1 0 0
vn 1 0 4.7683122860089535e-18
vn -1 0 -1.7066454846122725e-9
vn -1 0 0
vn 0 0.3387196260897882 -0.9408873550545751
vn 0 0.7775982525480344 0.6287614473186497
vn 0 1 0
vn -0.9999999999999998 0 1.1948928692825506e-8
vn 0 -1 0
vn 0 -0.3107387206195784 -0.9504953695351216
vn 0 0.9998698297731288 0.016134543980369336
vn 0 -1 0
vn 0 -0.31073876570497244 -0.9504953547956719
vn 0 0.9998698297731288 0.016134543980369336
vn 1 0 0
vn 0 -0.9998698270504704 -0.016134712704683033
vn 0 -0.31073876570497244 -0.9504953547956719
vn 0 1 0
vn 1 0 0
vn -0.9999999999999998 0 1.1948928692825506e-8
vn 0 -0.9998698270504704 -0.016134712704683033
vn 0 -0.3107387206195784 -0.9504953695351216
vn 0 1 0
vn -1 0 0
vn 0 -1 0
vn 0 -0.33871954394037646 0.9408873846283748
vn 0 0.9998698270504704 0.016134712704683033
vn 0 -1 0
vn 0 0.3387196260897882 -0.9408873550545751
vn 0 0.9998698270504704 0.016134712704683033
vn 1 0 0
vn 0 0.3387196260897882 -0.9408873550545751
vn 0 0.7775982525480344 0.6287614473186497
vn 0 1 0
vn 1 0 -1.7066454846122725e-9
vn 1 0 0
vn -1 0 -4.7683122860089535e-18
vn -1 0 0
vn 0 -0.33871954394037646 0.9408873846283748
vn 0 0.7775982525480344 0.6287614473186497
vn 0 1 0
vn -1 0 0
vn 0 -1 0
vn 0 0.31073876570497244 0.9504953547956719
vn 0 0.9998698297731288 0.016134543980369336
vn 0 -1 0
vn 0 -0.3107387206195784 -0.9504953695351216
vn 0 0.9998698297731288 0.016134543980369336
vn 0.9999999999999998 0 1.1948928692825506e-8
vn 0 -0.9998698270504704 -0.016134712704683033
vn 0 -0.3107387206195784 -0.9504953695351216
vn 0 1 0
vn 0.9999999999999998 0 1.1948928692825506e-8
vn -1 0 0
vn 0 -0.9998698270504704 -0.016134712704683033
vn 0 0.31073876570497244 0.9504953547956719
vn 0 1 0
vn 0 0.33871997280310245 -0.9408872302376441
vn 0 0.9998698270504704 0.016134712704683033
vn 1 0 0
vn -1 0 0
vn 0 0.33871997280310245 -0.9408872302376441
vn 0 0.9998698270504704 0.016134712704683033
vn -1 0 -1.7066454846122725e-9
vn -1 0 0
vn 0 -0.7775986335802032 -0.6287609760904382
vn 0 0.33871997280310245 -0.9408872302376441
vn 0 -0.7775986335802032 -0.6287609760904382
vn 0 0.33871997280310245 -0.9408872302376441
vn 1 0 0
vn 1 0 4.7683122860089535e-18
vn 0 -0.31073914308914047 -0.9504952314200354
vn 0 0.9998698297731288 0.016134543980369336
vn 1 0 0
vn -0.9999999999999998 0 1.1948928692825506e-8
vn 0 -0.31073914308914047 -0.9504952314200354
vn 0 0.9998698297731288 0.016134543980369336
vn -0.9999999999999998 0 1.1948928692825506e-8
vn 0 -0.9998698270504704 -0.016134712704683033
vn 0 -0.31073914308914047 -0.9504952314200354
vn 0 -0.9998698270504704 -0.016134712704683033
vn 0 -0.31073914308914047 -0.9504952314200354
vn 1 0 0
vn 0 0.33871997280310245 -0.9408872302376441
vn 0 0.9998698270504704 0.016134712704683033
vn 1 0 0
vn -1 0 0
vn 0 0.33871997280310245 -0.9408872302376441
vn 0 0.9998698270504704 0.016134712704683033
vn -1 0 -4.7683122860089535e-18
vn -1 0 0
vn 0 -0.7775986335802032 -0.6287609760904382
vn 0 0.33871997280310245 -0.9408872302376441
vn 0 -0.7775986335802032 -0.6287609760904382
vn 0 0.33871997280310245 -0.9408872302376441
vn 1 0 -1.7066454846122725e-9
vn 1 0 0
vn 0 -0.31073914308914047 -0.9504952314200354
vn 0 0.9998698297731288 0.016134543980369336
vn 0.9999999999999998 0 1.1948928692825506e-8
vn -1 0 0
vn 0 -0.31073914308914047 -0.9504952314200354
vn 0 0.9998698297731288 0.016134543980369336
vn -1 0 0
vn 0 -0.9998698270504704 -0.016134712704683033
vn 0 -0.31073914308914047 -0.9504952314200354
vn 0 -0.9998698270504704 -0.016134712704683033
vn 0 -0.31073914308914047 -0.9504952314200354
vn 0.9999999999999998 0 1.1948928692825506e-8
vn 0 -0.9998698270504704 -0.016134712704683033
vn 0 0.7775982525480344 0.6287614473186497
vn 1 0 4.7683122860089535e-18
vn -1 0 -1.7066454846122725e-9
vn 0 -0.9998698270504704 -0.016134712704683033
vn 0 0.7775982525480344 0.6287614473186497
vn 0 -0.9998698270504704 -0.016134712704683033
vn 0 0.7775982525480344 0.6287614473186497
vn 1 0 -1.7066454846122725e-9
vn -1 0 -4.7683122860089535e-18
vn 0 -0.9998698270504704 -0.016134712704683033
vn 0 0.7775982525480344 0.6287614473186497
vn 0 -0.9998698270504704 -0.016134712704683033
vn 0 -0.7775986335802032 -0.6287609760904382
vn 1 0 4.7683122860089535e-18
vn -1 0 -1.7066454846122725e-9
vn 0 -0.9998698270504704 -0.016134712704683033
vn 0 -0.7775986335802032 -0.6287609760904382
vn 0 -0.9998698270504704 -0.016134712704683033
vn 0 -0.7775986335802032 -0.6287609760904382
vn 1 0 -1.7066454846122725e-9
vn -1 0 -4.7683122860089535e-18
vn 0 -0.9998698270504704 -0.016134712704683033
vn 0 -0.7775986335802032 -0.6287609760904382
f 384/384/384 12/12/12 86/86/86
f 384/384/384 86/86/86 411/411/411
f 40/40/40 35/35/35 105/105/105
f 40/40/40 105/105/105 110/110/110
f 427/427/427 337/337/337 33/33/33
f 427/427/427 33/33/33 389/389/389
f 599/599/599 377/377/377 17/17/17
f 599/599/599 17/17/17 549/549/549
f 551/551/551 30/30/30 27/27/27
f 551/551/551 27/27/27 518/518/518
f 550/550/550 18/18/18 31/31/31
f 550/550/550 31/31/31 552/552/552
f 1/1/1 13/13/13 21/21/21
f 1/1/1 21/21/21 24/24/24
f 20/20/20 8/8/8 29/29/29
f 20/20/20 29/29/29 32/32/32
f 41/41/41 51/51/51 117/117/117
f 41/41/41 117/117/117 114/114/114
f 36/36/36 34/34/34 39/39/39
f 36/36/36 39/39/39 41/41/41
f 337/337/337 353/353/353 35/35/35
f 337/337/337 35/35/35 33/33/33
f 338/338/338 354/354/354 34/34/34
f 338/338/338 34/34/34 36/36/36
f 37/37/37 40/40/40 46/46/46
f 37/37/37 46/46/46 42/42/42
f 389/389/389 33/33/33 37/37/37
f 389/389/389 37/37/37 391/391/391
f 33/33/33 35/35/35 40/40/40
f 33/33/33 40/40/40 37/37/37
f 394/394/394 42/42/42 53/53/53
f 394/394/394 53/53/53 399/399/399
f 519/519/519 49/49/49 63/63/63
f 519/519/519 63/63/63 521/521/521
f 41/41/41 39/39/39 45/45/45
f 41/41/41 45/45/45 51/51/51
f 309/309/309 99/99/99 118/118/118
f 309/309/309 118/118/118 312/312/312
f 392/392/392 38/38/38 43/43/43
f 392/392/392 43/43/43 395/395/395
f 42/42/42 46/46/46 59/59/59
f 42/42/42 59/59/59 53/53/53
f 51/51/51 45/45/45 58/58/58
f 51/51/51 58/58/58 66/66/66
f 664/664/664 69/69/69 75/75/75
f 664/664/664 75/75/75 666/666/666
f 65/65/65 56/56/56 72/72/72
f 65/65/65 72/72/72 78/78/78
f 522/522/522 64/64/64 76/76/76
f 522/522/522 76/76/76 524/524/524
f 398/398/398 52/52/52 67/67/67
f 398/398/398 67/67/67 402/402/402
f 54/54/54 60/60/60 73/73/73
f 54/54/54 73/73/73 68/68/68
f 608/608/608 81/81/81 88/88/88
f 608/608/608 88/88/88 610/610/610
f 603/603/603 6/6/6 82/82/82
f 603/603/603 82/82/82 609/609/609
f 410/410/410 85/85/85 92/92/92
f 410/410/410 92/92/92 417/417/417
f 257/257/257 231/231/231 103/103/103
f 257/257/257 103/103/103 97/97/97
f 234/234/234 258/258/258 100/100/100
f 234/234/234 100/100/100 94/94/94
f 420/420/420 233/233/233 93/93/93
f 420/420/420 93/93/93 419/419/419
f 582/582/582 255/255/255 95/95/95
f 582/582/582 95/95/95 558/558/558
f 140/140/140 144/144/144 127/127/127
f 140/140/140 127/127/127 128/128/128
f 143/143/143 142/142/142 131/131/131
f 143/143/143 131/131/131 123/123/123
f 671/671/671 141/141/141 129/129/129
f 671/671/671 129/129/129 669/669/669
f 46/46/46 40/40/40 110/110/110
f 46/46/46 110/110/110 111/111/111
f 559/559/559 96/96/96 107/107/107
f 559/559/559 107/107/107 562/562/562
f 338/338/338 36/36/36 106/106/106
f 338/338/338 106/106/106 339/339/339
f 36/36/36 41/41/41 114/114/114
f 36/36/36 114/114/114 106/106/106
f 661/661/661 48/48/48 112/112/112
f 661/661/661 112/112/112 667/667/667
f 675/675/675 178/178/178 160/160/160
f 675/675/675 160/160/160 673/673/673
f 322/322/322 172/172/172 165/165/165
f 322/322/322 165/165/165 319/319/319
f 360/360/360 171/171/171 153/153/153
f 360/360/360 153/153/153 344/344/344
f 569/569/569 145/145/145 124/124/124
f 569/569/569 124/124/124 567/567/567
f 142/142/142 139/139/139 134/134/134
f 142/142/142 134/134/134 131/131/131
f 144/144/144 151/151/151 121/121/121
f 144/144/144 121/121/121 127/127/127
f 357/357/357 143/143/143 123/123/123
f 357/357/357 123/123/123 341/341/341
f 315/315/315 148/148/148 135/135/135
f 315/315/315 135/135/135 314/314/314
f 312/312/312 118/118/118 148/148/148
f 312/312/312 148/148/148 315/315/315
f 339/339/339 106/106/106 143/143/143
f 339/339/339 143/143/143 357/357/357
f 110/110/110 105/105/105 151/151/151
f 110/110/110 151/151/151 144/144/144
f 114/114/114 117/117/117 139/139/139
f 114/114/114 139/139/139 142/142/142
f 564/564/564 108/108/108 146/146/146
f 564/564/564 146/146/146 570/570/570
f 668/668/668 113/113/113 141/141/141
f 668/668/668 141/141/141 671/671/671
f 106/106/106 114/114/114 142/142/142
f 106/106/106 142/142/142 143/143/143
f 111/111/111 110/110/110 144/144/144
f 111/111/111 144/144/144 140/140/140
f 161/161/161 164/164/164 212/212/212
f 161/161/161 212/212/212 209/209/209
f 574/574/574 155/155/155 221/221/221
f 574/574/574 221/221/221 580/580/580
f 158/158/158 157/157/157 203/203/203
f 158/158/158 203/203/203 205/205/205
f 171/171/171 182/182/182 161/161/161
f 171/171/171 161/161/161 153/153/153
f 176/176/176 183/183/183 157/157/157
f 176/176/176 157/157/157 158/158/158
f 576/576/576 169/169/169 154/154/154
f 576/576/576 154/154/154 573/573/573
f 182/182/182 181/181/181 164/164/164
f 182/182/182 164/164/164 161/161/161
f 183/183/183 175/175/175 152/152/152
f 183/183/183 152/152/152 157/157/157
f 198/198/198 187/187/187 175/175/175
f 198/198/198 175/175/175 183/183/183
f 197/197/197 189/189/189 181/181/181
f 197/197/197 181/181/181 182/182/182
f 578/578/578 185/185/185 168/168/168
f 578/578/578 168/168/168 575/575/575
f 195/195/195 198/198/198 183/183/183
f 195/195/195 183/183/183 176/176/176
f 191/191/191 197/197/197 182/182/182
f 191/191/191 182/182/182 171/171/171
f 362/362/362 191/191/191 171/171/171
f 362/362/362 171/171/171 360/360/360
f 323/323/323 192/192/192 172/172/172
f 323/323/323 172/172/172 322/322/322
f 676/676/676 196/196/196 177/177/177
f 676/676/676 177/177/177 674/674/674
f 670/670/670 130/130/130 196/196/196
f 670/670/670 196/196/196 676/676/676
f 314/314/314 135/135/135 192/192/192
f 314/314/314 192/192/192 323/323/323
f 340/340/340 122/122/122 190/190/190
f 340/340/340 190/190/190 361/361/361
f 123/123/123 131/131/131 197/197/197
f 123/123/123 197/197/197 191/191/191
f 128/128/128 127/127/127 198/198/198
f 128/128/128 198/198/198 195/195/195
f 568/568/568 125/125/125 184/184/184
f 568/568/568 184/184/184 577/577/577
f 131/131/131 134/134/134 189/189/189
f 131/131/131 189/189/189 197/197/197
f 127/127/127 121/121/121 187/187/187
f 127/127/127 187/187/187 198/198/198
f 536/536/536 217/217/217 208/208/208
f 536/536/536 208/208/208 537/537/537
f 537/537/537 208/208/208 210/210/210
f 537/537/537 210/210/210 538/538/538
f 157/157/157 152/152/152 215/215/215
f 157/157/157 215/215/215 203/203/203
f 344/344/344 153/153/153 218/218/218
f 344/344/344 218/218/218 350/350/350
f 319/319/319 165/165/165 223/223/223
f 319/319/319 223/223/223 329/329/329
f 672/672/672 159/159/159 207/207/207
f 672/672/672 207/207/207 680/680/680
f 153/153/153 161/161/161 209/209/209
f 153/153/153 209/209/209 218/218/218
f 540/540/540 200/200/200 217/217/217
f 540/540/540 217/217/217 536/536/536
f 334/334/334 201/201/201 219/219/219
f 334/334/334 219/219/219 326/326/326
f 367/367/367 199/199/199 216/216/216
f 367/367/367 216/216/216 365/365/365
f 636/636/636 213/213/213 224/224/224
f 636/636/636 224/224/224 634/634/634
f 595/595/595 280/280/280 266/266/266
f 595/595/595 266/266/266 593/593/593
f 423/423/423 245/245/245 233/233/233
f 423/423/423 233/233/233 420/420/420
f 246/246/246 262/262/262 258/258/258
f 246/246/246 258/258/258 234/234/234
f 253/253/253 243/243/243 231/231/231
f 253/253/253 231/231/231 257/257/257
f 28/28/28 7/7/7 243/243/243
f 28/28/28 243/243/243 253/253/253
f 2/2/2 25/25/25 262/262/262
f 2/2/2 262/262/262 246/246/246
f 379/379/379 1/1/1 245/245/245
f 379/379/379 245/245/245 423/423/423
f 518/518/518 27/27/27 251/251/251
f 518/518/518 251/251/251 584/584/584
f 235/235/235 247/247/247 251/251/251
f 235/235/235 251/251/251 254/254/254
f 587/587/587 237/237/237 256/256/256
f 587/587/587 256/256/256 583/583/583
f 240/240/240 228/228/228 259/259/259
f 240/240/240 259/259/259 263/263/263
f 644/644/644 242/242/242 264/264/264
f 644/644/644 264/264/264 640/640/640
f 592/592/592 265/265/265 268/268/268
f 592/592/592 268/268/268 590/590/590
f 287/287/287 273/273/273 298/298/298
f 287/287/287 298/298/298 301/301/301
f 286/286/286 283/283/283 276/276/276
f 286/286/286 276/276/276 272/272/272
f 281/281/281 293/293/293 271/271/271
f 281/281/281 271/271/271 267/267/267
f 250/250/250 238/238/238 294/294/294
f 250/250/250 294/294/294 282/282/282
f 227/227/227 239/239/239 283/283/283
f 227/227/227 283/283/283 286/286/286
f 641/641/641 229/229/229 288/288/288
f 641/641/641 288/288/288 682/682/682
f 588/588/588 248/248/248 279/279/279
f 588/588/588 279/279/279 594/594/594
f 684/684/684 302/302/302 300/300/300
f 684/684/684 300/300/300 654/654/654
f 270/270/270 292/292/292 306/306/306
f 270/270/270 306/306/306 297/297/297
f 683/683/683 289/289/289 303/303/303
f 683/683/683 303/303/303 685/685/685
f 591/591/591 269/269/269 295/295/295
f 591/591/591 295/295/295 596/596/596
f 214/214/214 335/335/335 331/331/331
f 214/214/214 331/331/331 226/226/226
f 351/351/351 333/333/333 325/325/325
f 351/351/351 325/325/325 347/347/347
f 359/359/359 320/320/320 330/330/330
f 359/359/359 330/330/330 364/364/364
f 156/156/156 318/318/318 328/328/328
f 156/156/156 328/328/328 222/222/222
f 126/126/126 313/313/313 324/324/324
f 126/126/126 324/324/324 186/186/186
f 356/356/356 314/314/314 323/323/323
f 356/356/356 323/323/323 346/346/346
f 346/346/346 323/323/323 322/322/322
f 346/346/346 322/322/322 345/345/345
f 186/186/186 324/324/324 321/321/321
f 186/186/186 321/321/321 170/170/170
f 109/109/109 311/311/311 316/316/316
f 109/109/109 316/316/316 147/147/147
f 355/355/355 312/312/312 315/315/315
f 355/355/355 315/315/315 342/342/342
f 342/342/342 315/315/315 314/314/314
f 342/342/342 314/314/314 356/356/356
f 147/147/147 316/316/316 313/313/313
f 147/147/147 313/313/313 126/126/126
f 170/170/170 321/321/321 318/318/318
f 170/170/170 318/318/318 156/156/156
f 345/345/345 322/322/322 319/319/319
f 345/345/345 319/319/319 358/358/358
f 98/98/98 308/308/308 311/311/311
f 98/98/98 311/311/311 109/109/109
f 353/353/353 309/309/309 312/312/312
f 353/353/353 312/312/312 355/355/355
f 98/98/98 104/104/104 310/310/310
f 98/98/98 310/310/310 308/308/308
f 93/93/93 99/99/99 309/309/309
f 93/93/93 309/309/309 307/307/307
f 419/419/419 93/93/93 307/307/307
f 419/419/419 307/307/307 425/425/425
f 35/35/35 353/353/353 355/355/355
f 35/35/35 355/355/355 105/105/105
f 175/175/175 345/345/345 358/358/358
f 175/175/175 358/358/358 152/152/152
f 151/151/151 342/342/342 356/356/356
f 151/151/151 356/356/356 121/121/121
f 105/105/105 355/355/355 342/342/342
f 105/105/105 342/342/342 151/151/151
f 187/187/187 346/346/346 345/345/345
f 187/187/187 345/345/345 175/175/175
f 121/121/121 356/356/356 346/346/346
f 121/121/121 346/346/346 187/187/187
f 152/152/152 358/358/358 363/363/363
f 152/152/152 363/363/363 215/215/215
f 200/200/200 352/352/352 348/348/348
f 200/200/200 348/348/348 217/217/217
f 336/336/336 368/368/368 366/366/366
f 336/336/336 366/366/366 332/332/332
f 317/317/317 343/343/343 349/349/349
f 317/317/317 349/349/349 327/327/327
f 313/313/313 341/341/341 362/362/362
f 313/313/313 362/362/362 324/324/324
f 324/324/324 362/362/362 360/360/360
f 324/324/324 360/360/360 321/321/321
f 311/311/311 339/339/339 357/357/357
f 311/311/311 357/357/357 316/316/316
f 316/316/316 357/357/357 341/341/341
f 316/316/316 341/341/341 313/313/313
f 321/321/321 360/360/360 344/344/344
f 321/321/321 344/344/344 318/318/318
f 308/308/308 338/338/338 339/339/339
f 308/308/308 339/339/339 311/311/311
f 308/308/308 310/310/310 354/354/354
f 308/308/308 354/354/354 338/338/338
f 307/307/307 309/309/309 353/353/353
f 307/307/307 353/353/353 337/337/337
f 425/425/425 307/307/307 337/337/337
f 425/425/425 337/337/337 427/427/427
f 547/547/547 9/9/9 369/369/369
f 547/547/547 369/369/369 598/598/598
f 598/598/598 369/369/369 377/377/377
f 598/598/598 377/377/377 599/599/599
f 370/370/370 428/428/428 433/433/433
f 370/370/370 433/433/433 378/378/378
f 14/14/14 388/388/388 432/432/432
f 14/14/14 432/432/432 375/375/375
f 375/375/375 432/432/432 431/431/431
f 375/375/375 431/431/431 373/373/373
f 11/11/11 383/383/383 429/429/429
f 11/11/11 429/429/429 371/371/371
f 310/310/310 424/424/424 426/426/426
f 310/310/310 426/426/426 354/354/354
f 104/104/104 418/418/418 424/424/424
f 104/104/104 424/424/424 310/310/310
f 8/8/8 386/386/386 422/422/422
f 8/8/8 422/422/422 244/244/244
f 244/244/244 422/422/422 421/421/421
f 244/244/244 421/421/421 232/232/232
f 232/232/232 421/421/421 418/418/418
f 232/232/232 418/418/418 104/104/104
f 79/79/79 408/408/408 412/412/412
f 79/79/79 412/412/412 87/87/87
f 556/556/556 545/545/545 415/415/415
f 556/556/556 415/415/415 91/91/91
f 4/4/4 382/382/382 409/409/409
f 4/4/4 409/409/409 80/80/80
f 664/664/664 657/657/657 403/403/403
f 664/664/664 403/403/403 69/69/69
f 44/44/44 396/396/396 401/401/401
f 44/44/44 401/401/401 57/57/57
f 55/55/55 400/400/400 407/407/407
f 55/55/55 407/407/407 71/71/71
f 39/39/39 393/393/393 397/397/397
f 39/39/39 397/397/397 45/45/45
f 34/34/34 390/390/390 393/393/393
f 34/34/34 393/393/393 39/39/39
f 354/354/354 426/426/426 390/390/390
f 354/354/354 390/390/390 34/34/34
f 2/2/2 380/380/380 388/388/388
f 2/2/2 388/388/388 14/14/14
f 378/378/378 433/433/433 387/387/387
f 378/378/378 387/387/387 19/19/19
f 19/19/19 387/387/387 385/385/385
f 19/19/19 385/385/385 7/7/7
f 372/372/372 430/430/430 381/381/381
f 372/372/372 381/381/381 3/3/3
f 523/523/523 600/600/600 516/516/516
f 523/523/523 516/516/516 445/445/445
f 611/611/611 686/686/686 514/514/514
f 611/611/611 514/514/514 451/451/451
f 655/655/655 512/512/512 513/513/513
f 655/655/655 513/513/513 656/656/656
f 602/602/602 434/434/434 512/512/512
f 602/602/602 512/512/512 655/655/655
f 647/647/647 501/501/501 508/508/508
f 647/647/647 508/508/508 653/653/653
f 542/542/542 505/505/505 511/511/511
f 542/542/542 511/511/511 544/544/544
f 543/543/543 510/510/510 509/509/509
f 543/543/543 509/509/509 597/597/597
f 643/643/643 498/498/498 506/506/506
f 643/643/643 506/506/506 650/650/650
f 586/586/586 496/496/496 504/504/504
f 586/586/586 504/504/504 541/541/541
f 648/648/648 502/502/502 500/500/500
f 648/648/648 500/500/500 645/645/645
f 589/589/589 499/499/499 495/495/495
f 589/589/589 495/495/495 585/585/585
f 642/642/642 497/497/497 493/493/493
f 642/642/642 493/493/493 638/638/638
f 659/659/659 438/438/438 494/494/494
f 659/659/659 494/494/494 639/639/639
f 651/651/651 507/507/507 503/503/503
f 651/651/651 503/503/503 649/649/649
f 581/581/581 491/491/491 488/488/488
f 581/581/581 488/488/488 579/579/579
f 681/681/681 490/490/490 484/484/484
f 681/681/681 484/484/484 677/677/677
f 531/531/531 473/473/473 487/487/487
f 531/531/531 487/487/487 539/539/539
f 678/678/678 485/485/485 486/486/486
f 678/678/678 486/486/486 679/679/679
f 677/677/677 484/484/484 485/485/485
f 677/677/677 485/485/485 678/678/678
f 623/623/623 467/467/467 482/482/482
f 623/623/623 482/482/482 632/632/632
f 529/529/529 465/465/465 481/481/481
f 529/529/529 481/481/481 535/535/535
f 535/535/535 481/481/481 479/479/479
f 535/535/535 479/479/479 533/533/533
f 633/633/633 483/483/483 477/477/477
f 633/633/633 477/477/477 630/630/630
f 631/631/631 478/478/478 475/475/475
f 631/631/631 475/475/475 628/628/628
f 629/629/629 476/476/476 489/489/489
f 629/629/629 489/489/489 635/635/635
f 527/527/527 457/457/457 472/472/472
f 527/527/527 472/472/472 530/530/530
f 702/702/702 688/688/688 759/759/759
f 702/702/702 759/759/759 763/763/763
f 624/624/624 468/468/468 466/466/466
f 624/624/624 466/466/466 622/622/622
f 534/534/534 480/480/480 474/474/474
f 534/534/534 474/474/474 532/532/532
f 520/520/520 442/442/442 456/456/456
f 520/520/520 456/456/456 526/526/526
f 709/709/709 712/712/712 771/771/771
f 709/709/709 771/771/771 775/775/775
f 530/530/530 472/472/472 464/464/464
f 530/530/530 464/464/464 528/528/528
f 637/637/637 492/492/492 453/453/453
f 637/637/637 453/453/453 613/613/613
f 548/548/548 435/435/435 449/449/449
f 548/548/548 449/449/449 554/554/554
f 553/553/553 448/448/448 450/450/450
f 553/553/553 450/450/450 555/555/555
f 663/663/663 444/444/444 446/446/446
f 663/663/663 446/446/446 665/665/665
f 523/523/523 445/445/445 447/447/447
f 523/523/523 447/447/447 525/525/525
f 660/660/660 441/441/441 443/443/443
f 660/660/660 443/443/443 662/662/662
f 605/605/605 437/437/437 440/440/440
f 605/605/605 440/440/440 607/607/607
f 606/606/606 439/439/439 438/438/438
f 606/606/606 438/438/438 659/659/659
f 656/656/656 513/513/513 436/436/436
f 656/656/656 436/436/436 604/604/604
f 70/70/70 523/523/523 525/525/525
f 70/70/70 525/525/525 77/77/77
f 83/83/83 553/553/553 555/555/555
f 83/83/83 555/555/555 90/90/90
f 10/10/10 548/548/548 554/554/554
f 10/10/10 554/554/554 84/84/84
f 138/138/138 530/530/530 528/528/528
f 138/138/138 528/528/528 132/132/132
f 50/50/50 520/520/520 526/526/526
f 50/50/50 526/526/526 115/115/115
f 180/180/180 534/534/534 532/532/532
f 180/180/180 532/532/532 163/163/163
f 116/116/116 527/527/527 530/530/530
f 116/116/116 530/530/530 138/138/138
f 188/188/188 535/535/535 533/533/533
f 188/188/188 533/533/533 179/179/179
f 133/133/133 529/529/529 535/535/535
f 133/133/133 535/535/535 188/188/188
f 162/162/162 531/531/531 539/539/539
f 162/162/162 539/539/539 211/211/211
f 202/202/202 581/581/581 579/579/579
f 202/202/202 579/579/579 220/220/220
f 249/249/249 589/589/589 585/585/585
f 249/249/249 585/585/585 252/252/252
f 236/236/236 586/586/586 541/541/541
f 236/236/236 541/541/541 290/290/290
f 304/304/304 543/543/543 597/597/597
f 304/304/304 597/597/597 296/296/296
f 291/291/291 542/542/542 544/544/544
f 291/291/291 544/544/544 305/305/305
f 70/70/70 405/405/405 600/600/600
f 70/70/70 600/600/600 523/523/523
f 451/451/451 514/514/514 545/545/545
f 451/451/451 545/545/545 556/556/556
f 512/512/512 598/598/598 599/599/599
f 512/512/512 599/599/599 513/513/513
f 434/434/434 547/547/547 598/598/598
f 434/434/434 598/598/598 512/512/512
f 501/501/501 591/591/591 596/596/596
f 501/501/501 596/596/596 508/508/508
f 498/498/498 588/588/588 594/594/594
f 498/498/498 594/594/594 506/506/506
f 502/502/502 592/592/592 590/590/590
f 502/502/502 590/590/590 500/500/500
f 497/497/497 587/587/587 583/583/583
f 497/497/497 583/583/583 493/493/493
f 438/438/438 518/518/518 584/584/584
f 438/438/438 584/584/584 494/494/494
f 507/507/507 595/595/595 593/593/593
f 507/507/507 593/593/593 503/503/503
f 490/490/490 540/540/540 536/536/536
f 490/490/490 536/536/536 484/484/484
f 485/485/485 537/537/537 538/538/538
f 485/485/485 538/538/538 486/486/486
f 484/484/484 536/536/536 537/537/537
f 484/484/484 537/537/537 485/485/485
f 467/467/467 568/568/568 577/577/577
f 467/467/467 577/577/577 482/482/482
f 483/483/483 578/578/578 575/575/575
f 483/483/483 575/575/575 477/477/477
f 478/478/478 576/576/576 573/573/573
f 478/478/478 573/573/573 475/475/475
f 476/476/476 574/574/574 580/580/580
f 476/476/476 580/580/580 489/489/489
f 691/691/691 694/694/694 757/757/757
f 691/691/691 757/757/757 761/761/761
f 468/468/468 569/569/569 567/567/567
f 468/468/468 567/567/567 466/466/466
f 748/748/748 753/753/753 803/803/803
f 748/748/748 803/803/803 805/805/805
f 492/492/492 582/582/582 558/558/558
f 492/492/492 558/558/558 453/453/453
f 444/444/444 522/522/522 524/524/524
f 444/444/444 524/524/524 446/446/446
f 441/441/441 519/519/519 521/521/521
f 441/441/441 521/521/521 443/443/443
f 437/437/437 550/550/550 552/552/552
f 437/437/437 552/552/552 440/440/440
f 439/439/439 551/551/551 518/518/518
f 439/439/439 518/518/518 438/438/438
f 513/513/513 599/599/599 549/549/549
f 513/513/513 549/549/549 436/436/436
f 376/376/376 656/656/656 604/604/604
f 376/376/376 604/604/604 15/15/15
f 22/22/22 606/606/606 659/659/659
f 22/22/22 659/659/659 26/26/26
f 16/16/16 605/605/605 607/607/607
f 16/16/16 607/607/607 23/23/23
f 47/47/47 660/660/660 662/662/662
f 47/47/47 662/662/662 61/61/61
f 62/62/62 663/663/663 665/665/665
f 62/62/62 665/665/665 74/74/74
f 260/260/260 637/637/637 613/613/613
f 260/260/260 613/613/613 101/101/101
f 102/102/102 614/614/614 617/617/617
f 102/102/102 617/617/617 119/119/119
f 149/149/149 624/624/624 622/622/622
f 149/149/149 622/622/622 136/136/136
f 120/120/120 619/619/619 625/625/625
f 120/120/120 625/625/625 150/150/150
f 167/167/167 629/629/629 635/635/635
f 167/167/167 635/635/635 225/225/225
f 174/174/174 631/631/631 628/628/628
f 174/174/174 628/628/628 166/166/166
f 194/194/194 633/633/633 630/630/630
f 194/194/194 630/630/630 173/173/173
f 137/137/137 623/623/623 632/632/632
f 137/137/137 632/632/632 193/193/193
f 216/216/216 677/677/677 678/678/678
f 216/216/216 678/678/678 204/204/204
f 204/204/204 678/678/678 679/679/679
f 204/204/204 679/679/679 206/206/206
f 199/199/199 681/681/681 677/677/677
f 199/199/199 677/677/677 216/216/216
f 285/285/285 651/651/651 649/649/649
f 285/285/285 649/649/649 278/278/278
f 26/26/26 659/659/659 639/639/639
f 26/26/26 639/639/639 263/263/263
f 230/230/230 642/642/642 638/638/638
f 230/230/230 638/638/638 261/261/261
f 277/277/277 648/648/648 645/645/645
f 277/277/277 645/645/645 274/274/274
f 241/241/241 643/643/643 650/650/650
f 241/241/241 650/650/650 284/284/284
f 275/275/275 646/646/646 652/652/652
f 275/275/275 652/652/652 299/299/299
f 5/5/5 602/602/602 655/655/655
f 5/5/5 655/655/655 374/374/374
f 374/374/374 655/655/655 656/656/656
f 374/374/374 656/656/656 376/376/376
f 89/89/89 413/413/413 686/686/686
f 89/89/89 686/686/686 611/611/611
f 445/445/445 516/516/516 657/657/657
f 445/445/445 657/657/657 664/664/664
f 505/505/505 683/683/683 685/685/685
f 505/505/505 685/685/685 511/511/511
f 510/510/510 684/684/684 654/654/654
f 510/510/510 654/654/654 509/509/509
f 496/496/496 641/641/641 682/682/682
f 496/496/496 682/682/682 504/504/504
f 499/499/499 644/644/644 640/640/640
f 499/499/499 640/640/640 495/495/495
f 491/491/491 636/636/636 634/634/634
f 491/491/491 634/634/634 488/488/488
f 473/473/473 672/672/672 680/680/680
f 473/473/473 680/680/680 487/487/487
f 465/465/465 670/670/670 676/676/676
f 465/465/465 676/676/676 481/481/481
f 481/481/481 676/676/676 674/674/674
f 481/481/481 674/674/674 479/479/479
f 457/457/457 668/668/668 671/671/671
f 457/457/457 671/671/671 472/472/472
f 480/480/480 675/675/675 673/673/673
f 480/480/480 673/673/673 474/474/474
f 442/442/442 661/661/661 667/667/667
f 442/442/442 667/667/667 456/456/456
f 472/472/472 671/671/671 669/669/669
f 472/472/472 669/669/669 464/464/464
f 435/435/435 603/603/603 609/609/609
f 435/435/435 609/609/609 449/449/449
f 448/448/448 608/608/608 610/610/610
f 448/448/448 610/610/610 450/450/450
f 445/445/445 664/664/664 666/666/666
f 445/445/445 666/666/666 447/447/447
f 616/616/616 458/458/458 692/692/692
f 616/616/616 692/692/692 689/689/689
f 462/462/462 470/470/470 696/696/696
f 462/462/462 696/696/696 693/693/693
f 471/471/471 627/627/627 705/705/705
f 471/471/471 705/705/705 698/698/698
f 626/626/626 620/620/620 690/690/690
f 626/626/626 690/690/690 703/703/703
f 612/612/612 452/452/452 710/710/710
f 612/612/612 710/710/710 707/707/707
f 454/454/454 460/460/460 715/715/715
f 454/454/454 715/715/715 711/711/711
f 463/463/463 621/621/621 721/721/721
f 463/463/463 721/721/721 716/716/716
f 618/618/618 615/615/615 708/708/708
f 618/618/618 708/708/708 720/720/720
f 458/458/458 561/561/561 726/726/726
f 458/458/458 726/726/726 723/723/723
f 565/565/565 571/571/571 730/730/730
f 565/565/565 730/730/730 727/727/727
f 572/572/572 471/471/471 739/739/739
f 572/572/572 739/739/739 732/732/732
f 469/469/469 459/459/459 724/724/724
f 469/469/469 724/724/724 737/737/737
f 452/452/452 557/557/557 744/744/744
f 452/452/452 744/744/744 741/741/741
f 560/560/560 563/563/563 749/749/749
f 560/560/560 749/749/749 745/745/745
f 566/566/566 463/463/463 755/755/755
f 566/566/566 755/755/755 750/750/750
f 461/461/461 455/455/455 742/742/742
f 461/461/461 742/742/742 754/754/754
f 760/760/760 756/756/756 767/767/767
f 760/760/760 767/767/767 765/765/765
f 774/774/774 770/770/770 780/780/780
f 774/774/774 780/780/780 778/778/778
f 786/786/786 782/782/782 793/793/793
f 786/786/786 793/793/793 791/791/791
f 800/800/800 796/796/796 806/806/806
f 800/800/800 806/806/806 804/804/804
f 725/725/725 728/728/728 783/783/783
f 725/725/725 783/783/783 787/787/787
f 718/718/718 706/706/706 773/773/773
f 718/718/718 773/773/773 776/776/776
f 743/743/743 746/746/746 797/797/797
f 743/743/743 797/797/797 801/801/801
f 695/695/695 699/699/699 768/768/768
f 695/695/695 768/768/768 758/758/758
f 736/736/736 722/722/722 785/785/785
f 736/736/736 785/785/785 789/789/789
f 713/713/713 717/717/717 781/781/781
f 713/713/713 781/781/781 772/772/772
f 752/752/752 740/740/740 799/799/799
f 752/752/752 799/799/799 802/802/802
f 790/790/790 792/792/792 827/827/827
f 790/790/790 827/827/827 831/831/831
f 729/729/729 734/734/734 795/795/795
f 729/729/729 795/795/795 784/784/784
f 714/714/714 719/719/719 777/777/777
f 714/714/714 777/777/777 779/779/779
f 747/747/747 751/751/751 807/807/807
f 747/747/747 807/807/807 798/798/798
f 701/701/701 762/762/762 823/823/823
f 701/701/701 823/823/823 811/811/811
f 808/808/808 812/812/812 824/824/824
f 808/808/808 824/824/824 820/820/820
f 814/814/814 818/818/818 830/830/830
f 814/814/814 830/830/830 826/826/826
f 794/794/794 733/733/733 816/816/816
f 794/794/794 816/816/816 828/828/828
f 731/731/731 738/738/738 819/819/819
f 731/731/731 819/819/819 815/815/815
f 735/735/735 788/788/788 829/829/829
f 735/735/735 829/829/829 817/817/817
f 764/764/764 766/766/766 821/821/821
f 764/764/764 821/821/821 825/825/825
f 769/769/769 700/700/700 810/810/810
f 769/769/769 810/810/810 822/822/822
f 697/697/697 704/704/704 813/813/813
f 697/697/697 813/813/813 809/809/809
f 687/687/687 414/414/414 404/404/404
f 687/687/687 404/404/404 658/658/658
f 658/658/658 517/517/517 515/515/515
f 658/658/658 515/515/515 687/687/687
f 546/546/546 515/515/515 517/517/517
f 546/546/546 517/517/517 601/601/601
f 601/601/601 406/406/406 416/416/416
f 601/601/601 416/416/416 546/546/546
o slide
usemtl Material.001
v -0.2327166199684143 1.3084566627370293 -0.6444987058639526
v -0.2327166199684143 1.3084566627370293 -0.6444987058639526
v -0.2327166199684143 1.3084566627370293 -0.6444987058639526
v -0.2327166199684143 1.3084566627370293 -0.6444987058639526
v -0.2327166199684143 1.3084566627370293 -2.3324025869369507
v -0.2327166199684143 1.3084566627370293 -2.3324025869369507
v -0.2327166199684143 1.3084566627370293 -2.3324025869369507
v -0.2327166199684143 1.3084566627370293 -2.3324025869369507
v 0.2327166199684143 1.3084566627370293 -0.6444987058639526
v 0.2327166199684143 1.3084566627370293 -0.6444987058639526
v 0.2327166199684143 1.3084566627370293 -0.6444987058639526
v 0.2327166199684143 1.3084566627370293 -0.6444987058639526
v 0.2327166199684143 1.3084566627370293 -2.3324025869369507
v 0.2327166199684143 1.3084566627370293 -2.3324025869369507
v 0.2327166199684143 1.3084566627370293 -2.3324025869369507
v 0.2327166199684143 1.3084566627370293 -2.3324025869369507
v -0.2327166199684143 1.3084566627370293 -1.2300980089758369
v -0.2327166199684143 1.3084566627370293 -1.2300980089758369
v -0.2327166199684143 1.3084566627370293 -1.2300980089758369
v -0.2327166199684143 1.3084566627370293 -1.2300980089758369
v 0.2327166199684143 1.3084566627370293 -1.2300980089758369
v 0.2327166199684143 1.3084566627370293 -1.2300980089758369
v 0.2327166199684143 1.3084566627370293 -1.2300980089758369
v 0.2327166199684143 1.3084566627370293 -1.2300980089758369
v -0.06707136213660547 1.4228003025054932 1.8619152376019201
v -0.06707136213660547 1.4228003025054932 1.8619152376019201
v -0.06707136213660547 1.4228003025054932 1.8619152376019201
v -0.06707136213660547 1.4228003025054932 1.8619152376019201
v 0.06707136213660547 1.4228003025054932 1.8619152376019201
v 0.06707136213660547 1.4228003025054932 1.8619152376019201
v 0.06707136213660547 1.4228003025054932 1.8619152376019201
v 0.06707136213660547 1.4228003025054932 1.8619152376019201
v -0.06707136213660547 1.3839360462950623 2.0244473124309934
v -0.06707136213660547 1.3839360462950623 2.0244473124309934
v -0.06707136213660547 1.3839360462950623 2.0244473124309934
v -0.06707136213660547 1.3839360462950623 2.0244473124309934
v 0.06707136213660547 1.3839360462950623 2.0244473124309934
v 0.06707136213660547 1.3839360462950623 2.0244473124309934
v 0.06707136213660547 1.3839360462950623 2.0244473124309934
v 0.06707136213660547 1.3839360462950623 2.0244473124309934
v -0.06707136213660547 1.3130177114648376 2.2114139890082924
v -0.06707136213660547 1.3130177114648376 2.2114139890082924
v -0.06707136213660547 1.3130177114648376 2.2114139890082924
v -0.06707136213660547 1.3130177114648376 2.2114139890082924
v 0.06707136213660547 1.3130177114648376 2.2114139890082924
v 0.06707136213660547 1.3130177114648376 2.2114139890082924
v 0.06707136213660547 1.3130177114648376 2.2114139890082924
v 0.06707136213660547 1.3130177114648376 2.2114139890082924
v -0.2327166199684143 1.0439432685887624 2.356473862775033
v -0.2327166199684143 1.0439432685887624 2.356473862775033
v -0.2327166199684143 1.0439432685887624 2.356473862775033
v -0.2327166199684143 1.0439432685887624 2.356473862775033
v 0.2327166199684143 1.0439432685887624 2.356473862775033
v 0.2327166199684143 1.0439432685887624 2.356473862775033
v 0.2327166199684143 1.0439432685887624 2.356473862775033
v 0.2327166199684143 1.0439432685887624 2.356473862775033
v -0.23271664771039724 0.8587000596484273 2.42094518606757
v -0.23271664771039724 0.8587000596484273 2.42094518606757
v -0.23271664771039724 0.8587000596484273 2.42094518606757
v 0.23271664771039724 0.8587000596484273 2.42094518606757
v 0.23271664771039724 0.8587000596484273 2.42094518606757
v 0.23271664771039724 0.8587000596484273 2.42094518606757
v -0.23271664771039724 1.2630388932237366 -2.3726969627809638
v -0.23271664771039724 1.2630388932237366 -2.3726969627809638
v -0.23271664771039724 1.2630388932237366 -2.3726969627809638
v -0.23271664771039724 1.2630388932237366 -2.3726969627809638
v 0.23271664771039724 1.2630388932237366 -2.3726969627809638
v 0.23271664771039724 1.2630388932237366 -2.3726969627809638
v 0.23271664771039724 1.2630388932237366 -2.3726969627809638
v 0.23271664771039724 1.2630388932237366 -2.3726969627809638
v -0.23271664771039724 1.2630388932237366 -2.388814793604098
v -0.23271664771039724 1.2630388932237366 -2.388814793604098
v -0.23271664771039724 1.2630388932237366 -2.388814793604098
v 0.23271664771039724 1.2630388932237366 -2.388814793604098
v 0.23271664771039724 1.2630388932237366 -2.388814793604098
v 0.23271664771039724 1.2630388932237366 -2.388814793604098
v -0.2327166199684143 1.3084566627370293 0.6087082658689837
v -0.2327166199684143 1.3084566627370293 0.6087082658689837
v -0.2327166199684143 1.3084566627370293 0.6087082658689837
v 0.2327166199684143 1.3084566627370293 0.6087082658689837
v 0.2327166199684143 1.3084566627370293 0.6087082658689837
v 0.2327166199684143 1.3084566627370293 0.6087082658689837
v -0.2327166199684143 1.3084566627370293 -0.176433502270811
v -0.2327166199684143 1.3084566627370293 -0.176433502270811
v -0.2327166199684143 1.3084566627370293 -0.176433502270811
v 0.2327166199684143 1.3084566627370293 -0.176433502270811
v 0.2327166199684143 1.3084566627370293 -0.176433502270811
v 0.2327166199684143 1.3084566627370293 -0.176433502270811
v -0.2327166199684143 1.3084566627370293 -0.32742224192421077
v -0.2327166199684143 1.3084566627370293 -0.32742224192421077
v -0.2327166199684143 1.3084566627370293 -0.32742224192421077
v 0.2327166199684143 1.3084566627370293 -0.32742224192421077
v 0.2327166199684143 1.3084566627370293 -0.32742224192421077
v 0.2327166199684143 1.3084566627370293 -0.32742224192421077
v 0.2327166199684143 1.3084566627370293 1.8619152376019201
v 0.2327166199684143 1.3084566627370293 1.8619152376019201
v 0.2327166199684143 1.3084566627370293 1.8619152376019201
v 0.2327166199684143 1.3084566627370293 1.8619152376019201
v -0.2327166199684143 1.3084566627370293 1.8619152376019201
v -0.2327166199684143 1.3084566627370293 1.8619152376019201
v -0.2327166199684143 1.3084566627370293 1.8619152376019201
v -0.2327166199684143 1.3084566627370293 1.8619152376019201
v -0.2327166199684143 1.2695924065265984 2.0244473124309934
v -0.2327166199684143 1.2695924065265984 2.0244473124309934
v -0.2327166199684143 1.2695924065265984 2.0244473124309934
v 0.2327166199684143 1.2695924065265984 2.0244473124309934
v 0.2327166199684143 1.2695924065265984 2.0244473124309934
v 0.2327166199684143 1.2695924065265984 2.0244473124309934
v 0.2327166199684143 1.2695924065265984 2.0244473124309934
v 0.2327166199684143 1.1986740716963737 2.2114139890082924
v 0.2327166199684143 1.1986740716963737 2.2114139890082924
v 0.2327166199684143 1.1986740716963737 2.2114139890082924
v 0.2327166199684143 1.1986740716963737 2.2114139890082924
v 0.2327166199684143 1.1986740716963737 2.2114139890082924
v -0.2327166199684143 1.1986740716963737 2.2114139890082924
v -0.2327166199684143 1.1986740716963737 2.2114139890082924
v -0.2327166199684143 1.1986740716963737 2.2114139890082924
v -0.2327166199684143 1.1986740716963737 2.2114139890082924
v 0.057161547848386896 1.4799638719709662 2.112303706173634
v 0.057161547848386896 1.4799638719709662 2.112303706173634
v 0.057161547848386896 1.4799638719709662 2.112303706173634
v 0.057161547848386896 1.4799638719709662 2.112303706173634
v -0.057161547848386896 1.4799638719709662 2.112303706173634
v -0.057161547848386896 1.4799638719709662 2.112303706173634
v -0.057161547848386896 1.4799638719709662 2.112303706173634
v -0.057161547848386896 1.4799638719709662 2.112303706173634
v 0.057161547848386896 1.5130859060564887 2.0484923642188733
v 0.057161547848386896 1.5130859060564887 2.0484923642188733
v 0.057161547848386896 1.5130859060564887 2.0484923642188733
v -0.057161547848386896 1.5130859060564887 2.0484923642188733
v -0.057161547848386896 1.5130859060564887 2.0484923642188733
v -0.057161547848386896 1.5130859060564887 2.0484923642188733
v 0.057161547848386896 1.4195237307373958 2.1857085207572027
v 0.057161547848386896 1.4195237307373958 2.1857085207572027
v 0.057161547848386896 1.4195237307373958 2.1857085207572027
v -0.057161547848386896 1.4195237307373958 2.1857085207572027
v -0.057161547848386896 1.4195237307373958 2.1857085207572027
v -0.057161547848386896 1.4195237307373958 2.1857085207572027
v -0.2327166199684143 1.3084566627370293 1.6127837517793182
v -0.2327166199684143 1.3084566627370293 1.6127837517793182
v -0.2327166199684143 1.3084566627370293 1.6127837517793182
v 0.2327166199684143 1.3084566627370293 1.6127837517793182
v 0.2327166199684143 1.3084566627370293 1.6127837517793182
v 0.2327166199684143 1.3084566627370293 1.6127837517793182
v -0.2327166199684143 1.3084566627370293 1.737349394083708
v -0.2327166199684143 1.3084566627370293 1.737349394083708
v -0.2327166199684143 1.3084566627370293 1.737349394083708
v 0.2327166199684143 1.3084566627370293 1.737349394083708
v 0.2327166199684143 1.3084566627370293 1.737349394083708
v 0.2327166199684143 1.3084566627370293 1.737349394083708
v -0.04201295830957008 1.4228003025054932 -2.271501802924547
v -0.04201295830957008 1.4228003025054932 -2.271501802924547
v -0.04201295830957008 1.4228003025054932 -2.271501802924547
v -0.04201295830957008 1.4228003025054932 -2.271501802924547
v 0.04201295830957008 1.4228003025054932 -2.271501802924547
v 0.04201295830957008 1.4228003025054932 -2.271501802924547
v 0.04201295830957008 1.4228003025054932 -2.271501802924547
v 0.04201295830957008 1.4228003025054932 -2.271501802924547
v 0.04201295830957008 1.4228003025054932 -2.0989436457483066
v 0.04201295830957008 1.4228003025054932 -2.0989436457483066
v 0.04201295830957008 1.4228003025054932 -2.0989436457483066
v 0.04201295830957008 1.4228003025054932 -2.0989436457483066
v -0.04201295830957008 1.4228003025054932 -2.0989436457483066
v -0.04201295830957008 1.4228003025054932 -2.0989436457483066
v -0.04201295830957008 1.4228003025054932 -2.0989436457483066
v -0.04201295830957008 1.4228003025054932 -2.0989436457483066
v -0.2327166199684143 1.3084566627370293 -2.0989436457483066
v -0.2327166199684143 1.3084566627370293 -2.0989436457483066
v -0.2327166199684143 1.3084566627370293 -2.0989436457483066
v -0.2327166199684143 1.3084566627370293 -2.0989436457483066
v -0.2327166199684143 1.3084566627370293 -2.0989436457483066
v -0.2327166199684143 1.3084566627370293 -2.271501802924547
v -0.2327166199684143 1.3084566627370293 -2.271501802924547
v -0.2327166199684143 1.3084566627370293 -2.271501802924547
v -0.2327166199684143 1.3084566627370293 -2.271501802924547
v -0.2327166199684143 1.3084566627370293 -2.271501802924547
v 0.2327166199684143 1.3084566627370293 -2.271501802924547
v 0.2327166199684143 1.3084566627370293 -2.271501802924547
v 0.2327166199684143 1.3084566627370293 -2.271501802924547
v 0.2327166199684143 1.3084566627370293 -2.271501802924547
v 0.2327166199684143 1.3084566627370293 -2.271501802924547
v 0.2327166199684143 1.3084566627370293 -2.0989436457483066
v 0.2327166199684143 1.3084566627370293 -2.0989436457483066
v 0.2327166199684143 1.3084566627370293 -2.0989436457483066
v 0.2327166199684143 1.3084566627370293 -2.0989436457483066
v 0.2327166199684143 1.3084566627370293 -2.0989436457483066
v -0.026852157096640905 1.5078064238049933 -2.1193512043566187
v -0.026852157096640905 1.5078064238049933 -2.1193512043566187
v -0.026852157096640905 1.5078064238049933 -2.1193512043566187
v -0.026852157096640905 1.4926267625887135 -2.2419864012480133
v -0.026852157096640905 1.4926267625887135 -2.2419864012480133
v -0.026852157096640905 1.4926267625887135 -2.2419864012480133
v 0.026852157096640905 1.4926267625887135 -2.2419864012480133
v 0.026852157096640905 1.4926267625887135 -2.2419864012480133
v 0.026852157096640905 1.4926267625887135 -2.2419864012480133
v 0.026852157096640905 1.5078064238049933 -2.1193512043566187
v 0.026852157096640905 1.5078064238049933 -2.1193512043566187
v 0.026852157096640905 1.5078064238049933 -2.1193512043566187
v -0.2327166199684143 0.8800321066650554 -0.6444987058639526
v -0.2327166199684143 0.8800321066650554 -0.6444987058639526
v -0.2327166199684143 0.8800321066650554 -2.3324025869369507
v -0.2327166199684143 0.8800321066650554 -2.3324025869369507
v 0.2327166199684143 0.8800321066650554 -2.3324025869369507
v 0.2327166199684143 0.8800321066650554 -2.3324025869369507
v 0.2327166199684143 0.8800321066650554 -0.6444987058639526
v 0.2327166199684143 0.8800321066650554 -0.6444987058639526
v 0.2327166199684143 0.8800321066650554 -1.2300980089758369
v 0.2327166199684143 0.8800321066650554 -1.2300980089758369
v -0.2327166199684143 0.8800321066650554 -1.2300980089758369
v -0.2327166199684143 0.8800321066650554 -1.2300980089758369
v -0.2327166199684143 0.8800321066650554 1.8619152376019201
v 0.2327166199684143 0.8800321066650554 1.8619152376019201
v -0.2327166199684143 0.8735547421851919 2.0244473124309934
v 0.2327166199684143 0.8735547190747752 2.0244473124309934
v 0.2327166199684143 0.8735547190747752 2.0244473124309934
v -0.2327166199684143 0.8617350120100156 2.168433106813268
v 0.2327166199684143 0.8617350120100156 2.168433106813268
v 0.2327166199684143 0.8617350120100156 2.168433106813268
v -0.2327166199684143 0.8359465371219414 2.356473862775033
v -0.2327166199684143 0.8359465371219414 2.356473862775033
v 0.2327166199684143 0.8359465602323581 2.356473862775033
v 0.2327166199684143 0.8359465602323581 2.356473862775033
v -0.23271664771039724 0.8481629344892099 2.42094518606757
v -0.23271664771039724 0.8481629344892099 2.42094518606757
v 0.23271664771039724 0.8481629344892099 2.42094518606757
v 0.23271664771039724 0.8481629344892099 2.42094518606757
v -0.23271664771039724 0.9103106119704449 -2.3726969627809638
v -0.23271664771039724 0.9103106119704449 -2.3726969627809638
v 0.23271664771039724 0.9103106119704449 -2.3726969627809638
v 0.23271664771039724 0.9103106119704449 -2.3726969627809638
v -0.23271664771039724 0.9103106119704449 -2.388814793604098
v -0.23271664771039724 0.9103106119704449 -2.388814793604098
v 0.23271664771039724 0.9103106119704449 -2.388814793604098
v 0.23271664771039724 0.9103106119704449 -2.388814793604098
v 0.2327166199684143 0.8800321066650554 0.6087082658689837
v -0.2327166199684143 0.8800321066650554 0.6087082658689837
v -0.2327166199684143 0.8800321066650554 -0.176433502270811
v 0.2327166199684143 0.8800321066650554 -0.176433502270811
v 0.2327166199684143 0.8800321066650554 -0.32742224192421077
v -0.2327166199684143 0.8800321066650554 -0.32742224192421077
v 0.2327166199684143 0.8800321066650554 1.6127837517793182
v -0.2327166199684143 0.8800321066650554 1.6127837517793182
v 0.2327166199684143 0.8800321066650554 1.737349394083708
v -0.2327166199684143 0.8800321066650554 1.737349394083708
v 0.2327166199684143 0.8800321066650554 -2.271501802924547
v 0.2327166199684143 0.8800321066650554 -2.271501802924547
v -0.2327166199684143 0.8800321066650554 -2.271501802924547
v -0.2327166199684143 0.8800321066650554 -2.271501802924547
v -0.2327166199684143 0.8800321066650554 -2.0989436457483066
v -0.2327166199684143 0.8800321066650554 -2.0989436457483066
v 0.2327166199684143 0.8800321066650554 -2.0989436457483066
v 0.2327166199684143 0.8800321066650554 -2.0989436457483066
v 0 1.4228003025054932 -2.3324025869369507
v 0 1.4228003025054932 -2.3324025869369507
v 0 1.4228003025054932 -0.6444987058639526
v 0 1.4228003025054932 -0.6444987058639526
v 0 1.4228003025054932 -1.2300980089758369
v 0 1.4228003025054932 1.8619152376019201
v 0 1.3130177114648376 2.2114139890082924
v 0 1.3130177114648376 2.2114139890082924
v 0 1.1582869083572263 2.356473862775033
v 0 1.1582869083572263 2.356473862775033
v 0 0.9730437051944953 2.42094518606757
v 0 0.9730437051944953 2.42094518606757
v 0 1.3773825329922005 -2.3726969627809638
v 0 1.3773825329922005 -2.3726969627809638
v 0 1.3773825329922005 -2.388814793604098
v 0 1.3773825329922005 -2.388814793604098
v 0 1.4228003025054932 0.6087082658689837
v 0 1.4228003025054932 0.6087082658689837
v 0 1.4228003025054932 -0.176433502270811
v 0 1.4228003025054932 -0.32742224192421077
v 0 1.4228003025054932 -0.32742224192421077
v 0 1.4228003025054932 1.8619152376019201
v 0 1.4228003025054932 1.8619152376019201
v 0 1.3130177114648376 2.2114139890082924
v 0 1.3130177114648376 2.2114139890082924
v 0 1.4799638719709662 2.112303706173634
v 0 1.4799638719709662 2.112303706173634
v 0 1.5130859060564887 2.0484923642188733
v 0 1.5130859060564887 2.0484923642188733
v 0 1.4195237307373958 2.1857085207572027
v 0 1.4195237307373958 2.1857085207572027
v 0 1.4228003025054932 1.6127837517793182
v 0 1.4228003025054932 1.737349394083708
v 0 1.4228003025054932 1.737349394083708
v 0 1.4228003025054932 -2.271501802924547
v 0 1.4228003025054932 -2.0989436457483066
v 0 1.4228003025054932 -2.271501802924547
v 0 1.4228003025054932 -2.271501802924547
v 0 1.4228003025054932 -2.0989436457483066
v 0 1.4228003025054932 -2.0989436457483066
v -7.516515831659378e-17 1.4926267625887135 -2.2419864012480133
v -7.516515831659378e-17 1.4926267625887135 -2.2419864012480133
v -7.516515831659378e-17 1.5078064238049933 -2.1193512043566187
v -7.516515831659378e-17 1.5078064238049933 -2.1193512043566187
v 0 0.9103106119704449 -2.388814793604098
v 0 0.8481629344892099 2.42094518606757
v 0.11635830998420715 1.4228003025054932 -2.3324025869369507
v 0.11635830998420715 1.4228003025054932 -2.3324025869369507
v 0.11635830998420715 1.4228003025054932 -2.3324025869369507
v 0.11635830998420715 1.4228003025054932 -2.3324025869369507
v 0.11635830998420715 1.4228003025054932 -1.2300980089758369
v 0.11635830998420715 1.4228003025054932 -1.2300980089758369
v 0.11635830998420715 1.4228003025054932 -1.2300980089758369
v 0.11635832385519862 1.3773825329922005 -2.3726969627809638
v 0.11635832385519862 1.3773825329922005 -2.3726969627809638
v 0.11635832385519862 1.3773825329922005 -2.3726969627809638
v 0.11635832385519862 1.3773825329922005 -2.3726969627809638
v 0.11635832385519862 1.3773825329922005 -2.388814793604098
v 0.11635832385519862 1.3773825329922005 -2.388814793604098
v 0.11635832385519862 1.3773825329922005 -2.388814793604098
v 0.11635830998420715 1.4228003025054932 0.6087082658689837
v 0.11635830998420715 1.4228003025054932 0.6087082658689837
v 0.11635830998420715 1.4228003025054932 0.6087082658689837
v 0.11635830998420715 1.4228003025054932 0.6087082658689837
v 0.11635830998420715 1.4228003025054932 -0.176433502270811
v 0.11635830998420715 1.4228003025054932 -0.176433502270811
v 0.11635830998420715 1.4228003025054932 -0.176433502270811
v 0.11635830998420715 1.4228003025054932 -0.32742224192421077
v 0.11635830998420715 1.4228003025054932 -0.32742224192421077
v 0.11635830998420715 1.4228003025054932 -0.32742224192421077
v 0.11635830998420715 1.4228003025054932 -0.32742224192421077
v 0.11635830998420715 1.4228003025054932 1.6127837517793182
v 0.11635830998420715 1.4228003025054932 1.6127837517793182
v 0.11635830998420715 1.4228003025054932 1.6127837517793182
v 0.11635830998420715 1.4228003025054932 1.737349394083708
v 0.11635830998420715 1.4228003025054932 1.737349394083708
v 0.11635830998420715 1.4228003025054932 1.737349394083708
v 0.11635830998420715 1.4228003025054932 1.737349394083708
v 0.11635830998420715 1.4228003025054932 -2.271501802924547
v 0.11635830998420715 1.4228003025054932 -2.271501802924547
v 0.11635830998420715 1.4228003025054932 -2.271501802924547
v 0.11635830998420715 1.4228003025054932 -2.0989436457483066
v 0.11635830998420715 1.4228003025054932 -2.0989436457483066
v 0.11635830998420715 1.4228003025054932 -2.0989436457483066
v 0.02100647915478504 1.4228003025054932 -2.271501802924547
v 0.02100647915478504 1.4228003025054932 -2.271501802924547
v 0.02100647915478504 1.4228003025054932 -2.271501802924547
v 0.02100647915478504 1.4228003025054932 -2.0989436457483066
v 0.02100647915478504 1.4228003025054932 -2.0989436457483066
v 0.02100647915478504 1.4228003025054932 -2.0989436457483066
v 0.02100647915478504 1.4228003025054932 -2.0989436457483066
v 0.013426078548320453 1.4926267625887135 -2.2419864012480133
v 0.013426078548320453 1.4926267625887135 -2.2419864012480133
v 0.013426078548320453 1.5078064238049933 -2.1193512043566187
v 0.013426078548320453 1.5078064238049933 -2.1193512043566187
v 0.013426078548320453 1.5078064238049933 -2.1193512043566187
v 0.11635832385519862 0.9103106119704449 -2.388814793604098
v 0.11635830998420715 1.4228003025054932 -0.6444987058639526
v 0.11635830998420715 1.4228003025054932 -0.6444987058639526
v 0.11635830998420715 1.4228003025054932 -0.6444987058639526
v 0.11635830998420715 1.4228003025054932 -0.6444987058639526
v 0.11635830998420715 1.4228003025054932 1.8619152376019201
v 0.11635830998420715 1.4228003025054932 1.8619152376019201
v 0.11635830998420715 1.4228003025054932 1.8619152376019201
v 0.11635830998420715 1.3130177114648376 2.2114139890082924
v 0.11635830998420715 1.3130177114648376 2.2114139890082924
v 0.11635830998420715 1.3130177114648376 2.2114139890082924
v 0.11635830998420715 1.3130177114648376 2.2114139890082924
v 0.11635830998420715 1.1582869083572263 2.356473862775033
v 0.11635830998420715 1.1582869083572263 2.356473862775033
v 0.11635830998420715 1.1582869083572263 2.356473862775033
v 0.11635830998420715 1.1582869083572263 2.356473862775033
v 0.11635832385519862 0.9730437051944953 2.42094518606757
v 0.11635832385519862 0.9730437051944953 2.42094518606757
v 0.11635832385519862 0.9730437051944953 2.42094518606757
v 0.033535681068302736 1.4228003025054932 1.8619152376019201
v 0.033535681068302736 1.4228003025054932 1.8619152376019201
v 0.033535681068302736 1.4228003025054932 1.8619152376019201
v 0.033535681068302736 1.3130177114648376 2.2114139890082924
v 0.033535681068302736 1.3130177114648376 2.2114139890082924
v 0.033535681068302736 1.3130177114648376 2.2114139890082924
v 0.028580773924193448 1.4799638719709662 2.112303706173634
v 0.028580773924193448 1.4799638719709662 2.112303706173634
v 0.028580773924193448 1.5130859060564887 2.0484923642188733
v 0.028580773924193448 1.5130859060564887 2.0484923642188733
v 0.028580773924193448 1.4195237307373958 2.1857085207572027
v 0.028580773924193448 1.4195237307373958 2.1857085207572027
v 0.11635832385519862 0.8481629344892099 2.42094518606757
v -0.11635830998420715 1.4228003025054932 -0.6444987058639526
v -0.11635830998420715 1.4228003025054932 -0.6444987058639526
v -0.11635830998420715 1.4228003025054932 -0.6444987058639526
v -0.11635830998420715 1.4228003025054932 -0.6444987058639526
v -0.11635830998420715 1.4228003025054932 1.8619152376019201
v -0.11635830998420715 1.4228003025054932 1.8619152376019201
v -0.11635830998420715 1.4228003025054932 1.8619152376019201
v -0.11635830998420715 1.3130177114648376 2.2114139890082924
v -0.11635830998420715 1.3130177114648376 2.2114139890082924
v -0.11635830998420715 1.3130177114648376 2.2114139890082924
v -0.11635830998420715 1.3130177114648376 2.2114139890082924
v -0.11635830998420715 1.1582869083572263 2.356473862775033
v -0.11635830998420715 1.1582869083572263 2.356473862775033
v -0.11635830998420715 1.1582869083572263 2.356473862775033
v -0.11635830998420715 1.1582869083572263 2.356473862775033
v -0.11635832385519862 0.9730437051944953 2.42094518606757
v -0.11635832385519862 0.9730437051944953 2.42094518606757
v -0.11635832385519862 0.9730437051944953 2.42094518606757
v -0.033535681068302736 1.4228003025054932 1.8619152376019201
v -0.033535681068302736 1.4228003025054932 1.8619152376019201
v -0.033535681068302736 1.4228003025054932 1.8619152376019201
v -0.033535681068302736 1.4228003025054932 1.8619152376019201
v -0.033535681068302736 1.3130177114648376 2.2114139890082924
v -0.033535681068302736 1.3130177114648376 2.2114139890082924
v -0.033535681068302736 1.3130177114648376 2.2114139890082924
v -0.028580773924193448 1.4799638719709662 2.112303706173634
v -0.028580773924193448 1.4799638719709662 2.112303706173634
v -0.028580773924193448 1.5130859060564887 2.0484923642188733
v -0.028580773924193448 1.5130859060564887 2.0484923642188733
v -0.028580773924193448 1.5130859060564887 2.0484923642188733
v -0.028580773924193448 1.4195237307373958 2.1857085207572027
v -0.028580773924193448 1.4195237307373958 2.1857085207572027
v -0.11635832385519862 0.8481629344892099 2.42094518606757
v -0.11635830998420715 1.4228003025054932 -2.3324025869369507
v -0.11635830998420715 1.4228003025054932 -2.3324025869369507
v -0.11635830998420715 1.4228003025054932 -2.3324025869369507
v -0.11635830998420715 1.4228003025054932 -2.3324025869369507
v -0.11635830998420715 1.4228003025054932 -1.2300980089758369
v -0.11635830998420715 1.4228003025054932 -1.2300980089758369
v -0.11635830998420715 1.4228003025054932 -1.2300980089758369
v -0.11635832385519862 1.3773825329922005 -2.3726969627809638
v -0.11635832385519862 1.3773825329922005 -2.3726969627809638
v -0.11635832385519862 1.3773825329922005 -2.3726969627809638
v -0.11635832385519862 1.3773825329922005 -2.3726969627809638
v -0.11635832385519862 1.3773825329922005 -2.388814793604098
v -0.11635832385519862 1.3773825329922005 -2.388814793604098
v -0.11635832385519862 1.3773825329922005 -2.388814793604098
v -0.11635832385519862 1.3773825329922005 -2.388814793604098
v -0.11635830998420715 1.4228003025054932 0.6087082658689837
v -0.11635830998420715 1.4228003025054932 0.6087082658689837
v -0.11635830998420715 1.4228003025054932 0.6087082658689837
v -0.11635830998420715 1.4228003025054932 0.6087082658689837
v -0.11635830998420715 1.4228003025054932 -0.176433502270811
v -0.11635830998420715 1.4228003025054932 -0.176433502270811
v -0.11635830998420715 1.4228003025054932 -0.176433502270811
v -0.11635830998420715 1.4228003025054932 -0.32742224192421077
v -0.11635830998420715 1.4228003025054932 -0.32742224192421077
v -0.11635830998420715 1.4228003025054932 -0.32742224192421077
v -0.11635830998420715 1.4228003025054932 -0.32742224192421077
v -0.11635830998420715 1.4228003025054932 1.6127837517793182
v -0.11635830998420715 1.4228003025054932 1.6127837517793182
v -0.11635830998420715 1.4228003025054932 1.6127837517793182
v -0.11635830998420715 1.4228003025054932 1.737349394083708
v -0.11635830998420715 1.4228003025054932 1.737349394083708
v -0.11635830998420715 1.4228003025054932 1.737349394083708
v -0.11635830998420715 1.4228003025054932 -2.271501802924547
v -0.11635830998420715 1.4228003025054932 -2.271501802924547
v -0.11635830998420715 1.4228003025054932 -2.271501802924547
v -0.11635830998420715 1.4228003025054932 -2.0989436457483066
v -0.11635830998420715 1.4228003025054932 -2.0989436457483066
v -0.11635830998420715 1.4228003025054932 -2.0989436457483066
v -0.02100647915478504 1.4228003025054932 -2.271501802924547
v -0.02100647915478504 1.4228003025054932 -2.271501802924547
v -0.02100647915478504 1.4228003025054932 -2.271501802924547
v -0.02100647915478504 1.4228003025054932 -2.0989436457483066
v -0.02100647915478504 1.4228003025054932 -2.0989436457483066
v -0.02100647915478504 1.4228003025054932 -2.0989436457483066
v -0.013426078548320453 1.4926267625887135 -2.2419864012480133
v -0.013426078548320453 1.4926267625887135 -2.2419864012480133
v -0.013426078548320453 1.5078064238049933 -2.1193512043566187
v -0.013426078548320453 1.5078064238049933 -2.1193512043566187
v -0.11635832385519862 0.9103106119704449 -2.388814793604098
v -0.11635832385519862 0.9103106119704449 -2.388814793604098
v 0.10063028405111041 1.4228003025054932 1.6273093776250676
v 0.10063028405111041 1.4228003025054932 1.6273093776250676
v 0.10063028405111041 1.4228003025054932 1.6273093776250676
v 0.03845700480819758 1.4228003025054932 1.6273093776250676
v 0.03845700480819758 1.4228003025054932 1.6273093776250676
v 0.03845700480819758 1.4228003025054932 1.6273093776250676
v 0.03845700480819758 1.4228003025054932 1.7228237682379586
v 0.03845700480819758 1.4228003025054932 1.7228237682379586
v 0.03845700480819758 1.4228003025054932 1.7228237682379586
v 0.03845700480819758 1.4228003025054932 1.7228237682379586
v 0.10063028405111041 1.4228003025054932 1.7228237682379586
v 0.10063028405111041 1.4228003025054932 1.7228237682379586
v 0.10063028405111041 1.4228003025054932 1.7228237682379586
v 0.10063028405111041 1.4228003025054932 1.7228237682379586
v -0.03845700480819758 1.4228003025054932 1.6273093776250676
v -0.03845700480819758 1.4228003025054932 1.6273093776250676
v -0.03845700480819758 1.4228003025054932 1.6273093776250676
v -0.10063028405111041 1.4228003025054932 1.6273093776250676
v -0.10063028405111041 1.4228003025054932 1.6273093776250676
v -0.10063028405111041 1.4228003025054932 1.6273093776250676
v -0.10063028405111041 1.4228003025054932 1.7228237682379586
v -0.10063028405111041 1.4228003025054932 1.7228237682379586
v -0.10063028405111041 1.4228003025054932 1.7228237682379586
v -0.03845700480819758 1.4228003025054932 1.7228237682379586
v -0.03845700480819758 1.4228003025054932 1.7228237682379586
v -0.03845700480819758 1.4228003025054932 1.7228237682379586
v 0.03845700480819758 1.5144050024204034 1.6273093776250676
v 0.03845700480819758 1.5144050024204034 1.6273093776250676
v 0.03845700480819758 1.5144050024204034 1.6273093776250676
v 0.10063028405111041 1.5144050024204034 1.6273093776250676
v 0.10063028405111041 1.5144050024204034 1.6273093776250676
v 0.10063028405111041 1.5144050024204034 1.6273093776250676
v 0.10063028405111041 1.5497137441332711 1.7228237682379586
v 0.10063028405111041 1.5497137441332711 1.7228237682379586
v 0.10063028405111041 1.5497137441332711 1.7228237682379586
v 0.03845700480819758 1.5497137441332711 1.7228237682379586
v 0.03845700480819758 1.5497137441332711 1.7228237682379586
v 0.03845700480819758 1.5497137441332711 1.7228237682379586
v -0.10063028405111041 1.5144050024204034 1.6273093776250676
v -0.10063028405111041 1.5144050024204034 1.6273093776250676
v -0.10063028405111041 1.5144050024204034 1.6273093776250676
v -0.03845700480819758 1.5144050024204034 1.6273093776250676
v -0.03845700480819758 1.5144050024204034 1.6273093776250676
v -0.03845700480819758 1.5144050024204034 1.6273093776250676
v -0.03845700480819758 1.5497137441332711 1.7228237682379586
v -0.03845700480819758 1.5497137441332711 1.7228237682379586
v -0.03845700480819758 1.5497137441332711 1.7228237682379586
v -0.10063028405111041 1.5497137441332711 1.7228237682379586
v -0.10063028405111041 1.5497137441332711 1.7228237682379586
v -0.10063028405111041 1.5497137441332711 1.7228237682379586
vt 0.6265924572944641 0.8923628330230713
vt 0.6265924572944641 0.8923628330230713
vt 0.6265924572944641 0.8923628330230713
vt 0.6265924572944641 0.8923628330230713
vt 0.9665684103965759 0.8923628330230713
vt 0.9665684103965759 0.8923628330230713
vt 0.9665684103965759 0.8923628330230713
vt 0.9665684103965759 0.8923628330230713
vt 0.6265924572944641 0.8923628330230713
vt 0.6265924572944641 0.8923628330230713
vt 0.6265924572944641 0.8923628330230713
vt 0.6265924572944641 0.8923628330230713
vt 0.9665684103965759 0.8923628330230713
vt 0.9665684103965759 0.8923628330230713
vt 0.9665684103965759 0.8923628330230713
vt 0.9665684103965759 0.8923628330230713
vt 0.7430559992790222 0.8923628330230713
vt 0.7430559992790222 0.8923628330230713
vt 0.7430559992790222 0.8923628330230713
vt 0.7430559992790222 0.8923628330230713
vt 0.7430559992790222 0.8923628330230713
vt 0.7430559992790222 0.8923628330230713
vt 0.7430559992790222 0.8923628330230713
vt 0.7430559992790222 0.8923628330230713
vt 0.12811587750911713 0.9262410402297974
vt 0.12811587750911713 0.9262410402297974
vt 0.12811587750911713 0.9262410402297974
vt 0.12811587750911713 0.9262410402297974
vt 0.12811587750911713 0.9262410402297974
vt 0.12811587750911713 0.9262410402297974
vt 0.12811587750911713 0.9262410402297974
vt 0.12811587750911713 0.9262410402297974
vt 0.09579115360975266 0.9147262573242188
vt 0.09579115360975266 0.9147262573242188
vt 0.09579115360975266 0.9147262573242188
vt 0.09579115360975266 0.9147262573242188
vt 0.09579115360975266 0.9147262573242188
vt 0.09579115360975266 0.9147262573242188
vt 0.09579115360975266 0.9147262573242188
vt 0.09579115360975266 0.9147262573242188
vt 0.05860738083720207 0.8937140107154846
vt 0.05860738083720207 0.8937140107154846
vt 0.05860738083720207 0.8937140107154846
vt 0.05860738083720207 0.8937140107154846
vt 0.05860738083720207 0.8937140107154846
vt 0.05860738083720207 0.8937140107154846
vt 0.05860738083720207 0.8937140107154846
vt 0.05860738083720207 0.8937140107154846
vt 0.029757685959339142 0.8139910697937012
vt 0.029757685959339142 0.8139910697937012
vt 0.031964804977178574 0.8169814944267273
vt 0.031964804977178574 0.8169814944267273
vt 0.031964804977178574 0.8169814944267273
vt 0.031964804977178574 0.8169814944267273
vt 0.029757685959339142 0.8139910697937012
vt 0.029757685959339142 0.8139910697937012
vt 0.01693555898964405 0.7591056227684021
vt 0.022674091160297394 0.7772123217582703
vt 0.022674091160297394 0.7772123217582703
vt 0.022674091160297394 0.7772123217582703
vt 0.022674091160297394 0.7772123217582703
vt 0.01693555898964405 0.7591056227684021
vt 0.9745824337005615 0.8789059519767761
vt 0.9745824337005615 0.8789059519767761
vt 0.9745824337005615 0.8789059519767761
vt 0.9745824337005615 0.8789059519767761
vt 0.9745824337005615 0.8789059519767761
vt 0.9745824337005615 0.8789059519767761
vt 0.9745824337005615 0.8789059519767761
vt 0.9745824337005615 0.8789059519767761
vt 0.977787971496582 0.8789059519767761
vt 0.977787971496582 0.8789059519767761
vt 0.9636794328689575 0.8113691806793213
vt 0.9636794328689575 0.8767317533493042
vt 0.977787971496582 0.8789059519767761
vt 0.977787971496582 0.8789059519767761
vt 0.37735408544540405 0.8923628330230713
vt 0.37735408544540405 0.8923628330230713
vt 0.37735408544540405 0.8923628330230713
vt 0.37735408544540405 0.8923628330230713
vt 0.37735408544540405 0.8923628330230713
vt 0.37735408544540405 0.8923628330230713
vt 0.5335028171539307 0.8923628330230713
vt 0.5335028171539307 0.8923628330230713
vt 0.5335028171539307 0.8923628330230713
vt 0.5335028171539307 0.8923628330230713
vt 0.5335028171539307 0.8923628330230713
vt 0.5335028171539307 0.8923628330230713
vt 0.5635318160057068 0.8923628330230713
vt 0.5635318160057068 0.8923628330230713
vt 0.5635318160057068 0.8923628330230713
vt 0.5635318160057068 0.8923628330230713
vt 0.5635318160057068 0.8923628330230713
vt 0.5635318160057068 0.8923628330230713
vt 0.12811587750911713 0.8923628330230713
vt 0.12811587750911713 0.8923628330230713
vt 0.12811587750911713 0.8923628330230713
vt 0.12811587750911713 0.8923628330230713
vt 0.12811587750911713 0.8923628330230713
vt 0.12811587750911713 0.8923628330230713
vt 0.12811587750911713 0.8923628330230713
vt 0.12811587750911713 0.8923628330230713
vt 0.09579115360975266 0.8808475732803345
vt 0.09579115360975266 0.8808475732803345
vt 0.09579115360975266 0.8808475732803345
vt 0.09579115360975266 0.8808475732803345
vt 0.09579115360975266 0.8808475732803345
vt 0.09579115360975266 0.8808475732803345
vt 0.09579115360975266 0.8808475732803345
vt 0.05860738083720207 0.8598355054855347
vt 0.05286885052919388 0.8501996397972107
vt 0.05860738083720207 0.8598355054855347
vt 0.05860738083720207 0.8598355054855347
vt 0.05860738083720207 0.8598355054855347
vt 0.05860738083720207 0.8598355054855347
vt 0.05860738083720207 0.8598355054855347
vt 0.05286885052919388 0.8501996397972107
vt 0.05860738083720207 0.8598355054855347
vt 0.07831825315952301 0.9431781768798828
vt 0.07831825315952301 0.9431781768798828
vt 0.07831825315952301 0.9431781768798828
vt 0.07831825315952301 0.9431781768798828
vt 0.07831825315952301 0.9431781768798828
vt 0.07831825315952301 0.9431781768798828
vt 0.07831825315952301 0.9431781768798828
vt 0.07831825315952301 0.9431781768798828
vt 0.09100916236639023 0.9529914855957031
vt 0.09100916236639023 0.9529914855957031
vt 0.09100916236639023 0.9529914855957031
vt 0.09100916236639023 0.9529914855957031
vt 0.09100916236639023 0.9529914855957031
vt 0.09100916236639023 0.9529914855957031
vt 0.06371942907571793 0.9252702593803406
vt 0.06371942907571793 0.9252702593803406
vt 0.06371942907571793 0.9252702593803406
vt 0.06371942907571793 0.9252702593803406
vt 0.06371942907571793 0.9252702593803406
vt 0.06371942907571793 0.9252702593803406
vt 0.17766280472278595 0.8923628330230713
vt 0.17766280472278595 0.8923628330230713
vt 0.17766280472278595 0.8923628330230713
vt 0.17766280472278595 0.8923628330230713
vt 0.17766280472278595 0.8923628330230713
vt 0.17766280472278595 0.8923628330230713
vt 0.1528892070055008 0.8923628330230713
vt 0.1528892070055008 0.8923628330230713
vt 0.1528892070055008 0.8923628330230713
vt 0.1528892070055008 0.8923628330230713
vt 0.1528892070055008 0.8923628330230713
vt 0.1528892070055008 0.8923628330230713
vt 0.9544567465782166 0.9262410402297974
vt 0.9544567465782166 0.9262410402297974
vt 0.9544567465782166 0.9262410402297974
vt 0.9544567465782166 0.9262410402297974
vt 0.9544567465782166 0.9262410402297974
vt 0.9544567465782166 0.9262410402297974
vt 0.9544567465782166 0.9262410402297974
vt 0.9544567465782166 0.9262410402297974
vt 0.9201385974884033 0.9262410402297974
vt 0.9201385974884033 0.9262410402297974
vt 0.9201385974884033 0.9262410402297974
vt 0.9201385974884033 0.9262410402297974
vt 0.9201385974884033 0.9262410402297974
vt 0.9201385974884033 0.9262410402297974
vt 0.9201385974884033 0.9262410402297974
vt 0.9201385974884033 0.9262410402297974
vt 0.9201385974884033 0.8923628330230713
vt 0.9201385974884033 0.8923628330230713
vt 0.9201385974884033 0.8923628330230713
vt 0.9201385974884033 0.8923628330230713
vt 0.9201385974884033 0.8923628330230713
vt 0.9544567465782166 0.8923628330230713
vt 0.9544567465782166 0.8923628330230713
vt 0.9544567465782166 0.8923628330230713
vt 0.9544567465782166 0.8923628330230713
vt 0.9544567465782166 0.8923628330230713
vt 0.9544567465782166 0.8923628330230713
vt 0.9544567465782166 0.8923628330230713
vt 0.9544567465782166 0.8923628330230713
vt 0.9544567465782166 0.8923628330230713
vt 0.9544567465782166 0.8923628330230713
vt 0.9201385974884033 0.8923628330230713
vt 0.9201385974884033 0.8923628330230713
vt 0.9201385974884033 0.8923628330230713
vt 0.9201385974884033 0.8923628330230713
vt 0.9201385974884033 0.8923628330230713
vt 0.9241971969604492 0.9514274597167969
vt 0.9241971969604492 0.9514274597167969
vt 0.9241971969604492 0.9514274597167969
vt 0.9485867023468018 0.9469300508499146
vt 0.9485867023468018 0.9469300508499146
vt 0.9485867023468018 0.9469300508499146
vt 0.9485867023468018 0.9469300508499146
vt 0.9485867023468018 0.9469300508499146
vt 0.9485867023468018 0.9469300508499146
vt 0.9241971969604492 0.9514274597167969
vt 0.9241971969604492 0.9514274597167969
vt 0.9241971969604492 0.9514274597167969
vt 0.6265924572944641 0.7654262185096741
vt 0.6265924572944641 0.7654262185096741
vt 0.9665684103965759 0.7654262185096741
vt 0.9665684103965759 0.7654262185096741
vt 0.9665684103965759 0.7654262185096741
vt 0.9665684103965759 0.7654262185096741
vt 0.6265924572944641 0.7654262185096741
vt 0.6265924572944641 0.7654262185096741
vt 0.7430559992790222 0.7654262185096741
vt 0.7430559992790222 0.7654262185096741
vt 0.7430559992790222 0.7654262185096741
vt 0.7430559992790222 0.7654262185096741
vt 0.12811587750911713 0.7654262185096741
vt 0.12811587750911713 0.7654262185096741
vt 0.09579115360975266 0.7635070085525513
vt 0.09579115360975266 0.7635070085525513
vt 0.09579115360975266 0.7635070085525513
vt 0.0671553760766983 0.7600048184394836
vt 0.0671553760766983 0.7600048184394836
vt 0.0671553760766983 0.7600048184394836
vt 0.029757685959339142 0.7523641586303711
vt 0.029757685959339142 0.7523641586303711
vt 0.029757685959339142 0.7523641586303711
vt 0.029757685959339142 0.7523641586303711
vt 0.01693555898964405 0.755983829498291
vt 0.022674091160297394 0.7749503254890442
vt 0.022674091160297394 0.7749503254890442
vt 0.01693555898964405 0.755983829498291
vt 0.9745824337005615 0.7743971347808838
vt 0.9745824337005615 0.7743971347808838
vt 0.9745824337005615 0.7743971347808838
vt 0.9745824337005615 0.7743971347808838
vt 0.977787971496582 0.7743971347808838
vt 0.9601192474365234 0.8113691806793213
vt 0.9601192474365234 0.8767317533493042
vt 0.977787971496582 0.7743971347808838
vt 0.37735408544540405 0.7654262185096741
vt 0.37735408544540405 0.7654262185096741
vt 0.5335028171539307 0.7654262185096741
vt 0.5335028171539307 0.7654262185096741
vt 0.5635318160057068 0.7654262185096741
vt 0.5635318160057068 0.7654262185096741
vt 0.17766280472278595 0.7654262185096741
vt 0.17766280472278595 0.7654262185096741
vt 0.1528892070055008 0.7654262185096741
vt 0.1528892070055008 0.7654262185096741
vt 0.9544567465782166 0.7654262185096741
vt 0.9544567465782166 0.7654262185096741
vt 0.9544567465782166 0.7654262185096741
vt 0.9544567465782166 0.7654262185096741
vt 0.9201385974884033 0.7654262185096741
vt 0.9201385974884033 0.7654262185096741
vt 0.9201385974884033 0.7654262185096741
vt 0.9201385974884033 0.7654262185096741
vt 0.9665684103965759 0.9262410402297974
vt 0.9665684103965759 0.9262410402297974
vt 0.4239666759967804 0.9262410402297974
vt 0.6265924572944641 0.9262410402297974
vt 0.7430559992790222 0.9262410402297974
vt 0.12811587750911713 0.9262410402297974
vt 0.05286885052919388 0.8747475147247314
vt 0.05860738083720207 0.8937140107154846
vt 0.031964804977178574 0.8415291905403137
vt 0.031964804977178574 0.8415291905403137
vt 0.022674091160297394 0.8017602562904358
vt 0.022674091160297394 0.8017602562904358
vt 0.9745824337005615 0.9127845168113708
vt 0.9745824337005615 0.9127845168113708
vt 0.9648335576057434 0.8440504670143127
vt 0.977787971496582 0.9127845168113708
vt 0.39819133281707764 0.9262410402297974
vt 0.37735408544540405 0.9262410402297974
vt 0.41433972120285034 0.9262410402297974
vt 0.41744521260261536 0.9262410402297974
vt 0.41744521260261536 0.9262410402297974
vt 0.12811587750911713 0.9262410402297974
vt 0.12811587750911713 0.9262410402297974
vt 0.05860738083720207 0.8937140107154846
vt 0.05860738083720207 0.8937140107154846
vt 0.07831825315952301 0.9431781768798828
vt 0.07831825315952301 0.9431781768798828
vt 0.09100916236639023 0.9529914855957031
vt 0.09100916236639023 0.9529914855957031
vt 0.06371942907571793 0.9252702593803406
vt 0.06371942907571793 0.9252702593803406
vt 0.17766280472278595 0.9262410402297974
vt 0.1528892070055008 0.9262410402297974
vt 0.1528892070055008 0.9262410402297974
vt 0.9544567465782166 0.9262410402297974
vt 0.9201385974884033 0.9262410402297974
vt 0.9544567465782166 0.9262410402297974
vt 0.9544567465782166 0.9262410402297974
vt 0.9201385974884033 0.9262410402297974
vt 0.9201385974884033 0.9262410402297974
vt 0.9485867023468018 0.9469300508499146
vt 0.9485867023468018 0.9469300508499146
vt 0.9241971969604492 0.9514274597167969
vt 0.9241971969604492 0.9514274597167969
vt 0.9601192474365234 0.8440504670143127
vt 0.022674091160297394 0.7749503254890442
vt 0.9665684103965759 0.9262410402297974
vt 0.9665684103965759 0.9262410402297974
vt 0.9665684103965759 0.9262410402297974
vt 0.9665684103965759 0.9262410402297974
vt 0.7430559992790222 0.9262410402297974
vt 0.7430559992790222 0.9262410402297974
vt 0.7430559992790222 0.9262410402297974
vt 0.9745824337005615 0.9127845168113708
vt 0.9745824337005615 0.9127845168113708
vt 0.9745824337005615 0.9127845168113708
vt 0.9745824337005615 0.9127845168113708
vt 0.9648335576057434 0.8603911399841309
vt 0.977787971496582 0.9127845168113708
vt 0.977787971496582 0.9127845168113708
vt 0.39819133281707764 0.9262410402297974
vt 0.37735408544540405 0.9262410402297974
vt 0.37735408544540405 0.9262410402297974
vt 0.37735408544540405 0.9262410402297974
vt 0.41433972120285034 0.9262410402297974
vt 0.5335028171539307 0.9262410402297974
vt 0.5335028171539307 0.9262410402297974
vt 0.41744521260261536 0.9262410402297974
vt 0.41744521260261536 0.9262410402297974
vt 0.5635318160057068 0.9262410402297974
vt 0.5635318160057068 0.9262410402297974
vt 0.17766280472278595 0.9262410402297974
vt 0.17766280472278595 0.9262410402297974
vt 0.17766280472278595 0.9262410402297974
vt 0.1528892070055008 0.9262410402297974
vt 0.1528892070055008 0.9262410402297974
vt 0.1528892070055008 0.9262410402297974
vt 0.1528892070055008 0.9262410402297974
vt 0.9544567465782166 0.9262410402297974
vt 0.9544567465782166 0.9262410402297974
vt 0.9544567465782166 0.9262410402297974
vt 0.9201385974884033 0.9262410402297974
vt 0.9201385974884033 0.9262410402297974
vt 0.9201385974884033 0.9262410402297974
vt 0.9544567465782166 0.9262410402297974
vt 0.9544567465782166 0.9262410402297974
vt 0.9544567465782166 0.9262410402297974
vt 0.9201385974884033 0.9262410402297974
vt 0.9201385974884033 0.9262410402297974
vt 0.9201385974884033 0.9262410402297974
vt 0.9201385974884033 0.9262410402297974
vt 0.9485867023468018 0.9469300508499146
vt 0.9485867023468018 0.9469300508499146
vt 0.9241971969604492 0.9514274597167969
vt 0.9241971969604492 0.9514274597167969
vt 0.9241971969604492 0.9514274597167969
vt 0.9601192474365234 0.8603910803794861
vt 0.4239666759967804 0.9262410402297974
vt 0.6265924572944641 0.9262410402297974
vt 0.6265924572944641 0.9262410402297974
vt 0.6265924572944641 0.9262410402297974
vt 0.12811587750911713 0.9262410402297974
vt 0.12811587750911713 0.9262410402297974
vt 0.12811587750911713 0.9262410402297974
vt 0.05860738083720207 0.8937140107154846
vt 0.05286885052919388 0.8747475147247314
vt 0.05860738083720207 0.8937140107154846
vt 0.05286885052919388 0.8747475147247314
vt 0.031964804977178574 0.8415291905403137
vt 0.031964804977178574 0.8415291905403137
vt 0.031964804977178574 0.8415291905403137
vt 0.031964804977178574 0.8415291905403137
vt 0.022674091160297394 0.8017602562904358
vt 0.022674091160297394 0.8017602562904358
vt 0.022674091160297394 0.8017602562904358
vt 0.12811587750911713 0.9262410402297974
vt 0.12811587750911713 0.9262410402297974
vt 0.12811587750911713 0.9262410402297974
vt 0.05860738083720207 0.8937140107154846
vt 0.05860738083720207 0.8937140107154846
vt 0.05860738083720207 0.8937140107154846
vt 0.07831825315952301 0.9431781768798828
vt 0.07831825315952301 0.9431781768798828
vt 0.09100916236639023 0.9529914855957031
vt 0.09100916236639023 0.9529914855957031
vt 0.06371942907571793 0.9252702593803406
vt 0.06371942907571793 0.9252702593803406
vt 0.022674091160297394 0.7749503254890442
vt 0.6265924572944641 0.9262410402297974
vt 0.6265924572944641 0.9262410402297974
vt 0.4239666759967804 0.9262410402297974
vt 0.6265924572944641 0.9262410402297974
vt 0.12811587750911713 0.9262410402297974
vt 0.12811587750911713 0.9262410402297974
vt 0.12811587750911713 0.9262410402297974
vt 0.05286885052919388 0.8747475147247314
vt 0.05860738083720207 0.8937140107154846
vt 0.05286885052919388 0.8747475147247314
vt 0.05860738083720207 0.8937140107154846
vt 0.031964804977178574 0.8415291905403137
vt 0.031964804977178574 0.8415291905403137
vt 0.031964804977178574 0.8415291905403137
vt 0.031964804977178574 0.8415291905403137
vt 0.022674091160297394 0.8017602562904358
vt 0.022674091160297394 0.8017602562904358
vt 0.022674091160297394 0.8017602562904358
vt 0.12811587750911713 0.9262410402297974
vt 0.12811587750911713 0.9262410402297974
vt 0.12811587750911713 0.9262410402297974
vt 0.12811587750911713 0.9262410402297974
vt 0.05860738083720207 0.8937140107154846
vt 0.05860738083720207 0.8937140107154846
vt 0.05860738083720207 0.8937140107154846
vt 0.07831825315952301 0.9431781768798828
vt 0.07831825315952301 0.9431781768798828
vt 0.09100916236639023 0.9529914855957031
vt 0.09100916236639023 0.9529914855957031
vt 0.09100916236639023 0.9529914855957031
vt 0.06371942907571793 0.9252702593803406
vt 0.06371942907571793 0.9252702593803406
vt 0.022674091160297394 0.7749503254890442
vt 0.9665684103965759 0.9262410402297974
vt 0.9665684103965759 0.9262410402297974
vt 0.9665684103965759 0.9262410402297974
vt 0.9665684103965759 0.9262410402297974
vt 0.7430559992790222 0.9262410402297974
vt 0.7430559992790222 0.9262410402297974
vt 0.7430559992790222 0.9262410402297974
vt 0.9745824337005615 0.9127845168113708
vt 0.9745824337005615 0.9127845168113708
vt 0.9745824337005615 0.9127845168113708
vt 0.9745824337005615 0.9127845168113708
vt 0.977787971496582 0.9127845168113708
vt 0.9648335576057434 0.8277097940444946
vt 0.9648335576057434 0.8277097940444946
vt 0.977787971496582 0.9127845168113708
vt 0.37735408544540405 0.9262410402297974
vt 0.37735408544540405 0.9262410402297974
vt 0.39819133281707764 0.9262410402297974
vt 0.37735408544540405 0.9262410402297974
vt 0.5335028171539307 0.9262410402297974
vt 0.5335028171539307 0.9262410402297974
vt 0.41433972120285034 0.9262410402297974
vt 0.5635318160057068 0.9262410402297974
vt 0.5635318160057068 0.9262410402297974
vt 0.41744521260261536 0.9262410402297974
vt 0.41744521260261536 0.9262410402297974
vt 0.17766280472278595 0.9262410402297974
vt 0.17766280472278595 0.9262410402297974
vt 0.17766280472278595 0.9262410402297974
vt 0.1528892070055008 0.9262410402297974
vt 0.1528892070055008 0.9262410402297974
vt 0.1528892070055008 0.9262410402297974
vt 0.9544567465782166 0.9262410402297974
vt 0.9544567465782166 0.9262410402297974
vt 0.9544567465782166 0.9262410402297974
vt 0.9201385974884033 0.9262410402297974
vt 0.9201385974884033 0.9262410402297974
vt 0.9201385974884033 0.9262410402297974
vt 0.9544567465782166 0.9262410402297974
vt 0.9544567465782166 0.9262410402297974
vt 0.9544567465782166 0.9262410402297974
vt 0.9201385974884033 0.9262410402297974
vt 0.9201385974884033 0.9262410402297974
vt 0.9201385974884033 0.9262410402297974
vt 0.9485867023468018 0.9469300508499146
vt 0.9485867023468018 0.9469300508499146
vt 0.9241971969604492 0.9514274597167969
vt 0.9241971969604492 0.9514274597167969
vt 0.9601192474365234 0.8277097940444946
vt 0.9601192474365234 0.8277097940444946
vt 0.15193872153759003 0.922683835029602
vt 0.1747741848230362 0.9262410402297974
vt 0.15193872153759003 0.922683835029602
vt 0.15193872153759003 0.922683835029602
vt 0.15193872153759003 0.922683835029602
vt 0.1747741848230362 0.9262410402297974
vt 0.1411966234445572 0.922683835029602
vt 0.1411966234445572 0.922683835029602
vt 0.15577839314937592 0.9262410402297974
vt 0.15577839314937592 0.9262410402297974
vt 0.1411966234445572 0.922683835029602
vt 0.15577839314937592 0.9262410402297974
vt 0.15577839314937592 0.9262410402297974
vt 0.1411966234445572 0.922683835029602
vt 0.15193872153759003 0.922683835029602
vt 0.1747741848230362 0.9262410402297974
vt 0.15193872153759003 0.922683835029602
vt 0.15193872153759003 0.922683835029602
vt 0.15193872153759003 0.922683835029602
vt 0.1747741848230362 0.9262410402297974
vt 0.1411966234445572 0.922683835029602
vt 0.1411966234445572 0.922683835029602
vt 0.15577839314937592 0.9262410402297974
vt 0.1411966234445572 0.922683835029602
vt 0.15577839314937592 0.9262410402297974
vt 0.1411966234445572 0.922683835029602
vt 0.15193872153759003 0.9611072540283203
vt 0.15193872153759003 0.9611072540283203
vt 0.15193872153759003 0.9611072540283203
vt 0.15193872153759003 0.9611072540283203
vt 0.15193872153759003 0.9611072540283203
vt 0.15193872153759003 0.9611072540283203
vt 0.1411966234445572 0.9759175777435303
vt 0.1411966234445572 0.9759175777435303
vt 0.1411966234445572 0.9759175777435303
vt 0.1411966234445572 0.9759175777435303
vt 0.1411966234445572 0.9759175777435303
vt 0.1411966234445572 0.9759175777435303
vt 0.15193872153759003 0.9611072540283203
vt 0.15193872153759003 0.9611072540283203
vt 0.15193872153759003 0.9611072540283203
vt 0.15193872153759003 0.9611072540283203
vt 0.15193872153759003 0.9611072540283203
vt 0.15193872153759003 0.9611072540283203
vt 0.1411966234445572 0.9759175777435303
vt 0.1411966234445572 0.9759175777435303
vt 0.1411966234445572 0.9759175777435303
vt 0.1411966234445572 0.9759175777435303
vt 0.1411966234445572 0.9759175777435303
vt 0.1411966234445572 0.9759175777435303
vn -1 0 0
vn -1 0 0
vn -0.7009050631804785 0.7132545775583706 0
vn -0.7009050460203118 0.7132545944214204 0
vn -1 0 0
vn -0.9999999999999415 0 3.417312824404261e-7
vn -0.7009050631804785 0.7132545775583706 0
vn -0.5462623650656818 0.5558872329088937 -0.6265674846349283
vn 0.7009050460203118 0.7132545944214204 0
vn 0.7009050631804785 0.7132545775583706 0
vn 1 0 0
vn 1 0 0
vn 0.5462623650656818 0.5558872329088937 -0.6265674846349283
vn 0.7009050631804785 0.7132545775583706 0
vn 1 0 0
vn 0.9999999999997664 0 6.834625648807325e-7
vn -1 0 0
vn -1 0 0
vn -0.7009050631804785 0.7132545775583706 0
vn -0.7009049966706741 0.7132546429165969 0
vn 0.7009049966706741 0.7132546429165969 0
vn 0.7009050631804785 0.7132545775583706 0
vn 1 0 0
vn 1 0 0
vn -0.9971231716268188 0.07223307515702543 0.022973102930014984
vn -0.5573979841828948 0.8074815763758347 0.1930828605610618
vn 0 -0.000008308855189278377 0.9999999999654814
vn 0 0.9001471286815023 -0.43558598086537026
vn 0 0 1
vn 0 0.9001473008657512 -0.435585625043002
vn 0.5573979841828948 0.8074815763758347 0.1930828605610618
vn 0.9971231738933226 0.07223305263199284 0.02297307537902381
vn -0.9971231716268188 0.07223307515702543 0.022973102930014984
vn -0.9955259788167584 0.08436034686550359 0.0425600443804625
vn -0.5573979841828948 0.8074815763758347 0.1930828605610618
vn -0.5422815784786613 0.7855819477781624 0.29797934990156627
vn 0.5422815784786613 0.7855819477781624 0.29797934990156627
vn 0.5573979841828948 0.8074815763758347 0.1930828605610618
vn 0.9955259797779445 0.08436032757432192 0.04256006013525793
vn 0.9971231738933226 0.07223305263199284 0.02297307537902381
vn -0.9955259788167584 0.08436034686550359 0.0425600443804625
vn -0.5422815784786613 0.7855819477781624 0.29797934990156627
vn 0 0 -1
vn 0 0.234616199811072 0.9720880818044274
vn 0 0.0000166177103768359 -0.9999999998619259
vn 0 0.234616199811072 0.9720880818044274
vn 0.5422815784786613 0.7855819477781624 0.29797934990156627
vn 0.9955259797779445 0.08436032757432192 0.04256006013525793
vn -0.9999999999999988 0 -4.7715540409198236e-8
vn -1 0 0
vn -0.5578173773291801 0.5676457932591416 0.605489906558974
vn -0.3073697313593528 0.31278538717914395 0.8987152773883795
vn 0.3073697508735217 0.3127854115516876 0.8987152622318098
vn 0.5578173975844465 0.567645833932423 0.6054898497673432
vn 0.9999999999999988 0 -4.771554824637929e-8
vn 1 0 0
vn -0.9999999999999988 0 -4.7715540409198236e-8
vn -0.3073697313593528 0.31278538717914395 0.8987152773883795
vn 0 0 1
vn 0 0 1
vn 0.3073697508735217 0.3127854115516876 0.8987152622318098
vn 0.9999999999999988 0 -4.771554824637929e-8
vn -1 0 0
vn -0.9999999999999415 0 3.417312824404261e-7
vn -0.7009051050154569 0.7132545364477334 0
vn -0.5462623650656818 0.5558872329088937 -0.6265674846349283
vn 0.5462623650656818 0.5558872329088937 -0.6265674846349283
vn 0.7009051050154569 0.7132545364477334 0
vn 1 0 0
vn 0.9999999999997664 0 6.834625648807325e-7
vn -1 0 0
vn -0.7009051050154569 0.7132545364477334 0
vn 0 0 -1
vn 0 0 -1
vn 0.7009051050154569 0.7132545364477334 0
vn 1 0 0
vn -1 0 0
vn -0.7009050138308455 0.7132546260535451 0
vn -0.7009050460203118 0.7132545944214204 0
vn 0.7009050460203118 0.7132545944214204 0
vn 0.7009050138308455 0.7132546260535451 0
vn 1 0 0
vn -1 0 0
vn -0.7009050631804785 0.7132545775583706 0
vn -0.7009050138308455 0.7132546260535451 0
vn 0.7009050631804785 0.7132545775583706 0
vn 0.7009050138308455 0.7132546260535451 0
vn 1 0 0
vn -1 0 0
vn -0.7009050631804785 0.7132545775583706 0
vn -0.7009050460203118 0.7132545944214204 0
vn 0.7009050460203118 0.7132545944214204 0
vn 0.7009050631804785 0.7132545775583706 0
vn 1 0 0
vn 0 0 1
vn 0.5573979841828948 0.8074815763758347 0.1930828605610618
vn 0.7009050460203118 0.7132545944214204 0
vn 1 0 0
vn -1 0 0
vn -0.7009050460203118 0.7132545944214204 0
vn -0.5573979841828948 0.8074815763758347 0.1930828605610618
vn 0 -0.000008308855189278377 0.9999999999654814
vn -1 0 0
vn -0.5573979841828948 0.8074815763758347 0.1930828605610618
vn -0.5422815784786613 0.7855819477781624 0.29797934990156627
vn 0.5422815784786613 0.7855819477781624 0.29797934990156627
vn 0.5573979841828948 0.8074815763758347 0.1930828605610618
vn 0.9999999999999847 0 -1.7480302004823355e-7
vn 1 0 0
vn 0 0.0000166177103768359 -0.9999999998619259
vn 0.5578173975844465 0.567645833932423 0.6054898497673432
vn 0.5422815784786613 0.7855819477781624 0.29797934990156627
vn 0.9999999999999847 0 -1.7480302004823355e-7
vn 1 0 0
vn -1 0 0
vn -0.5422815784786613 0.7855819477781624 0.29797934990156627
vn -0.5578173773291801 0.5676457932591416 0.605489906558974
vn 0 0 -1
vn 0 0.7719854043978203 0.635640256274517
vn 0 0.8875579522772993 0.4606960834968401
vn 0.9955259797779445 0.08436032757432192 0.04256006013525793
vn 0.9971231738933226 0.07223305263199284 0.02297307537902381
vn -0.9971231716268188 0.07223307515702543 0.022973102930014984
vn -0.9955259788167584 0.08436034686550359 0.0425600443804625
vn 0 0.7719854043978203 0.635640256274517
vn 0 0.8875579522772993 0.4606960834968401
vn 0 0.8875579522772993 0.4606960834968401
vn 0 0.9001473008657512 -0.435585625043002
vn 0.9971231738933226 0.07223305263199284 0.02297307537902381
vn -0.9971231716268188 0.07223307515702543 0.022973102930014984
vn 0 0.8875579522772993 0.4606960834968401
vn 0 0.9001471286815023 -0.43558598086537026
vn 0 0.234616199811072 0.9720880818044274
vn 0 0.7719854043978203 0.635640256274517
vn 0.9955259797779445 0.08436032757432192 0.04256006013525793
vn -0.9955259788167584 0.08436034686550359 0.0425600443804625
vn 0 0.234616199811072 0.9720880818044274
vn 0 0.7719854043978203 0.635640256274517
vn -1 0 0
vn -0.7009050385056614 0.7132546018059591 0
vn -0.7009050460203118 0.7132545944214204 0
vn 0.7009050460203118 0.7132545944214204 0
vn 0.7009050385056614 0.7132546018059591 0
vn 1 0 0
vn -1 0 0
vn -0.7009050385056614 0.7132546018059591 0
vn -0.7009050460203118 0.7132545944214204 0
vn 0.7009050460203118 0.7132545944214204 0
vn 0.7009050385056614 0.7132546018059591 0
vn 1 0 0
vn -0.9812005603836317 0.19273617173817215 -0.009911024496029926
vn -0.5142359282170301 0.857648768512361 0
vn 0 0.000001377080818783196 0.9999999999990518
vn 0 0.38934239078177435 -0.9210931021022426
vn 0 0 1
vn 0 0.38934239078177435 -0.9210931021022426
vn 0.5142359282170301 0.857648768512361 0
vn 0.9812005603836317 0.19273617173817215 -0.009911024496029926
vn 0 0 -1
vn 0 0.23343913672485445 0.972371415378483
vn 0.5142359282170301 0.857648768512361 0
vn 0.9812005603836317 0.19273617173817215 -0.009911024496029926
vn -0.9812005603836317 0.19273617173817215 -0.009911024496029926
vn -0.5142359282170301 0.857648768512361 0
vn 0 0 -1
vn 0 0.233438690242925 0.9723715225661784
vn -1 0 0
vn -1 0 0
vn -0.7009049966706741 0.7132546429165969 0
vn -0.5142359282170301 0.857648768512361 0
vn 0 0 -1
vn -1 0 0
vn -1 0 0
vn -0.7009050631804785 0.7132545775583706 0
vn -0.5142359282170301 0.857648768512361 0
vn 0 0.000001377080818783196 0.9999999999990518
vn 0 0 1
vn 0.5142359282170301 0.857648768512361 0
vn 0.7009050631804785 0.7132545775583706 0
vn 1 0 0
vn 1 0 0
vn 0 0 -1
vn 0.5142359282170301 0.857648768512361 0
vn 0.7009049966706741 0.7132546429165969 0
vn 1 0 0
vn 1 0 0
vn -0.9812005603836317 0.19273617173817215 -0.009911024496029926
vn 0 0.233438690242925 0.9723715225661784
vn 0 0.9924263010167236 -0.12284151191785067
vn -0.9812005603836317 0.19273617173817215 -0.009911024496029926
vn 0 0.38934239078177435 -0.9210931021022426
vn 0 0.9924263010167236 -0.12284151191785067
vn 0 0.38934239078177435 -0.9210931021022426
vn 0 0.9924263010167236 -0.12284151191785067
vn 0.9812005603836317 0.19273617173817215 -0.009911024496029926
vn 0 0.23343913672485445 0.972371415378483
vn 0 0.9924263010167236 -0.12284151191785067
vn 0.9812005603836317 0.19273617173817215 -0.009911024496029926
vn -1 0 0
vn -1 0 0
vn -1 0 0
vn -0.9999999999999415 0 3.417312824404261e-7
vn 1 0 0
vn 0.9999999999997664 0 6.834625648807325e-7
vn 1 0 0
vn 1 0 0
vn 1 0 0
vn 1 0 0
vn -1 0 0
vn -1 0 0
vn -1 0 0
vn 1 0 0
vn -1 0 0
vn 0.9999999999999847 0 -1.7480302004823355e-7
vn 1 0 0
vn -1 0 0
vn 0.9999999999999847 0 -1.7480302004823355e-7
vn 1 0 0
vn -0.9999999999999988 0 -4.7715540409198236e-8
vn -1 0 0
vn 0.9999999999999988 0 -4.771554824637929e-8
vn 1 0 0
vn -0.9999999999999988 0 -4.7715540409198236e-8
vn 0 0 1
vn 0 0 1
vn 0.9999999999999988 0 -4.771554824637929e-8
vn -1 0 0
vn -0.9999999999999415 0 3.417312824404261e-7
vn 1 0 0
vn 0.9999999999997664 0 6.834625648807325e-7
vn -1 0 0
vn 0 0 -1
vn 0 0 -1
vn 1 0 0
vn 1 0 0
vn -1 0 0
vn -1 0 0
vn 1 0 0
vn 1 0 0
vn -1 0 0
vn 1 0 0
vn -1 0 0
vn 1 0 0
vn -1 0 0
vn 1 0 0
vn 1 0 0
vn -1 0 0
vn -1 0 0
vn -1 0 0
vn -1 0 0
vn 1 0 0
vn 1 0 0
vn 0 0.6636553279844353 -0.7480385054513382
vn 0 1 0
vn 0 1 0
vn 0 1 0
vn 0 1 0
vn 0 1 0
vn 0 0.6839404986170151 0.7295377950123685
vn 0 1 0
vn 0 0.3286975530170435 0.9444352379282593
vn 0 0.6839404986170151 0.7295377950123685
vn 0 0 1
vn 0 0.3286975530170435 0.9444352379282593
vn 0 0.6636553279844353 -0.7480385054513382
vn 0 1 0
vn 0 0 -1
vn 0 1 0
vn 0 1 0
vn 0 1 0
vn 0 1 0
vn 0 1 0
vn 0 1 0
vn 0 0.9001473008657512 -0.435585625043002
vn 0 1 0
vn 0 0.234616199811072 0.9720880818044274
vn 0 1 0
vn 0 0.7719854043978203 0.635640256274517
vn 0 0.8875579522772993 0.4606960834968401
vn 0 0.8875579522772993 0.4606960834968401
vn 0 0.9001473008657512 -0.435585625043002
vn 0 0.234616199811072 0.9720880818044274
vn 0 0.7719854043978203 0.635640256274517
vn 0 1 0
vn 0 1 0
vn 0 1 0
vn 0 1 0
vn 0 1 0
vn 0 0.38934239078177435 -0.9210931021022426
vn 0 1 0
vn 0 0.233438690242925 0.9723715225661784
vn 0 1 0
vn 0 0.38934239078177435 -0.9210931021022426
vn 0 0.9924263010167236 -0.12284151191785067
vn 0 0.233438690242925 0.9723715225661784
vn 0 0.9924263010167236 -0.12284151191785067
vn 0 0 -1
vn 0 0 1
vn 0 0.6636553279844353 -0.7480385054513382
vn 0 1 0
vn 0.5462623650656818 0.5558872329088937 -0.6265674846349283
vn 0.7009050631804785 0.7132545775583706 0
vn 0 1 0
vn 0.7009049966706741 0.7132546429165969 0
vn 0.7009050631804785 0.7132545775583706 0
vn 0 0.6636553279844353 -0.7480385054513382
vn 0 1 0
vn 0.5462623650656818 0.5558872329088937 -0.6265674846349283
vn 0.7009051050154569 0.7132545364477334 0
vn 0 0 -1
vn 0 1 0
vn 0.7009051050154569 0.7132545364477334 0
vn 0 1 0
vn 0 1 0
vn 0.7009050460203118 0.7132545944214204 0
vn 0.7009050138308455 0.7132546260535451 0
vn 0 1 0
vn 0.7009050631804785 0.7132545775583706 0
vn 0.7009050138308455 0.7132546260535451 0
vn 0 1 0
vn 0 1 0
vn 0.7009050460203118 0.7132545944214204 0
vn 0.7009050631804785 0.7132545775583706 0
vn 0 1 0
vn 0.7009050460203118 0.7132545944214204 0
vn 0.7009050385056614 0.7132546018059591 0
vn 0 1 0
vn 0 1 0
vn 0.7009050460203118 0.7132545944214204 0
vn 0.7009050385056614 0.7132546018059591 0
vn 0 0 1
vn 0 1 0
vn 0.7009050631804785 0.7132545775583706 0
vn 0 0 -1
vn 0 1 0
vn 0.7009049966706741 0.7132546429165969 0
vn 0 0 1
vn 0 0.38934239078177435 -0.9210931021022426
vn 0 1 0
vn 0 0 -1
vn 0 0.233438690242925 0.9723715225661784
vn 0 0.23343913672485445 0.972371415378483
vn 0 1 0
vn 0 0.38934239078177435 -0.9210931021022426
vn 0 0.9924263010167236 -0.12284151191785067
vn 0 0.233438690242925 0.9723715225661784
vn 0 0.23343913672485445 0.972371415378483
vn 0 0.9924263010167236 -0.12284151191785067
vn 0 0 -1
vn 0 1 0
vn 0 1 0
vn 0.7009050460203118 0.7132545944214204 0
vn 0.7009050631804785 0.7132545775583706 0
vn 0 0 1
vn 0 1 0
vn 0.7009050460203118 0.7132545944214204 0
vn 0 0.0000166177103768359 -0.9999999998619259
vn 0 0.6839404986170151 0.7295377950123685
vn 0 1 0
vn 0.5578173975844465 0.567645833932423 0.6054898497673432
vn 0 0.3286975530170435 0.9444352379282593
vn 0 0.6839404986170151 0.7295377950123685
vn 0.3073697508735217 0.3127854115516876 0.8987152622318098
vn 0.5578173975844465 0.567645833932423 0.6054898497673432
vn 0 0 1
vn 0 0.3286975530170435 0.9444352379282593
vn 0.3073697508735217 0.3127854115516876 0.8987152622318098
vn 0 0 1
vn 0 0.9001473008657512 -0.435585625043002
vn 0 1 0
vn 0 0.0000166177103768359 -0.9999999998619259
vn 0 0.234616199811072 0.9720880818044274
vn 0 1 0
vn 0 0.7719854043978203 0.635640256274517
vn 0 0.8875579522772993 0.4606960834968401
vn 0 0.8875579522772993 0.4606960834968401
vn 0 0.9001473008657512 -0.435585625043002
vn 0 0.234616199811072 0.9720880818044274
vn 0 0.7719854043978203 0.635640256274517
vn 0 0 1
vn -0.7009050631804785 0.7132545775583706 0
vn -0.7009050460203118 0.7132545944214204 0
vn 0 1 0
vn 0 1 0
vn -0.7009050460203118 0.7132545944214204 0
vn 0 -0.000008308855189278377 0.9999999999654814
vn 0 1 0
vn -0.5578173773291801 0.5676457932591416 0.605489906558974
vn 0 0 -1
vn 0 0.6839404986170151 0.7295377950123685
vn 0 1 0
vn -0.5578173773291801 0.5676457932591416 0.605489906558974
vn -0.3073697313593528 0.31278538717914395 0.8987152773883795
vn 0 0.3286975530170435 0.9444352379282593
vn 0 0.6839404986170151 0.7295377950123685
vn -0.3073697313593528 0.31278538717914395 0.8987152773883795
vn 0 0 1
vn 0 0.3286975530170435 0.9444352379282593
vn 0 -0.000008308855189278377 0.9999999999654814
vn 0 0.9001471286815023 -0.43558598086537026
vn 0 0.9001473008657512 -0.435585625043002
vn 0 1 0
vn 0 0 -1
vn 0 0.234616199811072 0.9720880818044274
vn 0 1 0
vn 0 0.7719854043978203 0.635640256274517
vn 0 0.8875579522772993 0.4606960834968401
vn 0 0.8875579522772993 0.4606960834968401
vn 0 0.9001471286815023 -0.43558598086537026
vn 0 0.9001473008657512 -0.435585625043002
vn 0 0.234616199811072 0.9720880818044274
vn 0 0.7719854043978203 0.635640256274517
vn 0 0 1
vn -0.7009050631804785 0.7132545775583706 0
vn -0.5462623650656818 0.5558872329088937 -0.6265674846349283
vn 0 0.6636553279844353 -0.7480385054513382
vn 0 1 0
vn -0.7009050631804785 0.7132545775583706 0
vn -0.7009049966706741 0.7132546429165969 0
vn 0 1 0
vn -0.7009051050154569 0.7132545364477334 0
vn -0.5462623650656818 0.5558872329088937 -0.6265674846349283
vn 0 0.6636553279844353 -0.7480385054513382
vn 0 1 0
vn -0.7009051050154569 0.7132545364477334 0
vn 0 0 -1
vn 0 0 -1
vn 0 1 0
vn -0.7009050138308455 0.7132546260535451 0
vn -0.7009050460203118 0.7132545944214204 0
vn 0 1 0
vn 0 1 0
vn -0.7009050631804785 0.7132545775583706 0
vn -0.7009050138308455 0.7132546260535451 0
vn 0 1 0
vn -0.7009050631804785 0.7132545775583706 0
vn -0.7009050460203118 0.7132545944214204 0
vn 0 1 0
vn 0 1 0
vn -0.7009050385056614 0.7132546018059591 0
vn -0.7009050460203118 0.7132545944214204 0
vn 0 1 0
vn -0.7009050385056614 0.7132546018059591 0
vn -0.7009050460203118 0.7132545944214204 0
vn 0 1 0
vn -0.7009050631804785 0.7132545775583706 0
vn 0 0.000001377080818783196 0.9999999999990518
vn 0 1 0
vn -0.7009049966706741 0.7132546429165969 0
vn 0 0 -1
vn 0 1 0
vn 0 0.000001377080818783196 0.9999999999990518
vn 0 0.38934239078177435 -0.9210931021022426
vn 0 1 0
vn 0 0 -1
vn 0 0.233438690242925 0.9723715225661784
vn 0 1 0
vn 0 0.38934239078177435 -0.9210931021022426
vn 0 0.9924263010167236 -0.12284151191785067
vn 0 0.233438690242925 0.9723715225661784
vn 0 0.9924263010167236 -0.12284151191785067
vn 0 0 -1
vn 0 0 -1
vn 0 0 -1
vn 0 1 0
vn 0.9999999999999997 0 -3.220985992353601e-8
vn -0.9999999999999998 0 -1.610492996176801e-8
vn 0 0 -1
vn 0 1 0
vn -0.9999999999999998 0 -1.610492996176801e-8
vn 0 0 1
vn 0 1 0
vn 0 1 0
vn 0 0 1
vn 0 1 0
vn 0 1 0
vn 0.9999999999999997 0 -3.220985992353601e-8
vn 0 0 -1
vn 0 1 0
vn 0.9999999999999998 0 -1.610492996176801e-8
vn -0.9999999999999997 0 -3.220985992353601e-8
vn 0 0 -1
vn 0 1 0
vn -0.9999999999999997 0 -3.220985992353601e-8
vn 0 0 1
vn 0 1 0
vn 0 0 1
vn 0 1 0
vn 0.9999999999999998 0 -1.610492996176801e-8
vn -0.9999999999999998 0 -1.610492996176801e-8
vn 0 0 -1
vn 0 0.9379626134888793 -0.34673640665080335
vn 0 0 -1
vn 0 0.9379626134888793 -0.34673640665080335
vn 0.9999999999999997 0 -3.220985992353601e-8
vn 0 0 1
vn 0 0.9379626134888793 -0.34673640665080335
vn 0.9999999999999997 0 -3.220985992353601e-8
vn -0.9999999999999998 0 -1.610492996176801e-8
vn 0 0 1
vn 0 0.9379626134888793 -0.34673640665080335
vn -0.9999999999999997 0 -3.220985992353601e-8
vn 0 0 -1
vn 0 0.9379626134888793 -0.34673640665080335
vn 0 0 -1
vn 0 0.9379626134888793 -0.34673640665080335
vn 0.9999999999999998 0 -1.610492996176801e-8
vn 0 0 1
vn 0 0.9379626134888793 -0.34673640665080335
vn 0.9999999999999998 0 -1.610492996176801e-8
vn -0.9999999999999997 0 -3.220985992353601e-8
vn 0 0 1
vn 0 0.9379626134888793 -0.34673640665080335
f 1078/1078/1078 1003/1003/1003 836/836/836
f 1078/1078/1078 836/836/836 1032/1032/1032
f 1038/1038/1038 854/854/854 842/842/842
f 1038/1038/1038 842/842/842 1036/1036/1036
f 1249/1249/1249 850/850/850 834/834/834
f 1249/1249/1249 834/834/834 1212/1212/1212
f 1280/1280/1280 1000/1000/1000 851/851/851
f 1280/1280/1280 851/851/851 1250/1250/1250
f 1083/1083/1083 1017/1017/1017 855/855/855
f 1083/1083/1083 855/855/855 1039/1039/1039
f 1031/1031/1031 833/833/833 849/849/849
f 1031/1031/1031 849/849/849 1041/1041/1041
f 1275/1275/1275 978/978/978 931/931/931
f 1275/1275/1275 931/931/931 1216/1216/1216
f 1074/1074/1074 981/981/981 929/929/929
f 1074/1074/1074 929/929/929 1043/1043/1043
f 865/865/865 872/872/872 967/967/967
f 865/865/865 967/967/967 955/955/955
f 856/856/856 864/864/864 954/954/954
f 856/856/856 954/954/954 961/961/961
f 1043/1043/1043 929/929/929 940/940/940
f 1043/1043/1043 940/940/940 1046/1046/1046
f 1045/1045/1045 939/939/939 944/944/944
f 1045/1045/1045 944/944/944 1048/1048/1048
f 1052/1052/1052 886/886/886 893/893/893
f 1052/1052/1052 893/893/893 1057/1057/1057
f 1224/1224/1224 883/883/883 889/889/889
f 1224/1224/1224 889/889/889 1227/1227/1227
f 1219/1219/1219 948/948/948 882/882/882
f 1219/1219/1219 882/882/882 1223/1223/1223
f 1049/1049/1049 945/945/945 887/887/887
f 1049/1049/1049 887/887/887 1053/1053/1053
f 1244/1244/1244 1228/1228/1228 890/890/890
f 1244/1244/1244 890/890/890 1055/1055/1055
f 1132/1132/1132 844/844/844 898/898/898
f 1132/1132/1132 898/898/898 1139/1139/1139
f 1033/1033/1033 837/837/837 895/895/895
f 1033/1033/1033 895/895/895 1059/1059/1059
f 1180/1180/1180 1141/1141/1141 905/905/905
f 1180/1180/1180 905/905/905 1064/1064/1064
f 1140/1140/1140 899/899/899 906/906/906
f 1140/1140/1140 906/906/906 1143/1143/1143
f 1058/1058/1058 894/894/894 902/902/902
f 1058/1058/1058 902/902/902 1062/1062/1062
f 1069/1069/1069 919/919/919 913/913/913
f 1069/1069/1069 913/913/913 1066/1066/1066
f 1265/1265/1265 916/916/916 909/909/909
f 1265/1265/1265 909/909/909 1260/1260/1260
f 1267/1267/1267 921/921/921 915/915/915
f 1267/1267/1267 915/915/915 1264/1264/1264
f 1070/1070/1070 925/925/925 919/919/919
f 1070/1070/1070 919/919/919 1069/1069/1069
f 1037/1037/1037 843/843/843 925/925/925
f 1037/1037/1037 925/925/925 1070/1070/1070
f 1213/1213/1213 835/835/835 922/922/922
f 1213/1213/1213 922/922/922 1268/1268/1268
f 1199/1199/1199 860/860/860 1185/1185/1185
f 860/860/860 926/926/926 1185/1185/1185
f 866/866/866 857/857/857 932/932/932
f 866/866/866 932/932/932 935/935/935
f 862/862/862 869/869/869 938/938/938
f 862/862/862 938/938/938 927/927/927
f 1234/1234/1234 874/874/874 1220/1220/1220
f 874/874/874 949/949/949 1220/1220/1220
f 873/873/873 867/867/867 936/936/936
f 873/873/873 936/936/936 947/947/947
f 868/868/868 878/878/878 943/943/943
f 868/868/868 943/943/943 937/937/937
f 1237/1237/1237 956/956/956 969/969/969
f 1237/1237/1237 969/969/969 1243/1243/1243
f 1239/1239/1239 962/962/962 957/957/957
f 1239/1239/1239 957/957/957 1238/1238/1238
f 871/871/871 863/863/863 960/960/960
f 871/871/871 960/960/960 953/953/953
f 1231/1231/1231 859/859/859 963/963/963
f 1231/1231/1231 963/963/963 1240/1240/1240
f 879/879/879 870/870/870 952/952/952
f 879/879/879 952/952/952 966/966/966
f 1203/1203/1203 877/877/877 964/964/964
f 1203/1203/1203 964/964/964 1209/1209/1209
f 1066/1066/1066 913/913/913 975/975/975
f 1066/1066/1066 975/975/975 1072/1072/1072
f 1261/1261/1261 910/910/910 972/972/972
f 1261/1261/1261 972/972/972 1272/1272/1272
f 1072/1072/1072 975/975/975 981/981/981
f 1072/1072/1072 981/981/981 1074/1074/1074
f 1271/1271/1271 971/971/971 977/977/977
f 1271/1271/1271 977/977/977 1274/1274/1274
f 1034/1034/1034 846/846/846 1012/1012/1012
f 1034/1034/1034 1012/1012/1012 1077/1077/1077
f 1245/1245/1245 838/838/838 1005/1005/1005
f 1245/1245/1245 1005/1005/1005 1277/1277/1277
f 1081/1081/1081 999/999/999 1004/1004/1004
f 1081/1081/1081 1004/1004/1004 1079/1079/1079
f 1040/1040/1040 848/848/848 998/998/998
f 1040/1040/1040 998/998/998 1080/1080/1080
f 1076/1076/1076 1011/1011/1011 1016/1016/1016
f 1076/1076/1076 1016/1016/1016 1082/1082/1082
f 1284/1284/1284 985/985/985 1022/1022/1022
f 1284/1284/1284 1022/1022/1022 1289/1289/1289
f 995/995/995 983/983/983 1006/1006/1006
f 995/995/995 1006/1006/1006 1001/1001/1001
f 1168/1168/1168 986/986/986 1162/1162/1162
f 986/986/986 1008/1008/1008 1162/1162/1162
f 988/988/988 992/992/992 1014/1014/1014
f 988/988/988 1014/1014/1014 1009/1009/1009
f 1286/1286/1286 996/996/996 1281/1281/1281
f 996/996/996 1002/1002/1002 1281/1281/1281
f 1290/1290/1290 1023/1023/1023 1020/1020/1020
f 1290/1290/1290 1020/1020/1020 1292/1292/1292
f 993/993/993 989/989/989 1026/1026/1026
f 993/993/993 1026/1026/1026 1029/1029/1029
f 982/982/982 994/994/994 1018/1018/1018
f 982/982/982 1018/1018/1018 1021/1021/1021
f 1173/1173/1173 991/991/991 1027/1027/1027
f 1173/1173/1173 1027/1027/1027 1178/1178/1178
f 970/970/970 1073/1073/1073 1075/1075/1075
f 970/970/970 1075/1075/1075 976/976/976
f 908/908/908 1067/1067/1067 1073/1073/1073
f 908/908/908 1073/1073/1073 970/970/970
f 832/832/832 1030/1030/1030 1071/1071/1071
f 832/832/832 1071/1071/1071 920/920/920
f 920/920/920 1071/1071/1071 1068/1068/1068
f 920/920/920 1068/1068/1068 914/914/914
f 914/914/914 1068/1068/1068 1067/1067/1067
f 914/914/914 1067/1067/1067 908/908/908
f 900/900/900 1060/1060/1060 1065/1065/1065
f 900/900/900 1065/1065/1065 907/907/907
f 880/880/880 1050/1050/1050 1054/1054/1054
f 880/880/880 1054/1054/1054 888/888/888
f 934/934/934 1044/1044/1044 1047/1047/1047
f 934/934/934 1047/1047/1047 946/946/946
f 946/946/946 1047/1047/1047 1051/1051/1051
f 946/946/946 1051/1051/1051 881/881/881
f 930/930/930 1042/1042/1042 1044/1044/1044
f 930/930/930 1044/1044/1044 934/934/934
f 976/976/976 1075/1075/1075 1042/1042/1042
f 976/976/976 1042/1042/1042 930/930/930
f 847/847/847 1035/1035/1035 1061/1061/1061
f 847/847/847 1061/1061/1061 901/901/901
f 1287/1287/1287 1122/1122/1122 1126/1126/1126
f 1287/1287/1287 1126/1126/1126 1291/1291/1291
f 1176/1176/1176 1125/1125/1125 1127/1127/1127
f 1176/1176/1176 1127/1127/1127 1179/1179/1179
f 1174/1174/1174 1123/1123/1123 1119/1119/1119
f 1174/1174/1174 1119/1119/1119 1166/1166/1166
f 1285/1285/1285 1121/1121/1121 1118/1118/1118
f 1285/1285/1285 1118/1118/1118 1279/1279/1279
f 1169/1169/1169 1120/1120/1120 1124/1124/1124
f 1169/1169/1169 1124/1124/1124 1175/1175/1175
f 1131/1131/1131 1085/1085/1085 1118/1118/1118
f 1131/1131/1131 1118/1118/1118 1163/1163/1163
f 1308/1308/1308 1297/1297/1297 1326/1326/1326
f 1308/1308/1308 1326/1326/1326 1329/1329/1329
f 1145/1145/1145 1101/1101/1101 1115/1115/1115
f 1145/1145/1145 1115/1115/1115 1155/1155/1155
f 1235/1235/1235 1107/1107/1107 1113/1113/1113
f 1235/1235/1235 1113/1113/1113 1242/1242/1242
f 1200/1200/1200 1105/1105/1105 1112/1112/1112
f 1200/1200/1200 1112/1112/1112 1208/1208/1208
f 1207/1207/1207 1111/1111/1111 1110/1110/1110
f 1207/1207/1207 1110/1110/1110 1206/1206/1206
f 1205/1205/1205 1109/1109/1109 1114/1114/1114
f 1205/1205/1205 1114/1114/1114 1210/1210/1210
f 1204/1204/1204 1108/1108/1108 1091/1091/1091
f 1204/1204/1204 1091/1091/1091 1190/1190/1190
f 1233/1233/1233 1106/1106/1106 1089/1089/1089
f 1233/1233/1233 1089/1089/1089 1218/1218/1218
f 1181/1181/1181 1086/1086/1086 1104/1104/1104
f 1181/1181/1181 1104/1104/1104 1152/1152/1152
f 1151/1151/1151 1103/1103/1103 1102/1102/1102
f 1151/1151/1151 1102/1102/1102 1148/1148/1148
f 1148/1148/1148 1102/1102/1102 1100/1100/1100
f 1148/1148/1148 1100/1100/1100 1144/1144/1144
f 1255/1255/1255 1097/1097/1097 1099/1099/1099
f 1255/1255/1255 1099/1099/1099 1259/1259/1259
f 1294/1294/1294 1258/1258/1258 1098/1098/1098
f 1294/1294/1294 1098/1098/1098 1128/1128/1128
f 1247/1247/1247 1084/1084/1084 1096/1096/1096
f 1247/1247/1247 1096/1096/1096 1254/1254/1254
f 1211/1211/1211 1196/1196/1196 1094/1094/1094
f 1211/1211/1211 1094/1094/1094 1129/1129/1129
f 1189/1189/1189 1090/1090/1090 1093/1093/1093
f 1189/1189/1189 1093/1093/1093 1193/1193/1193
f 1192/1192/1192 1092/1092/1092 1095/1095/1095
f 1192/1192/1192 1095/1095/1095 1197/1197/1197
f 1159/1159/1159 1117/1117/1117 1089/1089/1089
f 1159/1159/1159 1089/1089/1089 1186/1186/1186
f 1166/1166/1166 1119/1119/1119 1088/1088/1088
f 1166/1166/1166 1088/1088/1088 1134/1134/1134
f 1134/1134/1134 1088/1088/1088 1087/1087/1087
f 1134/1134/1134 1087/1087/1087 1182/1182/1182
f 853/853/853 1136/1136/1136 1184/1184/1184
f 853/853/853 1184/1184/1184 841/841/841
f 1015/1015/1015 1167/1167/1167 1135/1135/1135
f 1015/1015/1015 1135/1135/1135 852/852/852
f 979/979/979 1160/1160/1160 1187/1187/1187
f 979/979/979 1187/1187/1187 928/928/928
f 884/884/884 1194/1194/1194 1198/1198/1198
f 884/884/884 1198/1198/1198 892/892/892
f 942/942/942 1191/1191/1191 1195/1195/1195
f 942/942/942 1195/1195/1195 885/885/885
f 1056/1056/1056 891/891/891 1196/1196/1196
f 1056/1056/1056 1196/1196/1196 1211/1211/1211
f 918/918/918 1150/1150/1150 1147/1147/1147
f 918/918/918 1147/1147/1147 912/912/912
f 924/924/924 1154/1154/1154 1149/1149/1149
f 924/924/924 1149/1149/1149 917/917/917
f 840/840/840 1183/1183/1183 1153/1153/1153
f 840/840/840 1153/1153/1153 923/923/923
f 876/876/876 1202/1202/1202 1188/1188/1188
f 876/876/876 1188/1188/1188 941/941/941
f 950/950/950 1205/1205/1205 1210/1210/1210
f 950/950/950 1210/1210/1210 965/965/965
f 958/958/958 1207/1207/1207 1206/1206/1206
f 958/958/958 1206/1206/1206 951/951/951
f 861/861/861 1200/1200/1200 1208/1208/1208
f 861/861/861 1208/1208/1208 959/959/959
f 911/911/911 1146/1146/1146 1156/1156/1156
f 911/911/911 1156/1156/1156 973/973/973
f 974/974/974 1157/1157/1157 1161/1161/1161
f 974/974/974 1161/1161/1161 980/980/980
f 845/845/845 1133/1133/1133 1164/1164/1164
f 845/845/845 1164/1164/1164 1010/1010/1010
f 987/987/987 1169/1169/1169 1175/1175/1175
f 987/987/987 1175/1175/1175 1024/1024/1024
f 990/990/990 1171/1171/1171 1165/1165/1165
f 990/990/990 1165/1165/1165 1013/1013/1013
f 1025/1025/1025 1176/1176/1176 1179/1179/1179
f 1025/1025/1025 1179/1179/1179 1028/1028/1028
f 1122/1122/1122 1172/1172/1172 1177/1177/1177
f 1122/1122/1122 1177/1177/1177 1126/1126/1126
f 1121/1121/1121 1170/1170/1170 1163/1163/1163
f 1121/1121/1121 1163/1163/1163 1118/1118/1118
f 1107/1107/1107 1203/1203/1203 1209/1209/1209
f 1107/1107/1107 1209/1209/1209 1113/1113/1113
f 1106/1106/1106 1201/1201/1201 1186/1186/1186
f 1106/1106/1106 1186/1186/1186 1089/1089/1089
f 1097/1097/1097 1138/1138/1138 1142/1142/1142
f 1097/1097/1097 1142/1142/1142 1099/1099/1099
f 1128/1128/1128 1098/1098/1098 1141/1141/1141
f 1128/1128/1128 1141/1141/1141 1180/1180/1180
f 1084/1084/1084 1130/1130/1130 1137/1137/1137
f 1084/1084/1084 1137/1137/1137 1096/1096/1096
f 839/839/839 1246/1246/1246 1253/1253/1253
f 839/839/839 1253/1253/1253 897/897/897
f 1063/1063/1063 904/904/904 1257/1257/1257
f 1063/1063/1063 1257/1257/1257 1293/1293/1293
f 896/896/896 1252/1252/1252 1256/1256/1256
f 896/896/896 1256/1256/1256 903/903/903
f 858/858/858 1230/1230/1230 1217/1217/1217
f 858/858/858 1217/1217/1217 933/933/933
f 875/875/875 1235/1235/1235 1242/1242/1242
f 875/875/875 1242/1242/1242 968/968/968
f 984/984/984 1283/1283/1283 1278/1278/1278
f 984/984/984 1278/1278/1278 1007/1007/1007
f 997/997/997 1287/1287/1287 1291/1291/1291
f 997/997/997 1291/1291/1291 1019/1019/1019
f 1125/1125/1125 1290/1290/1290 1292/1292/1292
f 1125/1125/1125 1292/1292/1292 1127/1127/1127
f 1123/1123/1123 1288/1288/1288 1282/1282/1282
f 1123/1123/1123 1282/1282/1282 1119/1119/1119
f 1120/1120/1120 1284/1284/1284 1289/1289/1289
f 1120/1120/1120 1289/1289/1289 1124/1124/1124
f 1085/1085/1085 1248/1248/1248 1279/1279/1279
f 1085/1085/1085 1279/1279/1279 1118/1118/1118
f 1302/1302/1302 1305/1305/1305 1327/1327/1327
f 1302/1302/1302 1327/1327/1327 1331/1331/1331
f 1101/1101/1101 1263/1263/1263 1273/1273/1273
f 1101/1101/1101 1273/1273/1273 1115/1115/1115
f 1105/1105/1105 1232/1232/1232 1241/1241/1241
f 1105/1105/1105 1241/1241/1241 1112/1112/1112
f 1111/1111/1111 1239/1239/1239 1238/1238/1238
f 1111/1111/1111 1238/1238/1238 1110/1110/1110
f 1109/1109/1109 1237/1237/1237 1243/1243/1243
f 1109/1109/1109 1243/1243/1243 1114/1114/1114
f 1108/1108/1108 1236/1236/1236 1222/1222/1222
f 1108/1108/1108 1222/1222/1222 1091/1091/1091
f 1086/1086/1086 1214/1214/1214 1270/1270/1270
f 1086/1086/1086 1270/1270/1270 1104/1104/1104
f 1103/1103/1103 1269/1269/1269 1266/1266/1266
f 1103/1103/1103 1266/1266/1266 1102/1102/1102
f 1102/1102/1102 1266/1266/1266 1262/1262/1262
f 1102/1102/1102 1262/1262/1262 1100/1100/1100
f 1129/1129/1129 1094/1094/1094 1228/1228/1228
f 1129/1129/1129 1228/1228/1228 1244/1244/1244
f 1090/1090/1090 1221/1221/1221 1226/1226/1226
f 1090/1090/1090 1226/1226/1226 1093/1093/1093
f 1092/1092/1092 1225/1225/1225 1229/1229/1229
f 1092/1092/1092 1229/1229/1229 1095/1095/1095
f 1117/1117/1117 1276/1276/1276 1218/1218/1218
f 1117/1117/1117 1218/1218/1218 1089/1089/1089
f 1119/1119/1119 1282/1282/1282 1251/1251/1251
f 1119/1119/1119 1251/1251/1251 1088/1088/1088
f 1088/1088/1088 1251/1251/1251 1215/1215/1215
f 1088/1088/1088 1215/1215/1215 1087/1087/1087
f 1155/1155/1155 1115/1115/1115 1300/1300/1300
f 1155/1155/1155 1300/1300/1300 1296/1296/1296
f 1115/1115/1115 1117/1117/1117 1304/1304/1304
f 1115/1115/1115 1304/1304/1304 1300/1300/1300
f 1116/1116/1116 1158/1158/1158 1306/1306/1306
f 1116/1116/1116 1306/1306/1306 1303/1303/1303
f 1159/1159/1159 1155/1155/1155 1296/1296/1296
f 1159/1159/1159 1296/1296/1296 1307/1307/1307
f 1115/1115/1115 1273/1273/1273 1314/1314/1314
f 1115/1115/1115 1314/1314/1314 1310/1310/1310
f 1273/1273/1273 1276/1276/1276 1317/1317/1317
f 1273/1273/1273 1317/1317/1317 1314/1314/1314
f 1276/1276/1276 1117/1117/1117 1319/1319/1319
f 1276/1276/1276 1319/1319/1319 1317/1317/1317
f 1117/1117/1117 1115/1115/1115 1310/1310/1310
f 1117/1117/1117 1310/1310/1310 1319/1319/1319
f 1325/1325/1325 1323/1323/1323 1332/1332/1332
f 1325/1325/1325 1332/1332/1332 1328/1328/1328
f 1337/1337/1337 1335/1335/1335 1344/1344/1344
f 1337/1337/1337 1344/1344/1344 1340/1340/1340
f 1312/1312/1312 1315/1315/1315 1342/1342/1342
f 1312/1312/1312 1342/1342/1342 1333/1333/1333
f 1309/1309/1309 1313/1313/1313 1334/1334/1334
f 1309/1309/1309 1334/1334/1334 1336/1336/1336
f 1298/1298/1298 1301/1301/1301 1330/1330/1330
f 1298/1298/1298 1330/1330/1330 1321/1321/1321
f 1316/1316/1316 1318/1318/1318 1339/1339/1339
f 1316/1316/1316 1339/1339/1339 1343/1343/1343
f 1295/1295/1295 1299/1299/1299 1322/1322/1322
f 1295/1295/1295 1322/1322/1322 1324/1324/1324
f 1320/1320/1320 1311/1311/1311 1338/1338/1338
f 1320/1320/1320 1338/1338/1338 1341/1341/1341
o barrel
usemtl Material.001
v 0 1.25015141916223 -2.4331190437078476
v 0 1.25015141916223 -2.4331190437078476
v 0 1.25015141916223 -2.4331190437078476
v 0 1.2501513808965683 -2.148317075253053
v 0 1.2501513808965683 -2.148317075253053
v 0 1.2501513808965683 -2.148317075253053
v 0 1.2501513808965683 -2.148317075253053
v 0.13543136915725906 1.151754756001708 -2.4331190569283088
v 0.13543136915725906 1.151754756001708 -2.4331190569283088
v 0.13543136915725906 1.151754756001708 -2.4331190569283088
v 0.13543136915725906 1.1517547177360463 -2.1483170884735148
v 0.13543136915725906 1.1517547177360463 -2.1483170884735148
v 0.13543136915725906 1.1517547177360463 -2.1483170884735148
v 0.13543136915725906 1.1517547177360463 -2.1483170884735148
v 0.0837011775244827 0.9925456090226189 -2.433119078319465
v 0.0837011775244827 0.9925456090226189 -2.433119078319465
v 0.0837011775244827 0.9925456090226189 -2.433119078319465
v 0.0837011775244827 0.9925455707569572 -2.1483171098646707
v 0.0837011775244827 0.9925455707569572 -2.1483171098646707
v 0.0837011775244827 0.9925455707569572 -2.1483171098646707
v 0.0837011775244827 0.9925455707569572 -2.1483171098646707
v -0.0837011775244827 0.9925456090226189 -2.433119078319465
v -0.0837011775244827 0.9925456090226189 -2.433119078319465
v -0.0837011775244827 0.9925456090226189 -2.433119078319465
v -0.0837011775244827 0.9925455707569572 -2.1483171098646707
v -0.0837011775244827 0.9925455707569572 -2.1483171098646707
v -0.0837011775244827 0.9925455707569572 -2.1483171098646707
v -0.0837011775244827 0.9925455707569572 -2.1483171098646707
v -0.13543136915725906 1.151754756001708 -2.4331190569283088
v -0.13543136915725906 1.151754756001708 -2.4331190569283088
v -0.13543136915725906 1.151754756001708 -2.4331190569283088
v -0.13543136915725906 1.1517547177360463 -2.1483170884735148
v -0.13543136915725906 1.1517547177360463 -2.1483170884735148
v -0.13543136915725906 1.1517547177360463 -2.1483170884735148
v -0.13543136915725906 1.1517547177360463 -2.1483170884735148
v 0.13543136915725906 1.151754600992573 -0.8372176777822975
v 0.13543136915725906 1.151754600992573 -0.8372176777822975
v 0.13543136915725906 1.151754600992573 -0.8372176777822975
v 0 1.250151255665335 -0.8372176645618372
v 0 1.250151255665335 -0.8372176645618372
v 0 1.250151255665335 -0.8372176645618372
v 0.0837011775244827 0.9925454540134838 -0.8372176991734537
v 0.0837011775244827 0.9925454540134838 -0.8372176991734537
v 0.0837011775244827 0.9925454540134838 -0.8372176991734537
v -0.0837011775244827 0.9925454540134838 -0.8372176991734537
v -0.0837011775244827 0.9925454540134838 -0.8372176991734537
v -0.0837011775244827 0.9925454540134838 -0.8372176991734537
v -0.13543136915725906 1.151754600992573 -0.8372176777822975
v -0.13543136915725906 1.151754600992573 -0.8372176777822975
v -0.13543136915725906 1.151754600992573 -0.8372176777822975
vt 0.9879820942878723 0.8532006740570068
vt 0.9851887226104736 0.8536584377288818
vt 0.9842575192451477 0.8532006740570068
vt 0.9879820942878723 0.830310583114624
vt 0.9879820942878723 0.830310583114624
vt 0.9842575192451477 0.830310583114624
vt 0.9842575192451477 0.830310583114624
vt 0.9843384623527527 0.8612504601478577
vt 0.9850024580955505 0.8532006740570068
vt 0.9850024580955505 0.8532006740570068
vt 0.9850024580955505 0.830310583114624
vt 0.9850024580955505 0.830310583114624
vt 0.9850024580955505 0.830310583114624
vt 0.9850024580955505 0.830310583114624
vt 0.984663188457489 0.8735345602035522
vt 0.9857473373413086 0.8532006740570068
vt 0.9857473373413086 0.8532006740570068
vt 0.9857473373413086 0.830310583114624
vt 0.9857473373413086 0.830310583114624
vt 0.9857473373413086 0.830310583114624
vt 0.9857473373413086 0.830310583114624
vt 0.9864922761917114 0.8532006740570068
vt 0.9857140779495239 0.8735345602035522
vt 0.9864922761917114 0.8532006740570068
vt 0.9864922761917114 0.830310583114624
vt 0.9864922761917114 0.830310583114624
vt 0.9864922761917114 0.830310583114624
vt 0.9864922761917114 0.830310583114624
vt 0.9872372150421143 0.8532006740570068
vt 0.9872372150421143 0.8532006740570068
vt 0.9860387444496155 0.8612504601478577
vt 0.9872372150421143 0.830310583114624
vt 0.9872372150421143 0.830310583114624
vt 0.9872372150421143 0.830310583114624
vt 0.9872372150421143 0.830310583114624
vt 0.9862008690834045 0.8612504601478577
vt 0.9850024580955505 0.830310583114624
vt 0.9850024580955505 0.830310583114624
vt 0.9879820942878723 0.830310583114624
vt 0.9870508909225464 0.8536584377288818
vt 0.9842575192451477 0.830310583114624
vt 0.9857473373413086 0.830310583114624
vt 0.9865255355834961 0.8735345602035522
vt 0.9857473373413086 0.830310583114624
vt 0.9864922761917114 0.830310583114624
vt 0.9864922761917114 0.830310583114624
vt 0.9875763058662415 0.8735345602035522
vt 0.9872372150421143 0.830310583114624
vt 0.9872372150421143 0.830310583114624
vt 0.9879011511802673 0.8612504601478577
vn -0.5877853229871507 0.8090169430122457 1.0869857678949204e-7
vn 0 1.3435883849943764e-7 -0.999999999999991
vn 0.5877853229871507 0.8090169430122457 1.0869857678949204e-7
vn -0.5877853229871507 0.8090169430122457 1.0869857678949204e-7
vn -0.5877852556317078 0.8090169919488482 7.015014121107869e-8
vn 0.5877852556317078 0.8090169919488482 7.015014121107869e-8
vn 0.5877853229871507 0.8090169430122457 1.0869857678949204e-7
vn 0 1.3435883849943764e-7 -0.999999999999991
vn 0.5877853229871507 0.8090169430122457 1.0869857678949204e-7
vn 0.9510565082078118 -0.309017019265222 -4.151916778503395e-8
vn 0.5877852556317078 0.8090169919488482 7.015014121107869e-8
vn 0.5877853229871507 0.8090169430122457 1.0869857678949204e-7
vn 0.9510565082078118 -0.309017019265222 -4.151916778503395e-8
vn 0.9510565138995498 -0.30901700174785646 -2.7063500867046337e-8
vn 0 1.3435883849943764e-7 -0.999999999999991
vn 0 -0.999999999999991 -1.3435883849943764e-7
vn 0.9510565082078118 -0.309017019265222 -4.151916778503395e-8
vn 0 -0.999999999999991 -1.3435883849943764e-7
vn 0 -0.9999999999999958 -9.030347029570028e-8
vn 0.9510565082078118 -0.309017019265222 -4.151916778503395e-8
vn 0.9510565138995498 -0.30901700174785646 -2.7063500867046337e-8
vn -0.9510565082078118 -0.309017019265222 -4.151916778503395e-8
vn 0 1.3435883849943764e-7 -0.999999999999991
vn 0 -0.999999999999991 -1.3435883849943764e-7
vn -0.9510565138995498 -0.30901700174785646 -2.7063500867046337e-8
vn -0.9510565082078118 -0.309017019265222 -4.151916778503395e-8
vn 0 -0.999999999999991 -1.3435883849943764e-7
vn 0 -0.9999999999999958 -9.030347029570028e-8
vn -0.9510565082078118 -0.309017019265222 -4.151916778503395e-8
vn -0.5877853229871507 0.8090169430122457 1.0869857678949204e-7
vn 0 1.3435883849943764e-7 -0.999999999999991
vn -0.9510565138995498 -0.30901700174785646 -2.7063500867046337e-8
vn -0.9510565082078118 -0.309017019265222 -4.151916778503395e-8
vn -0.5877853229871507 0.8090169430122457 1.0869857678949204e-7
vn -0.5877852556317078 0.8090169919488482 7.015014121107869e-8
vn 4.011010871675109e-7 -1.3435883849942684e-7 0.9999999999999105
vn 0.5877852556317078 0.8090169919488482 7.015014121107869e-8
vn 0.9510565138995498 -0.30901700174785646 -2.7063500867046337e-8
vn -0.5877852556317078 0.8090169919488482 7.015014121107869e-8
vn 4.011010871675109e-7 -1.3435883849942684e-7 0.9999999999999105
vn 0.5877852556317078 0.8090169919488482 7.015014121107869e-8
vn 0 -0.9999999999999958 -9.030347029570028e-8
vn 4.011010871675109e-7 -1.3435883849942684e-7 0.9999999999999105
vn 0.9510565138995498 -0.30901700174785646 -2.7063500867046337e-8
vn -0.9510565138995498 -0.30901700174785646 -2.7063500867046337e-8
vn 0 -0.9999999999999958 -9.030347029570028e-8
vn 4.011010871675109e-7 -1.3435883849942684e-7 0.9999999999999105
vn -0.9510565138995498 -0.30901700174785646 -2.7063500867046337e-8
vn -0.5877852556317078 0.8090169919488482 7.015014121107869e-8
vn 4.011010871675109e-7 -1.3435883849942684e-7 0.9999999999999105
f 1347/1347/1347 1351/1351/1351 1356/1356/1356
f 1347/1347/1347 1356/1356/1356 1353/1353/1353
f 1354/1354/1354 1357/1357/1357 1364/1364/1364
f 1354/1354/1354 1364/1364/1364 1361/1361/1361
f 1360/1360/1360 1362/1362/1362 1371/1371/1371
f 1360/1360/1360 1371/1371/1371 1368/1368/1368
f 1376/1376/1376 1369/1369/1369 1389/1389/1389
f 1376/1376/1376 1389/1389/1389 1392/1392/1392
f 1366/1366/1366 1370/1370/1370 1377/1377/1377
f 1366/1366/1366 1377/1377/1377 1373/1373/1373
f 1374/1374/1374 1378/1378/1378 1348/1348/1348
f 1374/1374/1374 1348/1348/1348 1345/1345/1345
f 1375/1375/1375 1346/1346/1346 1352/1352/1352
f 1352/1352/1352 1359/1359/1359 1367/1367/1367
f 1352/1352/1352 1367/1367/1367 1375/1375/1375
f 1387/1387/1387 1380/1380/1380 1384/1384/1384
f 1384/1384/1384 1394/1394/1394 1391/1391/1391
f 1384/1384/1384 1391/1391/1391 1387/1387/1387
f 1365/1365/1365 1358/1358/1358 1382/1382/1382
f 1365/1365/1365 1382/1382/1382 1388/1388/1388
f 1349/1349/1349 1379/1379/1379 1393/1393/1393
f 1349/1349/1349 1393/1393/1393 1383/1383/1383
f 1355/1355/1355 1350/1350/1350 1385/1385/1385
f 1355/1355/1355 1385/1385/1385 1381/1381/1381
f 1372/1372/1372 1363/1363/1363 1386/1386/1386
f 1372/1372/1372 1386/1386/1386 1390/1390/1390
o mag
usemtl Material.001
v -0.1980100815749246 -1.4814343655425546 2.118828668009428
v -0.1980100815749246 -1.4814343655425546 2.118828668009428
v -0.1980100815749246 -1.4814343655425546 2.118828668009428
v 0.1980100815749246 -1.4814343655425546 2.118828668009428
v 0.1980100815749246 -1.4814343655425546 2.118828668009428
v 0.1980100815749246 -1.4814343655425546 2.118828668009428
v 0.1980100815749246 -1.4814343655425546 1.249810314322076
v 0.1980100815749246 -1.4814343655425546 1.249810314322076
v 0.1980100815749246 -1.4814343655425546 1.249810314322076
v -0.1980100815749246 -1.4814343655425546 1.249810314322076
v -0.1980100815749246 -1.4814343655425546 1.249810314322076
v -0.1980100815749246 -1.4814343655425546 1.249810314322076
v -0.1980100815749246 -1.5871955823059807 2.118828668009428
v -0.1980100815749246 -1.5871955823059807 2.118828668009428
v -0.1980100815749246 -1.5871955823059807 2.118828668009428
v 0.1980100815749246 -1.5871955823059807 2.118828668009428
v 0.1980100815749246 -1.5871955823059807 2.118828668009428
v 0.1980100815749246 -1.5871955823059807 2.118828668009428
v 0.1980100815749246 -1.5871955823059807 1.212038455563743
v 0.1980100815749246 -1.5871955823059807 1.212038455563743
v 0.1980100815749246 -1.5871955823059807 1.212038455563743
v -0.1980100815749246 -1.5871955823059807 1.212038455563743
v -0.1980100815749246 -1.5871955823059807 1.212038455563743
v -0.1980100815749246 -1.5871955823059807 1.212038455563743
v 0.1980100815749246 -1.4814343655425546 1.9460721140042097
v -0.1980100815749246 -1.4814343655425546 1.9460721140042097
v 0.1980100815749246 -1.5871955823059807 1.9385632165764264
v 0.1980100815749246 -1.5871955823059807 1.9385632165764264
v -0.1980100815749246 -1.5871955823059807 1.9385632165764264
v -0.1980100815749246 -1.5871955823059807 1.9385632165764264
v 0.1980100815749246 -1.4814343655425546 2.032450391006819
v 0.1980100815749246 -1.5871955823059807 2.0286961435067496
v 0.1980100815749246 -1.5871955823059807 2.0286961435067496
v -0.1980100815749246 -1.4814343655425546 2.032450391006819
v -0.1980100815749246 -1.5871955823059807 2.0286961435067496
v -0.1980100815749246 -1.5871955823059807 2.0286961435067496
v 0 -1.4814343655425546 2.118828668009428
v 0 -1.4814343655425546 1.249810314322076
v 0 -1.5871955823059807 2.118828668009428
v 0 -1.5871955823059807 2.118828668009428
v 0 -1.5871955823059807 1.212038455563743
v 0 -1.5871955823059807 1.212038455563743
v 0 -1.5871955823059807 1.9385632165764264
v 0 -1.5871955823059807 2.0286961435067496
v 0.0990050407874623 -1.4814343655425546 2.118828668009428
v 0.0990050407874623 -1.5871955823059807 2.118828668009428
v 0.0990050407874623 -1.5871955823059807 2.118828668009428
v 0.0990050407874623 -1.4814343655425546 1.249810314322076
v 0.0990050407874623 -1.5871955823059807 1.212038455563743
v 0.0990050407874623 -1.5871955823059807 1.212038455563743
v 0.0990050407874623 -1.5871955823059807 1.9385632165764264
v 0.0990050407874623 -1.5871955823059807 2.0286961435067496
v -0.0990050407874623 -1.4814343655425546 1.249810314322076
v -0.0990050407874623 -1.5871955823059807 1.212038455563743
v -0.0990050407874623 -1.5871955823059807 1.212038455563743
v -0.0990050407874623 -1.5871955823059807 1.9385632165764264
v -0.0990050407874623 -1.5871955823059807 2.0286961435067496
v -0.0990050407874623 -1.4814343655425546 2.118828668009428
v -0.0990050407874623 -1.5871955823059807 2.118828668009428
v -0.0990050407874623 -1.5871955823059807 2.118828668009428
v 0.1980100815749246 0.8920035105049777 1.695480821899423
v 0.1980100815749246 0.8920035105049777 1.695480821899423
v 0.1980100815749246 0.8920035105049777 1.7818590989020322
v 0.1980100815749246 0.8920035105049777 1.7818590989020322
v 0.1980100815749246 0.8920035105049777 1.7818590989020322
v -0.1980100815749246 0.8920035105049777 1.609102544896814
v -0.1980100815749246 0.8920035105049777 1.609102544896814
v -0.1980100815749246 0.8920035105049777 0.9128407452146803
v -0.1980100815749246 0.8920035105049777 0.9128407452146803
v -0.1980100815749246 0.8920035105049777 0.9128407452146803
v 0.1980100815749246 0.8920035105049777 0.9128407452146803
v 0.1980100815749246 0.8920035105049777 0.9128407452146803
v 0.1980100815749246 0.8920035105049777 0.9128407452146803
v 0.1980100815749246 0.8920035105049777 1.609102544896814
v 0.1980100815749246 0.8920035105049777 1.609102544896814
v -0.1980100815749246 0.8920035105049777 1.695480821899423
v -0.1980100815749246 0.8920035105049777 1.695480821899423
v -0.1980100815749246 0.8920035105049777 1.7818590989020322
v -0.1980100815749246 0.8920035105049777 1.7818590989020322
v -0.1980100815749246 0.8920035105049777 1.7818590989020322
vt 0.07869922369718552 0.12925934791564941
vt 0.07869922369718552 0.12925934791564941
vt 0.07869922369718552 0.12925934791564941
vt 0.07869922369718552 0.12925934791564941
vt 0.07869922369718552 0.12925934791564941
vt 0.07869922369718552 0.12925934791564941
vt 0.1255737692117691 0.12925934791564941
vt 0.1255737692117691 0.12925934791564941
vt 0.1255737692117691 0.12925934791564941
vt 0.1255737692117691 0.12925934791564941
vt 0.1255737692117691 0.12925934791564941
vt 0.1255737692117691 0.12925934791564941
vt 0.07869922369718552 0.12166237831115723
vt 0.07869922369718552 0.12166237831115723
vt 0.07869922369718552 0.12166237831115723
vt 0.07869922369718552 0.12166237831115723
vt 0.07869922369718552 0.12166237831115723
vt 0.07869922369718552 0.12166237831115723
vt 0.1276111602783203 0.12166237831115723
vt 0.1276111602783203 0.12166237831115723
vt 0.1276111602783203 0.12166237831115723
vt 0.1276111602783203 0.12166237831115723
vt 0.1276111602783203 0.12166237831115723
vt 0.1276111602783203 0.12166237831115723
vt 0.08801767230033875 0.12925934791564941
vt 0.08801767230033875 0.12925934791564941
vt 0.08842272311449051 0.12166237831115723
vt 0.08842272311449051 0.12166237831115723
vt 0.08842272311449051 0.12166237831115723
vt 0.08842272311449051 0.12166237831115723
vt 0.08335848897695541 0.12925934791564941
vt 0.083561010658741 0.12166237831115723
vt 0.083561010658741 0.12166237831115723
vt 0.08335848897695541 0.12925934791564941
vt 0.083561010658741 0.12166237831115723
vt 0.083561010658741 0.12166237831115723
vt 0.07869922369718552 0.12925934791564941
vt 0.1255737692117691 0.12925934791564941
vt 0.07869922369718552 0.12166237831115723
vt 0.07869922369718552 0.12166237831115723
vt 0.1276111602783203 0.12166237831115723
vt 0.1276111602783203 0.12166237831115723
vt 0.08842272311449051 0.12166237831115723
vt 0.083561010658741 0.12166237831115723
vt 0.07869922369718552 0.12925934791564941
vt 0.07869922369718552 0.12166237831115723
vt 0.07869922369718552 0.12166237831115723
vt 0.1255737692117691 0.12925934791564941
vt 0.1276111602783203 0.12166237831115723
vt 0.1276111602783203 0.12166237831115723
vt 0.08842272311449051 0.12166237831115723
vt 0.083561010658741 0.12166237831115723
vt 0.1255737692117691 0.12925934791564941
vt 0.1276111602783203 0.12166237831115723
vt 0.1276111602783203 0.12166237831115723
vt 0.08842272311449051 0.12166237831115723
vt 0.083561010658741 0.12166237831115723
vt 0.07869922369718552 0.12925934791564941
vt 0.07869922369718552 0.12166237831115723
vt 0.07869922369718552 0.12166237831115723
vt 0.10153455287218094 0.2997472882270813
vt 0.10153455287218094 0.2997472882270813
vt 0.09687528759241104 0.2997472882270813
vt 0.09687528759241104 0.2997472882270813
vt 0.09687528759241104 0.2997472882270813
vt 0.10619369894266129 0.2997472882270813
vt 0.10619369894266129 0.2997472882270813
vt 0.14374971389770508 0.2997472882270813
vt 0.14374971389770508 0.2997472882270813
vt 0.14374971389770508 0.2997472882270813
vt 0.14374971389770508 0.2997472882270813
vt 0.14374971389770508 0.2997472882270813
vt 0.14374971389770508 0.2997472882270813
vt 0.10619369894266129 0.2997472882270813
vt 0.10619369894266129 0.2997472882270813
vt 0.10153455287218094 0.2997472882270813
vt 0.10153455287218094 0.2997472882270813
vt 0.09687528759241104 0.2997472882270813
vt 0.09687528759241104 0.2997472882270813
vt 0.09687528759241104 0.2997472882270813
vn -1 0 0
vn 0 0 1
vn 0 0.14056572492787175 0.9900713494367473
vn 0 0 1
vn 0 0.14056572492787175 0.9900713494367473
vn 1 0 0
vn 0 -0.14056572492787175 -0.9900713494367473
vn 0 0.33633803167884474 -0.9417413277787061
vn 1 0 0
vn -1 0 0
vn 0 -0.14056572492787175 -0.9900713494367473
vn 0 0.33633803167884474 -0.9417413277787061
vn -1 0 0
vn 0 -1 0
vn 0 0 1
vn 0 -1 0
vn 0 0 1
vn 1 0 0
vn 0 -1 0
vn 0 0.33633803167884474 -0.9417413277787061
vn 1 0 0
vn -1 0 0
vn 0 -1 0
vn 0 0.33633803167884474 -0.9417413277787061
vn 1 0 0
vn -1 0 0
vn 0 -1 0
vn 1 0 0
vn -1 0 0
vn 0 -1 0
vn 1 0 0
vn 0 -1 0
vn 1 0 0
vn -1 0 0
vn -1 0 0
vn 0 -1 0
vn 0 0 1
vn 0 0.33633803167884474 -0.9417413277787061
vn 0 -1 0
vn 0 0 1
vn 0 -1 0
vn 0 0.33633803167884474 -0.9417413277787061
vn 0 -1 0
vn 0 -1 0
vn 0 0 1
vn 0 -1 0
vn 0 0 1
vn 0 0.33633803167884474 -0.9417413277787061
vn 0 -1 0
vn 0 0.33633803167884474 -0.9417413277787061
vn 0 -1 0
vn 0 -1 0
vn 0 0.33633803167884474 -0.9417413277787061
vn 0 -1 0
vn 0 0.33633803167884474 -0.9417413277787061
vn 0 -1 0
vn 0 -1 0
vn 0 0 1
vn 0 -1 0
vn 0 0 1
vn 0 1 0
vn 1 0 0
vn 0 0.14056572492787175 0.9900713494367473
vn 0 1 0
vn 1 0 0
vn -1 0 0
vn 0 1 0
vn -1 0 0
vn 0 -0.14056572492787175 -0.9900713494367473
vn 0 1 0
vn 0 -0.14056572492787175 -0.9900713494367473
vn 0 1 0
vn 1 0 0
vn 0 1 0
vn 1 0 0
vn -1 0 0
vn 0 1 0
vn -1 0 0
vn 0 0.14056572492787175 0.9900713494367473
vn 0 1 0
f 1420/1420/1420 1404/1404/1404 1416/1416/1416
f 1420/1420/1420 1416/1416/1416 1423/1423/1423
f 1446/1446/1446 1426/1426/1426 1410/1410/1410
f 1446/1446/1446 1410/1410/1410 1440/1440/1440
f 1452/1452/1452 1396/1396/1396 1409/1409/1409
f 1452/1452/1452 1409/1409/1409 1454/1454/1454
f 1442/1442/1442 1402/1402/1402 1414/1414/1414
f 1442/1442/1442 1414/1414/1414 1444/1444/1444
f 1425/1425/1425 1400/1400/1400 1412/1412/1412
f 1425/1425/1425 1412/1412/1412 1427/1427/1427
f 1403/1403/1403 1419/1419/1419 1422/1422/1422
f 1403/1403/1403 1422/1422/1422 1415/1415/1415
f 1443/1443/1443 1413/1413/1413 1421/1421/1421
f 1443/1443/1443 1421/1421/1421 1445/1445/1445
f 1428/1428/1428 1420/1420/1420 1423/1423/1423
f 1428/1428/1428 1423/1423/1423 1429/1429/1429
f 1395/1395/1395 1428/1428/1428 1429/1429/1429
f 1395/1395/1395 1429/1429/1429 1407/1407/1407
f 1419/1419/1419 1425/1425/1425 1427/1427/1427
f 1419/1419/1419 1427/1427/1427 1422/1422/1422
f 1445/1445/1445 1421/1421/1421 1426/1426/1426
f 1445/1445/1445 1426/1426/1426 1446/1446/1446
f 1450/1450/1450 1437/1437/1437 1438/1438/1438
f 1450/1450/1450 1438/1438/1438 1451/1451/1451
f 1448/1448/1448 1435/1435/1435 1437/1437/1437
f 1448/1448/1448 1437/1437/1437 1450/1450/1450
f 1447/1447/1447 1432/1432/1432 1436/1436/1436
f 1447/1447/1447 1436/1436/1436 1449/1449/1449
f 1439/1439/1439 1431/1431/1431 1434/1434/1434
f 1439/1439/1439 1434/1434/1434 1441/1441/1441
f 1451/1451/1451 1438/1438/1438 1433/1433/1433
f 1451/1451/1451 1433/1433/1433 1453/1453/1453
f 1398/1398/1398 1439/1439/1439 1441/1441/1441
f 1398/1398/1398 1441/1441/1441 1411/1411/1411
f 1437/1437/1437 1445/1445/1445 1446/1446/1446
f 1437/1437/1437 1446/1446/1446 1438/1438/1438
f 1435/1435/1435 1443/1443/1443 1445/1445/1445
f 1435/1435/1435 1445/1445/1445 1437/1437/1437
f 1432/1432/1432 1442/1442/1442 1444/1444/1444
f 1432/1432/1432 1444/1444/1444 1436/1436/1436
f 1438/1438/1438 1446/1446/1446 1440/1440/1440
f 1438/1438/1438 1440/1440/1440 1433/1433/1433
f 1430/1430/1430 1451/1451/1451 1453/1453/1453
f 1430/1430/1430 1453/1453/1453 1408/1408/1408
f 1406/1406/1406 1447/1447/1447 1449/1449/1449
f 1406/1406/1406 1449/1449/1449 1418/1418/1418
f 1417/1417/1417 1448/1448/1448 1450/1450/1450
f 1417/1417/1417 1450/1450/1450 1424/1424/1424
f 1424/1424/1424 1450/1450/1450 1451/1451/1451
f 1424/1424/1424 1451/1451/1451 1430/1430/1430
f 1431/1431/1431 1452/1452/1452 1454/1454/1454
f 1431/1431/1431 1454/1454/1454 1434/1434/1434
f 1419/1419/1419 1403/1403/1403 1467/1467/1467
f 1419/1419/1419 1467/1467/1467 1469/1469/1469
f 1400/1400/1400 1425/1425/1425 1456/1456/1456
f 1400/1400/1400 1456/1456/1456 1459/1459/1459
f 1401/1401/1401 1405/1405/1405 1463/1463/1463
f 1401/1401/1401 1463/1463/1463 1465/1465/1465
f 1468/1468/1468 1466/1466/1466 1464/1464/1464
f 1468/1468/1468 1464/1464/1464 1461/1461/1461
f 1455/1455/1455 1468/1468/1468 1461/1461/1461
f 1455/1455/1455 1461/1461/1461 1471/1471/1471
f 1471/1471/1471 1474/1474/1474 1458/1458/1458
f 1471/1471/1471 1458/1458/1458 1455/1455/1455
f 1428/1428/1428 1395/1395/1395 1472/1472/1472
f 1428/1428/1428 1472/1472/1472 1470/1470/1470
f 1425/1425/1425 1419/1419/1419 1469/1469/1469
f 1425/1425/1425 1469/1469/1469 1456/1456/1456
f 1404/1404/1404 1420/1420/1420 1460/1460/1460
f 1404/1404/1404 1460/1460/1460 1462/1462/1462
f 1420/1420/1420 1428/1428/1428 1470/1470/1470
f 1420/1420/1420 1470/1470/1470 1460/1460/1460
f 1397/1397/1397 1399/1399/1399 1457/1457/1457
f 1397/1397/1397 1457/1457/1457 1473/1473/1473
