# Blender 5.2.1 LTS
# www.blender.org
mtllib hand.mtl
o mesh
v -2.659037 1.421775 -2.596645
v -3.776206 0.400850 -0.516026
v -3.263140 1.612417 -0.279119
v -2.730540 0.370668 -2.606882
v -2.533617 -0.785974 -2.794929
v -3.549737 -0.626497 -0.660413
v -2.753808 -1.989699 -1.050287
v -1.873413 -1.702139 -2.843719
v -1.192563 2.544001 -1.748573
v -2.195850 0.473101 -4.041967
v -2.007679 -0.606773 -4.120241
v -1.529013 -1.636680 -3.834104
v -0.468253 1.742610 -1.629504
v -1.200032 2.706506 -1.088073
v -2.525122 2.248416 -0.332600
v -2.109155 2.077946 0.556266
v -3.080521 1.538518 2.021070
v -2.727777 2.039903 2.020998
v -2.251186 1.757302 1.917882
v -0.599194 2.409313 -1.456665
v -0.867946 2.725639 -0.996406
v -1.281852 2.435680 -0.867997
v -0.278667 2.361662 -1.107640
v -0.707554 2.668888 -0.832030
v -1.149827 2.443556 -0.655542
v -3.149021 1.102246 0.792534
v -2.976103 1.078840 1.942846
v -3.031663 1.514433 2.445810
v -2.694486 1.988396 2.419469
v -2.255552 1.744959 2.234782
v -2.931914 1.022327 2.348912
v -2.916603 1.478633 2.782114
v -2.579347 1.909227 2.755034
v -2.160150 1.630222 2.557149
v -2.780648 0.986861 2.700558
v -2.371805 1.010755 2.574742
v -2.660460 1.346805 3.430477
v -2.382750 1.718132 3.407609
v -2.047704 1.465301 3.208216
v -2.570960 0.879948 3.294615
v -2.139099 0.944994 3.118523
v -2.581079 1.286558 3.641682
v -2.303061 1.694842 3.574436
v -2.002702 1.428070 3.368455
v -2.496690 0.838400 3.525759
v -2.093226 0.892917 3.309356
v -2.459156 1.238526 3.791299
v -2.243304 1.663856 3.702407
v -1.970628 1.421691 3.507620
v -2.368429 0.789735 3.660982
v -2.052928 0.865616 3.484102
v -2.088489 1.246713 3.975017
v -1.816282 1.638269 3.735452
v -1.702193 1.437738 3.499354
v -1.796951 0.856338 3.975164
v -1.669232 0.868885 3.628221
v -1.216345 1.658149 3.730850
v -1.061409 1.413573 3.588960
v -1.067331 1.051769 3.751477
v -0.257854 1.720223 -1.304445
v -0.841147 1.296001 -0.999638
v -1.347709 1.663111 -0.770227
v -0.161747 2.083816 -0.242968
v -0.394130 2.545652 -0.261464
v -0.627484 2.573175 -0.236632
v -0.792473 2.328104 0.016048
v -0.451725 1.767585 0.004499
v -0.767828 2.034535 0.107781
v -3.366628 1.763028 0.411695
v -2.706657 2.296390 0.446328
v -3.374043 1.148591 0.134339
v -3.571405 0.890875 0.024835
v -3.824578 -0.062046 -0.087520
v -3.756425 -0.298685 -0.207596
v -3.368606 -1.221328 -0.476021
v -3.263329 -1.486230 -0.507456
v -2.246702 -2.416093 -1.024859
v -1.489021 -2.187602 -2.688184
v -2.696209 1.131845 0.784275
v -1.149882 1.000582 4.012206
v -0.903561 1.429290 4.035477
v -1.884339 2.204948 -0.115858
v -1.622223 1.532038 3.871469
v -1.734743 1.295581 4.001029
v -1.608909 1.064700 4.040099
v -0.955024 1.182025 4.053142
v -1.033589 1.604177 3.862569
v -3.001898 1.572975 -1.278854
v -1.870222 -2.237930 -1.756035
v -2.348262 -1.847197 -1.833368
v -3.063571 -0.734169 -1.769389
v -3.333942 0.381366 -1.549582
v -1.879573 -2.311773 -0.844213
v -2.221734 1.589604 0.700230
v -2.815033 -0.762714 0.480056
v -3.008611 1.146325 1.055887
v -3.183292 1.687731 0.978532
v -2.792615 2.247481 0.921264
v -2.225927 2.049310 1.016007
v -0.972490 1.220192 3.591114
v -1.634889 1.137927 3.386605
v -1.921889 1.118283 3.457763
v -1.946243 1.149323 3.310287
v -2.017994 1.149888 3.126173
v -2.105735 1.253070 2.546633
v -2.215705 1.305274 2.213483
v -2.232710 1.304126 1.898392
v -0.938311 1.346541 3.928727
v -2.497333 1.053831 1.856031
v -2.475697 1.036163 2.176059
v -2.218633 1.544526 1.073670
v -2.519919 1.221320 1.071315
v -3.253841 0.876728 0.943651
v -2.262738 0.764001 1.650097
v -2.565230 0.413575 1.963860
v -3.624186 0.537620 1.246289
v -3.007339 0.666027 0.707786
v -2.039895 0.437890 1.197516
v -2.599308 -0.106978 1.968282
v -3.670079 -0.019756 1.170507
v -3.831300 -0.110588 0.758568
v -3.346018 -0.098875 0.860222
v -3.299812 -0.084412 0.720436
v -1.978202 0.758171 1.848914
v -2.266623 0.400737 2.162615
v -1.871953 0.445467 1.443210
v -2.291501 -0.118994 2.154737
v -2.318110 -0.204178 1.477755
v -1.675247 0.675521 1.881368
v -1.891527 0.316062 2.233733
v -1.586829 0.386657 1.463507
v -1.896063 -0.216599 2.193079
v -1.141982 0.577954 1.866052
v -1.280017 0.198980 2.198979
v -1.153397 0.286457 1.522790
v -1.324731 -0.287473 2.111704
v -1.750221 -0.256316 1.661303
v -1.286006 -0.262019 1.657908
v -0.954790 0.524930 1.946828
v -1.086756 0.151665 2.255783
v -1.000793 0.231920 1.602513
v -1.121720 -0.317449 2.158912
v -1.112772 -0.286854 1.713809
v -0.789384 0.497841 2.001854
v -0.913088 0.093062 2.266203
v -0.847255 0.248841 1.656263
v -0.981316 -0.359725 2.111110
v -0.970686 -0.285625 1.749207
v -0.422066 0.422249 1.870565
v -0.589906 -0.036053 2.061105
v -0.582792 0.368825 1.619002
v -0.721873 -0.358731 1.741546
v -0.827380 -0.183800 1.509230
v -0.275880 0.194300 1.155918
v -0.079333 0.268033 1.398663
v -0.350531 -0.370821 1.233958
v -0.421167 -0.170046 1.096853
v -0.345605 0.053828 1.012157
v -0.775992 0.191265 1.434077
v -0.912596 -0.044564 1.610669
v -1.044454 -0.042768 1.562275
v -1.212537 -0.028978 1.496526
v -1.605256 -0.063579 1.503386
v -1.902332 0.008662 1.483916
v -2.064556 -0.210657 1.633581
v -2.107157 -0.006063 1.253557
v -3.143212 0.232914 0.610123
v -0.038238 -0.125935 1.244655
v -0.498643 -0.282166 1.642653
v -0.425701 -0.069690 1.799731
v -0.299720 0.192496 1.743061
v -0.115404 -0.309691 1.185490
v 0.058344 -0.165784 1.208411
v 0.050885 0.075200 1.286565
v -4.038471 0.408350 0.530006
v -3.530891 0.950300 0.735743
v -3.033537 0.816938 0.734629
v -2.966492 0.423918 0.665651
v -3.633799 -0.380955 0.935243
v -2.604349 -0.422850 1.392046
v -2.705488 -0.901671 1.443207
v -3.874647 -0.825117 0.841101
v -3.255024 -0.440314 0.585394
v -2.343679 -0.510936 0.864194
v -2.595541 -1.342413 1.310421
v -3.732152 -1.258427 0.667434
v -3.589487 -1.343728 0.298415
v -3.192434 -1.161496 0.645513
v -3.016214 -1.233167 0.488771
v -2.336326 -0.431322 1.509296
v -2.411762 -0.900908 1.638999
v -2.087349 -0.527539 1.041658
v -2.288538 -1.354242 1.469951
v -2.411106 -1.218504 0.923123
v -2.030570 -0.449251 1.666722
v -2.133291 -0.904231 1.821767
v -1.817549 -0.552049 1.216582
v -1.962876 -1.346238 1.643295
v -2.110870 -1.211724 1.067891
v -1.424592 -0.480308 1.844003
v -1.407852 -0.915739 1.985657
v -1.376661 -0.639728 1.395649
v -1.342399 -1.349095 1.783593
v -1.818724 -1.190169 1.262327
v -1.347263 -1.177104 1.368232
v -1.234402 -0.481249 1.867083
v -1.200250 -0.917455 2.022352
v -1.226876 -0.650253 1.443961
v -1.141339 -1.334840 1.823580
v -1.186083 -1.195973 1.426603
v -1.073805 -0.474370 1.866185
v -1.031577 -0.915369 2.005288
v -1.089319 -0.638678 1.484877
v -0.988756 -1.316713 1.778435
v -1.049954 -1.165875 1.466270
v -0.788200 -0.487336 1.508310
v -0.712812 -0.912621 1.721835
v -0.998608 -0.609534 1.328653
v -0.761662 -1.283396 1.480153
v -0.996182 -1.185655 1.308303
v -0.729067 -0.716130 0.847197
v -0.547463 -0.541702 1.003759
v -0.538729 -1.227192 0.956642
v -0.707571 -1.108518 0.846174
v -0.758724 -0.882654 0.746403
v -1.112933 -0.856629 1.217800
v -1.074376 -0.908542 1.385334
v -1.194397 -0.914238 1.343376
v -1.349715 -0.920846 1.282660
v -1.745026 -0.896528 1.119994
v -2.012627 -0.887385 0.941155
v -2.316690 -0.846712 0.772437
v -3.086269 -0.760760 0.656869
v -0.430060 -0.886910 0.825468
v -0.619024 -1.140034 1.326936
v -0.614971 -0.910127 1.429654
v -0.633676 -0.655852 1.328804
v -0.381447 -1.096065 0.848262
v -0.296880 -0.882643 0.820133
v -0.385349 -0.671875 0.879490
v -3.988180 -0.799817 0.220148
v -3.783260 -0.291883 0.670435
v -3.256217 -0.361935 0.625826
v -3.067496 -1.783816 0.618309
v -2.606738 -1.755113 1.011738
v -2.653963 -2.211696 1.046412
v -3.011230 -2.252579 0.551043
v -2.511346 -1.824327 0.492322
v -2.244816 -1.807646 0.732301
v -2.464600 -2.643049 0.918544
v -2.783402 -2.672623 0.390565
v -2.698878 -2.611615 -0.029688
v -2.396373 -2.495381 0.365438
v -2.359688 -2.462494 0.176740
v -2.413930 -1.753068 1.207632
v -2.518281 -2.203121 1.247268
v -2.046512 -1.810378 0.909851
v -2.322598 -2.631866 1.134486
v -2.230332 -1.742885 1.433858
v -2.365921 -2.176674 1.483352
v -1.899274 -1.862324 1.100448
v -2.160621 -2.594074 1.335124
v -1.584936 -1.733338 1.645247
v -1.633518 -2.121173 1.821880
v -1.492516 -1.887710 1.271567
v -1.583198 -2.538961 1.677591
v -1.912141 -2.459120 1.072976
v -1.506940 -2.439445 1.299198
v -1.382209 -1.717906 1.667383
v -1.419998 -2.100676 1.890969
v -1.348146 -1.893458 1.318999
v -1.371174 -2.505921 1.755125
v -1.334693 -2.428817 1.372782
v -1.247125 -1.709970 1.699224
v -1.258265 -2.079301 1.905731
v -1.218589 -1.898775 1.379126
v -1.241654 -2.482903 1.739151
v -1.206402 -2.425473 1.422207
v -0.951547 -1.737572 1.469852
v -0.944511 -2.061024 1.784083
v -1.044322 -1.911692 1.262462
v -0.835659 -2.445323 1.643751
v -0.977312 -2.444059 1.380713
v -0.617053 -2.011533 1.013878
v -0.539640 -1.817898 1.174684
v -0.442034 -2.407032 1.321925
v -0.543233 -2.360894 1.135024
v -0.558672 -2.212649 0.977857
v -1.070403 -2.193403 1.180313
v -1.193386 -2.174838 1.318818
v -1.304262 -2.171269 1.265031
v -1.441489 -2.168707 1.201394
v -1.831329 -2.166453 0.994187
v -1.919044 -2.160846 0.865434
v -2.091190 -2.546855 0.923065
v -2.136860 -2.160552 0.636964
v -2.204960 -2.536768 0.700211
v -2.244510 -2.102298 0.354265
v -0.328060 -2.125895 1.171288
v -0.671007 -2.300868 1.561205
v -0.740421 -2.077975 1.589218
v -0.739654 -1.874556 1.440531
v -0.282954 -2.273306 1.261246
v -0.218975 -2.091918 1.218091
v -0.340064 -1.916355 1.173900
v -3.179971 -2.257787 -0.080402
v -3.386144 -1.601132 0.317799
v -2.648304 -1.674197 0.467003
v -2.080879 -2.029582 0.307636
v -2.107664 -0.564934 -0.275094
v -1.775265 -1.895775 -0.465944
v -1.501758 -2.135128 -1.627577
v -1.525928 -0.336167 -1.126389
v -1.326405 -1.681255 -1.292224
v -0.996492 1.330277 -1.369430
v -0.843414 2.149485 -2.800809
v -1.491996 1.613615 -1.198142
v -1.052831 -2.007246 -2.491673
v -0.834412 0.358133 -1.841785
v -1.023255 1.686472 -1.273286
v -0.335603 -0.469024 -2.706957
v 0.032853 0.518951 -3.406385
v -0.917422 -1.459514 -4.960972
v -0.197626 -0.666396 -3.518944
v -0.008207 1.348136 -4.646404
v -1.103606 0.535447 -5.528376
v -1.200371 -0.592150 -5.397022
v 0.108577 -1.623577 -6.967179
v -0.403703 -0.820579 -7.162099
v -0.460056 0.567089 -7.166370
v -0.025461 1.390949 -6.840479
v 1.078872 1.337337 -6.336586
v 1.687702 0.276200 -6.051242
v 1.471199 -0.926824 -6.116442
v -0.564836 1.727809 -2.036071
v -2.102682 0.553364 -0.195824
v -1.776004 1.497429 -0.145007
v -1.341217 1.020547 -1.310827
v -1.490930 1.985616 -1.016199
v -0.714212 1.280244 -5.201910
v -1.776990 1.890602 -3.728918
v -1.645556 2.271922 -2.754151
v -1.889784 2.443836 -1.309641
v -0.430882 2.387663 0.196108
v -0.127406 2.107141 0.310897
v -0.328693 1.857620 0.195256
v -0.748612 2.339429 -0.032749
v -0.801615 2.017187 -0.045741
v -0.586287 2.332497 0.443455
v -0.085769 2.142208 0.513106
v -0.208798 1.686825 0.382288
v -0.973939 2.152624 0.157378
v -0.869457 1.735791 0.125936
v -0.728078 2.161165 0.696432
v -0.221703 1.908809 0.986695
v -0.319149 1.452655 0.856003
v -1.279280 1.877091 0.713204
v -1.073573 1.441326 0.657925
v -0.504785 1.686746 1.521734
v -0.616581 1.427793 1.504550
v -1.235775 1.448223 1.279304
v -1.340724 1.641585 1.325209
v -0.732214 1.153123 0.853980
v -0.971147 1.362598 1.514816
v -0.570830 1.477410 0.293906
v -0.567112 1.800133 0.100783
v -1.018441 1.681741 1.590445
v -1.172343 1.955682 0.958278
v -0.801513 2.033190 1.015270
v -0.498438 1.944341 1.143539
v -1.279676 1.752171 1.533623
v -1.018780 1.831854 1.701647
v -0.704515 1.801358 1.684986
v -1.292531 1.355680 -4.594327
v -1.992285 1.372620 -3.971072
v 0.321355 0.469499 -4.256605
v -1.234265 -1.617305 -4.374648
v -1.543353 -0.624662 -4.718973
v -1.544971 0.510900 -4.809346
v -1.070148 -1.946516 -3.502467
v -1.554654 2.415202 -0.727418
v -1.472897 2.450033 -1.005078
v -0.509447 1.096437 -1.719365
v -0.339658 0.129451 -2.633616
v -0.151028 0.883138 -2.423920
v -2.130028 2.079234 -2.784132
v -0.505196 -1.477955 -3.207030
v -0.878091 -0.389930 -1.894360
v -0.632869 1.864496 -3.458677
v -0.120925 1.270423 -2.858177
v -1.396801 2.113035 -3.345065
v -0.453274 1.587424 -4.008255
v 0.223514 -0.795338 -4.186344
v -0.712844 -1.689533 -3.987413
v -0.549927 -1.071619 -2.587974
v -0.864518 -1.521395 -1.998770
v -0.316527 -1.595098 -4.501076
v 0.958634 -1.692616 -6.426233
v 0.443585 -1.274548 -7.313357
v 1.104697 -1.328242 -6.892647
v 0.045169 -0.650034 -7.464950
v 0.001343 0.429194 -7.468274
v 0.339340 1.069933 -7.214818
v 1.198211 1.028238 -6.822926
v 1.671715 0.202962 -6.601005
v 1.503335 -0.732664 -6.651714
vn -0.8733 0.3732 -0.3130
vn -0.9109 -0.1456 -0.3861
vn -0.8154 -0.4258 -0.3921
vn -0.8352 -0.3532 -0.4215
vn -0.3538 0.9353 -0.0075
vn -0.9108 0.1445 -0.3867
vn -0.9232 -0.1153 -0.3665
vn -0.7893 -0.5046 -0.3499
vn 0.6476 0.4998 -0.5752
vn -0.8046 0.5723 0.1583
vn 0.4103 0.8867 0.2132
vn 0.2496 0.9112 -0.3278
vn 0.7725 0.2541 -0.5820
vn 0.4691 0.8414 -0.2683
vn -0.3669 0.8427 0.3940
vn 0.4649 -0.8285 -0.3122
vn -0.4777 -0.8565 0.1958
vn -0.9626 -0.2684 0.0373
vn 0.1074 -0.9786 0.1757
vn -0.8074 0.5747 0.1333
vn 0.5106 0.8580 0.0559
vn -0.9707 -0.2242 0.0870
vn -0.0391 -0.9944 -0.0980
vn -0.7404 0.5728 0.3517
vn 0.5422 0.8370 0.0732
vn -0.9058 -0.2754 0.3221
vn 0.0139 -0.9962 -0.0856
vn -0.7179 0.5750 0.3925
vn 0.6007 0.7959 0.0750
vn -0.9152 -0.2808 0.2892
vn 0.0443 -0.9850 -0.1667
vn -0.1269 0.8104 -0.5720
vn -0.8717 -0.0113 -0.4899
vn -0.7673 -0.4400 -0.4666
vn 0.9030 0.4029 -0.1493
vn -0.7138 0.5578 0.4236
vn 0.5994 0.7963 -0.0812
vn -0.9310 -0.2501 0.2658
vn 0.0334 -0.9737 -0.2255
vn -0.6556 0.4952 0.5701
vn 0.6189 0.7786 -0.1038
vn -0.7645 -0.3051 0.5679
vn 0.0352 -0.9661 -0.2559
vn -0.2211 0.4747 0.8519
vn 0.0347 0.7125 -0.7008
vn -0.4219 -0.3236 0.8469
vn 0.1087 -0.9912 -0.0754
vn 0.0533 0.6649 -0.7450
vn 0.2549 -0.9669 -0.0132
vn -0.9149 0.1265 0.3834
vn 0.9711 0.2320 -0.0567
vn 0.4346 0.8996 -0.0444
vn -0.4462 0.8450 0.2949
vn 0.6872 -0.7152 0.1277
vn -0.3713 -0.7609 0.5321
vn -0.8579 0.1277 0.4978
vn -0.9953 -0.0295 0.0919
vn -0.6273 0.7463 -0.2225
vn -0.9046 0.4191 0.0775
vn -0.5945 0.7969 0.1077
vn -0.7737 0.6219 -0.1213
vn -0.9579 -0.2497 -0.1416
vn -0.9419 -0.1575 -0.2967
vn -0.9432 0.2428 -0.2266
vn -0.9663 -0.2562 -0.0250
vn -0.7777 -0.4875 -0.3969
vn -0.8357 -0.4880 -0.2519
vn -0.8988 -0.2826 -0.3352
vn -0.5478 -0.7150 -0.4343
vn -0.5438 -0.7293 -0.4151
vn -0.0126 -0.2038 0.9789
vn 0.3137 -0.6910 -0.6512
vn 0.1110 -0.4817 -0.8693
vn 0.8433 -0.4732 -0.2549
vn 0.8207 -0.4709 -0.3236
vn 0.7146 -0.6324 -0.2990
vn 0.6737 -0.6880 -0.2698
vn 0.7069 -0.7046 -0.0613
vn 0.7074 -0.6842 -0.1772
vn 0.8286 0.5241 -0.1968
vn -0.1482 -0.0372 0.9883
vn -0.1756 0.5766 0.7979
vn 0.7820 -0.4245 -0.4563
vn -0.0995 0.5867 0.8037
vn -0.0503 0.1100 0.9927
vn 0.0193 -0.2796 0.9599
vn -0.0570 0.8194 0.5704
vn 0.2914 -0.2653 0.9191
vn 0.0579 -0.3594 0.9314
vn -0.6216 -0.7034 -0.3447
vn -0.7682 -0.4984 -0.4019
vn -0.8756 -0.0951 -0.4736
vn 0.2990 -0.9514 -0.0740
vn 0.3399 -0.9405 -0.0044
vn 0.3132 -0.9483 0.0507
vn -0.2403 -0.1998 0.9499
vn 0.1796 0.9783 0.1036
vn 0.9138 0.0356 0.4046
vn 0.7331 -0.3947 0.5539
vn 0.2670 -0.1467 0.9525
vn -0.9208 -0.1660 0.3529
vn -0.7115 0.6869 0.1484
vn 0.3106 0.9394 0.1453
vn 0.2001 0.2743 -0.9406
vn -0.1522 0.2298 -0.9613
vn 0.9651 0.2047 -0.1633
vn 0.9336 0.2048 -0.2941
vn 0.9821 0.1367 -0.1300
vn 0.9556 0.1207 -0.2687
vn 0.9976 0.0660 -0.0188
vn 0.9991 0.0281 0.0314
vn 0.8776 -0.4617 0.1289
vn 0.7296 0.0960 -0.6771
vn 0.0408 -0.9893 -0.1404
vn 0.9886 -0.0788 0.1279
vn 0.6949 -0.7051 -0.1413
vn -0.2936 0.7802 0.5523
vn 0.3841 0.8366 -0.3905
vn -0.5804 -0.0108 0.8142
vn -0.0050 -0.9904 0.1381
vn -0.3444 0.7672 0.5411
vn 0.4213 0.7974 -0.4320
vn -0.5352 0.0275 0.8443
vn -0.1107 -0.9855 0.1284
vn 0.0488 0.6612 0.7486
vn 0.2427 0.8098 -0.5341
vn -0.1501 -0.0414 0.9878
vn -0.2021 -0.9781 0.0505
vn 0.1518 0.6322 0.7598
vn 0.1882 0.7901 -0.5834
vn 0.0768 -0.1278 0.9888
vn -0.0737 -0.9973 0.0006
vn -0.0924 0.6653 0.7408
vn 0.4834 0.6466 -0.5901
vn -0.2796 -0.1592 0.9468
vn -0.1255 -0.9897 -0.0684
vn -0.0050 0.5943 0.8042
vn 0.2360 0.7466 -0.6221
vn 0.0290 -0.2666 0.9634
vn -0.1482 -0.9803 -0.1308
vn 0.4856 0.2736 0.8303
vn -0.1689 0.9028 -0.3954
vn 0.5289 -0.5382 0.6562
vn -0.2752 -0.9016 -0.3339
vn 0.0635 0.9545 -0.2915
vn -0.5412 -0.7048 -0.4587
vn -0.7084 -0.0379 -0.7048
vn -0.8045 -0.0620 -0.5908
vn 0.2445 -0.5437 -0.8029
vn 0.2147 -0.5794 -0.7862
vn 0.0108 -0.6035 -0.7973
vn -0.0477 -0.5744 -0.8172
vn 0.4082 -0.7839 -0.4678
vn 0.2514 -0.7471 -0.6154
vn 0.6839 0.3268 -0.6523
vn 0.5475 -0.6636 0.5097
vn 0.7689 -0.0967 0.6320
vn -0.2512 0.3906 -0.8856
vn 0.7454 -0.2027 0.6350
vn 0.5483 -0.6471 0.5298
vn 0.3658 -0.8732 0.3220
vn 0.8128 0.1698 0.5573
vn -0.8835 -0.0666 0.4637
vn -0.6183 0.6626 0.4226
vn 0.4718 0.8438 0.2559
vn -0.2991 0.7941 -0.5291
vn -0.7189 0.5812 -0.3812
vn 0.3323 0.0783 -0.9399
vn 0.4181 0.0295 -0.9079
vn 0.0614 -0.0240 -0.9978
vn 0.0470 -0.0929 -0.9946
vn 0.7815 -0.1531 -0.6048
vn 0.4788 -0.0694 -0.8752
vn 0.3675 -0.4339 -0.8226
vn -0.2753 0.3115 -0.9095
vn -0.1564 -0.9828 0.0982
vn -0.1072 -0.1880 0.9763
vn 0.1007 0.2820 0.9541
vn -0.4259 0.1160 0.8973
vn 0.0944 0.9907 -0.0976
vn -0.4555 -0.4088 0.7908
vn 0.1202 -0.9289 0.3502
vn -0.4689 0.2489 0.8475
vn 0.1162 0.9856 -0.1230
vn -0.4741 -0.3901 0.7893
vn 0.1250 -0.9560 -0.2653
vn -0.4637 0.3412 0.8177
vn 0.1509 0.9791 -0.1363
vn -0.4515 -0.4477 0.7718
vn 0.2074 -0.9394 -0.2730
vn -0.2247 0.3275 0.9177
vn 0.1852 0.9565 -0.2254
vn -0.2028 -0.4358 0.8769
vn 0.0911 -0.9263 -0.3657
vn -0.1391 0.3120 0.9398
vn 0.1039 0.9329 -0.3449
vn -0.1526 -0.4394 0.8852
vn 0.0861 -0.9287 -0.3607
vn 0.0429 0.3212 0.9460
vn -0.0058 0.9238 -0.3827
vn 0.1976 -0.4327 0.8796
vn 0.1443 -0.9083 -0.3926
vn 0.6838 0.3528 0.6387
vn -0.4144 0.8672 -0.2760
vn 0.6858 -0.3815 0.6198
vn -0.3557 -0.9017 -0.2457
vn -0.3703 0.8671 -0.3332
vn -0.2962 -0.9140 -0.2774
vn -0.7417 -0.4072 -0.5330
vn -0.9650 -0.2528 -0.0701
vn 0.3259 -0.2573 -0.9097
vn 0.3290 -0.2767 -0.9029
vn 0.2668 -0.3983 -0.8776
vn 0.5000 -0.4589 -0.7345
vn 0.3960 -0.4324 -0.8101
vn 0.2195 -0.2281 -0.9486
vn 0.2222 0.4959 -0.8394
vn 0.8780 -0.2939 0.3778
vn 0.8821 0.2928 0.3689
vn -0.2896 -0.1700 -0.9420
vn 0.8553 0.2382 0.4601
vn 0.8697 -0.2459 0.4280
vn 0.7730 -0.5594 0.2993
vn 0.8007 0.4663 0.3761
vn -0.8747 -0.4847 0.0036
vn -0.9175 0.2550 0.3053
vn 0.3077 0.8499 0.4277
vn -0.6878 0.5058 -0.5206
vn -0.9689 0.2267 -0.0993
vn 0.2640 0.3590 -0.8952
vn 0.3161 0.3758 -0.8711
vn 0.3942 0.3477 -0.8507
vn 0.5334 0.3295 -0.7790
vn 0.5236 0.2972 -0.7984
vn 0.2361 0.1003 -0.9665
vn 0.2430 -0.3874 -0.8893
vn -0.2792 0.2882 -0.9160
vn 0.0939 -0.9361 -0.3390
vn 0.3849 0.2335 0.8929
vn 0.5639 -0.2014 0.8009
vn -0.7342 -0.0311 0.6782
vn 0.0458 0.9913 -0.1237
vn -0.7002 -0.5117 0.4978
vn 0.4208 -0.9054 -0.0558
vn -0.7603 0.1783 0.6247
vn 0.0826 0.9930 -0.0846
vn -0.7258 -0.4664 0.5057
vn 0.2485 -0.9581 -0.1425
vn -0.7890 0.2699 0.5520
vn 0.1959 0.9789 -0.0574
vn -0.6719 -0.4898 0.5556
vn 0.3823 -0.9231 -0.0414
vn -0.3640 0.3221 0.8739
vn 0.1213 0.9479 -0.2944
vn -0.3936 -0.4088 0.8234
vn 0.2110 -0.9476 -0.2399
vn -0.2275 0.4688 0.8535
vn 0.0561 0.9118 -0.4068
vn -0.2680 -0.3392 0.9017
vn 0.1864 -0.9627 -0.1959
vn -0.1823 0.4970 0.8484
vn 0.1519 0.8738 -0.4620
vn 0.0566 -0.3456 0.9367
vn 0.1226 -0.9768 -0.1754
vn 0.4257 0.5421 0.7245
vn -0.3090 0.8007 -0.5133
vn 0.2966 -0.3053 0.9049
vn 0.0077 -0.9947 -0.1021
vn -0.2464 0.7403 -0.6255
vn 0.0538 -0.9896 -0.1333
vn -0.2749 -0.6821 -0.6776
vn -0.4323 -0.5168 -0.7389
vn 0.3656 -0.3836 -0.8480
vn 0.3810 -0.3945 -0.8362
vn 0.4507 -0.3714 -0.8117
vn 0.7208 -0.3846 -0.5767
vn 0.7576 -0.3283 -0.5642
vn 0.8437 -0.2852 -0.4547
vn 0.5512 0.3509 -0.7570
vn 0.6096 -0.0405 0.7917
vn 0.5442 0.5574 0.6270
vn 0.2381 -0.4518 -0.8598
vn 0.5094 0.5133 0.6907
vn 0.5929 0.0381 0.8044
vn 0.6045 -0.3302 0.7250
vn 0.4572 0.7350 0.5007
vn -0.7356 -0.6771 0.0230
vn -0.8542 -0.3559 0.3790
vn 0.0523 0.7343 0.6769
vn -0.4051 0.1917 -0.8940
vn -0.6271 0.1937 -0.7545
vn 0.4234 0.2334 -0.8754
vn 0.3609 0.2602 -0.8956
vn 0.4132 0.3389 -0.8452
vn 0.7831 0.3518 -0.5128
vn 0.6550 0.3521 -0.6686
vn 0.6871 0.5733 -0.4463
vn 0.6665 -0.5293 -0.5250
vn 0.1517 0.0210 -0.9882
vn 0.3269 -0.9224 -0.2059
vn 0.4712 0.2194 0.8543
vn 0.7664 -0.4640 0.4442
vn 0.2101 0.0244 0.9774
vn 0.7201 -0.0339 0.6930
vn 0.7839 0.2419 0.5719
vn 0.8066 -0.5259 0.2698
vn 0.9112 -0.3452 0.2250
vn 0.8369 0.0945 0.5391
vn 0.8123 -0.5031 0.2949
vn -0.6330 0.1878 -0.7511
vn 0.3968 -0.1569 0.9044
vn 0.8306 -0.0760 0.5516
vn 0.7731 0.6338 0.0239
vn 0.4425 -0.2989 0.8455
vn -0.0079 -0.9735 -0.2284
vn 0.6428 -0.6146 0.4572
vn -0.7966 -0.5048 -0.3325
vn -0.9210 -0.0062 -0.3894
vn -0.7888 0.5380 -0.2974
vn -0.0194 0.9996 0.0197
vn 0.7164 0.5117 0.4744
vn 0.8101 -0.1020 0.5774
vn 0.9028 -0.1562 0.4006
vn 0.8316 -0.0402 0.5539
vn 0.9185 0.0287 0.3944
vn -0.9034 0.2094 -0.3742
vn -0.6842 0.7123 -0.1567
vn -0.6217 0.7509 -0.2227
vn -0.0044 0.9687 -0.2483
vn 0.9980 -0.0146 -0.0613
vn -0.0408 -0.8932 0.4479
vn 0.4725 0.8207 0.3213
vn -0.6617 0.6574 0.3606
vn 0.4717 0.8675 0.1582
vn 0.8633 -0.2424 -0.4428
vn -0.4017 0.9034 0.1501
vn -0.7673 -0.0149 -0.6411
vn 0.1756 0.8300 0.5295
vn 0.9569 -0.2653 0.1179
vn -0.4803 0.8527 0.2056
vn -0.8216 -0.2466 -0.5140
vn 0.8730 -0.3298 0.3594
vn -0.8860 -0.3998 -0.2348
vn -0.5162 -0.8563 -0.0170
vn -0.3414 -0.7642 -0.5472
vn 0.0397 -0.5200 -0.8533
vn 0.9860 0.0042 -0.1669
vn 0.1028 -0.1689 0.9803
vn -0.3670 0.9245 0.1028
vn 0.2134 0.9176 0.3354
vn -0.3269 -0.7010 0.6339
vn 0.1266 0.9429 0.3081
vn -0.3080 0.9261 0.2179
vn -0.8351 0.5439 0.0824
vn 0.5402 0.6913 0.4799
vn 0.4131 -0.8630 0.2909
vn 0.5495 -0.7870 -0.2807
vn 0.4436 -0.4790 -0.7575
vn 0.7355 0.6367 -0.2318
vn -0.6234 -0.3509 0.6988
vn 0.0519 -0.6996 0.7127
vn -0.6924 0.4669 -0.5501
vn -0.7696 0.5055 -0.3902
vn 0.8132 0.4958 0.3046
vn 0.8241 -0.5625 -0.0668
vn -0.7450 -0.4451 -0.4969
vn -0.7723 -0.0696 -0.6315
vn -0.6889 0.2891 -0.6647
vn -0.5255 -0.7738 -0.3537
vn -0.3080 0.6543 0.6907
vn -0.0882 0.9767 0.1958
vn 0.7513 -0.3789 0.5403
vn -0.2896 0.9435 -0.1612
vn 0.8649 -0.4401 0.2414
vn 0.9628 -0.1390 0.2317
vn -0.2835 0.9054 -0.3160
vn 0.5633 -0.8242 -0.0592
vn 0.7365 -0.0376 0.6754
vn 0.7989 0.0031 0.6015
vn 0.7474 -0.5780 0.3276
vn 0.5821 0.7143 0.3885
vn 0.8951 0.2787 0.3480
vn -0.7316 0.6782 -0.0693
vn 0.8899 0.4350 -0.1373
vn 0.1968 0.9444 -0.2633
vn 0.1354 0.8612 -0.4899
vn -0.1226 -0.9359 -0.3302
vn 0.9462 -0.1500 0.2866
vn 0.8927 -0.1271 0.4324
vn 0.9331 -0.2730 0.2343
vn 0.8603 -0.0954 0.5008
vn 0.6589 -0.5847 0.4732
vn -0.1320 -0.9912 -0.0113
vn 0.8478 -0.5128 -0.1351
vn 0.4733 0.0264 -0.8805
vn -0.5526 -0.0250 -0.8331
vn -0.3811 -0.4404 -0.8129
vn 0.8741 0.4776 -0.0890
vn 0.2765 -0.7974 -0.5363
vn 0.2566 0.8430 -0.4728
vn -0.3634 0.5021 -0.7847
vn 0.9842 -0.1769 -0.0051
vt 0.279664 0.612642
vt 0.344159 0.608838
vt 0.340335 0.555940
vt 0.278615 0.551644
vt 0.219824 0.536018
vt 0.225103 0.601019
vt 0.125392 0.511821
vt 0.109984 0.557438
vt 0.185747 0.604584
vt 0.197272 0.607227
vt 0.565875 0.431490
vt 0.575489 0.405291
vt 0.582972 0.384150
vt 0.570252 0.401727
vt 0.333516 0.482764
vt 0.331971 0.403449
vt 0.283557 0.404432
vt 0.278698 0.481922
vt 0.225718 0.397239
vt 0.220725 0.474847
vt 0.169797 0.401542
vt 0.143424 0.453606
vt 0.384426 0.527144
vt 0.396061 0.551031
vt 0.426050 0.500974
vt 0.387209 0.457753
vt 0.357822 0.755077
vt 0.348304 0.698314
vt 0.320963 0.712994
vt 0.332261 0.766562
vt 0.572800 0.240859
vt 0.575795 0.293636
vt 0.565863 0.296807
vt 0.555787 0.236716
vt 0.552035 0.402496
vt 0.538089 0.430718
vt 0.415892 0.567103
vt 0.439607 0.519235
vt 0.541076 0.398740
vt 0.495135 0.282933
vt 0.561854 0.417440
vt 0.550589 0.408843
vt 0.431362 0.495917
vt 0.415474 0.473217
vt 0.510036 0.474517
vt 0.539574 0.453648
vt 0.560052 0.478533
vt 0.522662 0.492556
vt 0.294766 0.725267
vt 0.307500 0.769784
vt 0.286108 0.714250
vt 0.288241 0.709028
vt 0.298353 0.719949
vt 0.337555 0.787251
vt 0.362150 0.776660
vt 0.551205 0.213868
vt 0.566746 0.222127
vt 0.310933 0.789630
vt 0.611946 0.229240
vt 0.606653 0.212066
vt 0.605425 0.200136
vt 0.609060 0.221146
vt 0.341106 0.804429
vt 0.363646 0.794853
vt 0.549622 0.194608
vt 0.567085 0.202623
vt 0.314816 0.807311
vt 0.601036 0.190401
vt 0.601314 0.181419
vt 0.345041 0.837444
vt 0.364665 0.829865
vt 0.548542 0.157543
vt 0.564894 0.164808
vt 0.319170 0.838645
vt 0.594947 0.160729
vt 0.596705 0.148248
vt 0.331059 0.357648
vt 0.360791 0.410903
vt 0.343606 0.367068
vt 0.285588 0.352901
vt 0.286909 0.307785
vt 0.226215 0.316394
vt 0.224452 0.357314
vt 0.179341 0.331379
vt 0.170630 0.367690
vt 0.389597 0.425975
vt 0.345470 0.847571
vt 0.367638 0.840687
vt 0.546429 0.148154
vt 0.564086 0.155626
vt 0.320532 0.849221
vt 0.594484 0.149687
vt 0.595263 0.137052
vt 0.345563 0.855014
vt 0.368715 0.848788
vt 0.545289 0.139578
vt 0.561647 0.146599
vt 0.320193 0.855843
vt 0.593203 0.140105
vt 0.595622 0.130042
vt 0.346843 0.867001
vt 0.368728 0.869597
vt 0.545275 0.117549
vt 0.557218 0.121087
vt 0.323391 0.875511
vt 0.591675 0.116364
vt 0.592237 0.109220
vt 0.545728 0.088431
vt 0.560598 0.086257
vt 0.582057 0.082901
vt 0.586479 0.079694
vt 0.438215 0.619623
vt 0.465178 0.579853
vt 0.512421 0.249326
vt 0.498227 0.242233
vt 0.511272 0.251839
vt 0.461231 0.564027
vt 0.465326 0.269977
vt 0.494284 0.262196
vt 0.318889 0.633064
vt 0.316375 0.686981
vt 0.344927 0.676195
vt 0.373372 0.597921
vt 0.305053 0.632273
vt 0.273480 0.754692
vt 0.241931 0.748849
vt 0.254094 0.632032
vt 0.214342 0.754794
vt 0.187324 0.686287
vt 0.160500 0.709390
vt 0.187001 0.725593
vt 0.134875 0.705498
vt 0.119085 0.650131
vt 0.082219 0.625623
vt 0.103736 0.500908
vt 0.087012 0.543143
vt 0.057005 0.617747
vt 0.648482 0.281276
vt 0.629447 0.285464
vt 0.631705 0.279936
vt 0.645074 0.279510
vt 0.574702 0.121571
vt 0.571543 0.082318
vt 0.579395 0.145453
vt 0.580208 0.154546
vt 0.583345 0.164192
vt 0.587617 0.197084
vt 0.590829 0.215907
vt 0.597574 0.233726
vt 0.618742 0.273903
vt 0.602290 0.282597
vt 0.566344 0.070729
vt 0.333673 0.884925
vt 0.347257 0.879461
vt 0.360582 0.880746
vt 0.338349 0.914010
vt 0.328829 0.903402
vt 0.347849 0.911870
vt 0.351701 0.916555
vt 0.363311 0.907073
vt 0.368300 0.897102
vt 0.674157 0.297036
vt 0.608489 0.306961
vt 0.716981 0.283436
vt 0.719892 0.291194
vt 0.702999 0.285372
vt 0.707679 0.279402
vt 0.116073 0.447542
vt 0.851822 0.517201
vt 0.847715 0.518395
vt 0.871895 0.473779
vt 0.875025 0.475080
vt 0.899255 0.412778
vt 0.902774 0.419821
vt 0.830190 0.540593
vt 0.804056 0.523182
vt 0.865654 0.376909
vt 0.767529 0.303657
vt 0.772163 0.304709
vt 0.859864 0.372913
vt 0.569438 0.320222
vt 0.581177 0.318794
vt 0.582896 0.353659
vt 0.577576 0.356564
vt 0.622592 0.359131
vt 0.668088 0.363093
vt 0.742680 0.311349
vt 0.622539 0.268273
vt 0.274981 0.835200
vt 0.271692 0.773008
vt 0.245447 0.775504
vt 0.248873 0.839444
vt 0.634489 0.175471
vt 0.634403 0.234650
vt 0.629914 0.230666
vt 0.626433 0.164828
vt 0.217662 0.772234
vt 0.222337 0.839106
vt 0.687112 0.231485
vt 0.683171 0.238492
vt 0.251199 0.857162
vt 0.274374 0.847339
vt 0.623974 0.144741
vt 0.634324 0.153035
vt 0.224807 0.856690
vt 0.676698 0.172168
vt 0.674595 0.153737
vt 0.679549 0.142078
vt 0.682163 0.160693
vt 0.251206 0.872653
vt 0.276354 0.869952
vt 0.624979 0.128038
vt 0.634362 0.136500
vt 0.224539 0.873178
vt 0.673524 0.135875
vt 0.679832 0.124623
vt 0.252641 0.899255
vt 0.274680 0.887144
vt 0.623650 0.102602
vt 0.635555 0.112780
vt 0.228251 0.896263
vt 0.668638 0.112814
vt 0.675903 0.100185
vt 0.252062 0.909271
vt 0.276564 0.903449
vt 0.624757 0.092577
vt 0.637957 0.103155
vt 0.228571 0.906860
vt 0.669270 0.101895
vt 0.675563 0.088966
vt 0.251690 0.916558
vt 0.276844 0.911572
vt 0.624460 0.083978
vt 0.636397 0.093916
vt 0.228167 0.913228
vt 0.668932 0.092285
vt 0.675992 0.082225
vt 0.252823 0.928016
vt 0.276433 0.930700
vt 0.624896 0.063729
vt 0.634547 0.066146
vt 0.230362 0.933307
vt 0.669947 0.065538
vt 0.673668 0.060969
vt 0.630358 0.033025
vt 0.642120 0.035671
vt 0.664561 0.034823
vt 0.670933 0.030924
vt 0.650478 0.068992
vt 0.652733 0.033212
vt 0.653447 0.095610
vt 0.653362 0.104668
vt 0.653266 0.115100
vt 0.659454 0.134458
vt 0.658795 0.151358
vt 0.659891 0.174447
vt 0.676719 0.275168
vt 0.650941 0.020341
vt 0.238822 0.944404
vt 0.252463 0.940710
vt 0.266802 0.943394
vt 0.240676 0.972552
vt 0.232946 0.961688
vt 0.251830 0.971685
vt 0.251757 0.977612
vt 0.263859 0.971450
vt 0.271273 0.959704
vt 0.180640 0.792516
vt 0.182895 0.740610
vt 0.158988 0.734872
vt 0.154867 0.791322
vt 0.714782 0.194533
vt 0.710758 0.245488
vt 0.707375 0.234984
vt 0.709762 0.180035
vt 0.135665 0.725340
vt 0.131144 0.789352
vt 0.757375 0.251149
vt 0.751236 0.258992
vt 0.154909 0.809372
vt 0.180184 0.806360
vt 0.710245 0.165379
vt 0.715728 0.177473
vt 0.130507 0.806141
vt 0.755100 0.194943
vt 0.754714 0.177041
vt 0.762835 0.165611
vt 0.762161 0.183385
vt 0.154730 0.826214
vt 0.179219 0.823115
vt 0.711267 0.147642
vt 0.717124 0.159796
vt 0.130938 0.824272
vt 0.753486 0.156859
vt 0.762379 0.146417
vt 0.154110 0.858109
vt 0.177548 0.851964
vt 0.713036 0.117102
vt 0.722121 0.133649
vt 0.130784 0.852290
vt 0.752741 0.133546
vt 0.762541 0.116756
vt 0.154018 0.866302
vt 0.177497 0.859022
vt 0.713090 0.109630
vt 0.722720 0.126007
vt 0.131552 0.860951
vt 0.753816 0.124945
vt 0.761729 0.107588
vt 0.154130 0.871808
vt 0.177867 0.865128
vt 0.712698 0.103166
vt 0.722061 0.118234
vt 0.132527 0.866013
vt 0.752101 0.116769
vt 0.760696 0.102229
vt 0.154278 0.881633
vt 0.177169 0.880594
vt 0.713437 0.086792
vt 0.720400 0.096206
vt 0.134321 0.882490
vt 0.753228 0.096332
vt 0.758798 0.084785
vt 0.716535 0.063187
vt 0.726474 0.069417
vt 0.748833 0.068260
vt 0.755595 0.061716
vt 0.734480 0.101636
vt 0.735963 0.068821
vt 0.737438 0.121172
vt 0.737763 0.128573
vt 0.738139 0.137091
vt 0.736753 0.160095
vt 0.736233 0.179101
vt 0.733915 0.198438
vt 0.729017 0.259109
vt 0.736205 0.053166
vt 0.142037 0.892812
vt 0.154412 0.890898
vt 0.168099 0.892014
vt 0.144404 0.914321
vt 0.137346 0.904282
vt 0.155662 0.912358
vt 0.155892 0.919108
vt 0.167236 0.913494
vt 0.174243 0.902892
vt 0.096751 0.695278
vt 0.106552 0.666156
vt 0.079420 0.655078
vt 0.069973 0.689453
vt 0.893078 0.354531
vt 0.880091 0.370649
vt 0.875534 0.363132
vt 0.892939 0.341329
vt 0.052658 0.642506
vt 0.042903 0.677451
vt 0.914172 0.400047
vt 0.910071 0.395695
vt 0.065801 0.703258
vt 0.091333 0.708874
vt 0.901784 0.331411
vt 0.902993 0.344208
vt 0.038571 0.692174
vt 0.926462 0.378575
vt 0.935824 0.367748
vt 0.941614 0.362045
vt 0.933346 0.373261
vt 0.062044 0.719249
vt 0.086383 0.724714
vt 0.910926 0.319435
vt 0.915073 0.332474
vt 0.035682 0.706692
vt 0.940004 0.355942
vt 0.948588 0.350555
vt 0.052609 0.756301
vt 0.076492 0.754833
vt 0.928719 0.296809
vt 0.930315 0.313962
vt 0.027391 0.744795
vt 0.956456 0.331128
vt 0.967494 0.320621
vt 0.050461 0.766664
vt 0.074583 0.763339
vt 0.065735 0.745776
vt 0.068378 0.737682
vt 0.025978 0.755857
vt 0.961664 0.322765
vt 0.972135 0.311621
vt 0.049252 0.773111
vt 0.072896 0.770623
vt 0.932989 0.290144
vt 0.936690 0.284454
vt 0.939957 0.301314
vt 0.935084 0.307876
vt 0.025646 0.760200
vt 0.965796 0.316403
vt 0.973766 0.308019
vt 0.046408 0.782544
vt 0.068489 0.784848
vt 0.944867 0.273685
vt 0.948222 0.284475
vt 0.022608 0.781689
vt 0.976175 0.298203
vt 0.983032 0.290628
vt 0.959973 0.255648
vt 0.965504 0.265045
vt 0.985004 0.272969
vt 0.991623 0.270134
vt 0.959833 0.295049
vt 0.976534 0.268586
vt 0.952368 0.311586
vt 0.948182 0.317398
vt 0.943363 0.324088
vt 0.928010 0.345889
vt 0.920516 0.356013
vt 0.908219 0.369693
vt 0.891908 0.386009
vt 0.981098 0.255432
vt 0.029451 0.793798
vt 0.043749 0.793003
vt 0.057197 0.796135
vt 0.027577 0.817870
vt 0.021437 0.806136
vt 0.037867 0.817387
vt 0.037900 0.824539
vt 0.050684 0.819853
vt 0.059650 0.809206
vt 0.879018 0.404058
vt 0.731489 0.368074
vt 0.855862 0.451292
vt 0.107803 0.563150
vt 0.087530 0.625113
vt 0.063301 0.623710
vt 0.090100 0.543989
vt 0.608703 0.407897
vt 0.586124 0.417451
vt 0.805349 0.457113
vt 0.718834 0.425570
vt 0.612814 0.452828
vt 0.649716 0.433444
vt 0.728568 0.536178
vt 0.693154 0.532672
vt 0.679936 0.478811
vt 0.724778 0.480699
vt 0.591503 0.514125
vt 0.625796 0.555047
vt 0.588401 0.572290
vt 0.560400 0.538592
vt 0.642423 0.486443
vt 0.171709 0.340243
vt 0.165863 0.375034
vt 0.752432 0.756086
vt 0.745100 0.626338
vt 0.791063 0.629350
vt 0.796068 0.759741
vt 0.213920 0.212166
vt 0.170698 0.210021
vt 0.288612 0.213239
vt 0.326998 0.314853
vt 0.332957 0.219251
vt 0.330653 0.325892
vt 0.330071 0.218711
vt 0.622800 0.644542
vt 0.672867 0.632348
vt 0.683881 0.757932
vt 0.623416 0.758007
vt 0.369977 0.469315
vt 0.375344 0.551892
vt 0.478917 0.594036
vt 0.475026 0.574898
vt 0.460138 0.258536
vt 0.490071 0.250570
vt 0.451974 0.632260
vt 0.510903 0.229702
vt 0.493643 0.229683
vt 0.486572 0.608228
vt 0.483407 0.586312
vt 0.458569 0.248530
vt 0.486140 0.239418
vt 0.460016 0.644324
vt 0.508902 0.220038
vt 0.492502 0.219375
vt 0.496395 0.626401
vt 0.504781 0.618238
vt 0.455491 0.221223
vt 0.477417 0.213223
vt 0.491244 0.669043
vt 0.495256 0.193857
vt 0.480796 0.193406
vt 0.448534 0.189527
vt 0.459760 0.181190
vt 0.475202 0.168202
vt 0.468207 0.166980
vt 0.493601 0.193426
vt 0.466473 0.167607
vt 0.504993 0.223291
vt 0.507543 0.237404
vt 0.453237 0.169838
vt 0.509107 0.663487
vt 0.513348 0.642172
vt 0.517364 0.633489
vt 0.540425 0.689378
vt 0.523863 0.693761
vt 0.540613 0.680589
vt 0.552436 0.675604
vt 0.548861 0.660864
vt 0.533796 0.653121
vt 0.609087 0.600952
vt 0.670162 0.581511
vt 0.738727 0.581552
vt 0.787861 0.555890
vt 0.812431 0.556810
vt 0.797252 0.592519
vt 0.151524 0.408765
vt 0.651174 0.530530
vt 0.765122 0.523192
vt 0.776562 0.484735
vt 0.376019 0.420124
vt 0.363147 0.394142
vt 0.166982 0.217073
vt 0.775305 0.787345
vt 0.741368 0.784503
vt 0.189484 0.185513
vt 0.223099 0.187181
vt 0.281190 0.188016
vt 0.315678 0.192691
vt 0.313434 0.192272
vt 0.269013 0.192327
vt 0.218652 0.193683
vt 0.186594 0.190998
vt 0.688054 0.785939
vt 0.641029 0.785997
s 0
usemtl Hand_Skin_Mat
f 2/1/1 3/2/1 88/3/1 92/4/1
f 92/4/2 91/5/2 6/6/2 2/1/2
f 91/5/3 90/7/3 7/8/3 6/6/3
f 6/6/4 7/8/4 76/9/4 75/10/4
f 9/11/5 343/12/5 381/13/5 14/14/5
f 1/15/6 375/16/6 10/17/6 4/18/6
f 4/18/7 10/17/7 11/19/7 5/20/7
f 5/20/8 11/19/8 12/21/8 8/22/8
f 9/23/9 20/24/9 13/25/9 342/26/9
f 18/27/10 98/28/10 97/29/10 17/30/10
f 19/31/11 99/32/11 98/33/11 18/34/11
f 14/14/12 21/35/12 20/36/12 9/11/12
f 20/24/13 23/37/13 60/38/13 13/25/13
f 21/35/14 24/39/14 23/40/14 20/36/14
f 22/41/15 25/42/15 24/39/15 21/35/15
f 60/38/16 61/43/16 315/44/16 13/25/16
f 61/45/17 62/46/17 317/47/17 315/48/17
f 97/29/18 96/49/18 27/50/18 17/30/18
f 96/49/19 26/51/19 79/52/19 112/53/19
f 17/30/20 28/54/20 29/55/20 18/27/20
f 18/34/21 29/56/21 30/57/21 19/31/21
f 27/50/22 31/58/22 28/54/22 17/30/22
f 109/59/23 110/60/23 31/61/23 27/62/23
f 28/54/24 32/63/24 33/64/24 29/55/24
f 29/56/25 33/65/25 34/66/25 30/57/25
f 31/58/26 35/67/26 32/63/26 28/54/26
f 110/60/27 36/68/27 35/69/27 31/61/27
f 32/63/28 37/70/28 38/71/28 33/64/28
f 33/65/29 38/72/29 39/73/29 34/66/29
f 35/67/30 40/74/30 37/70/30 32/63/30
f 36/68/31 41/75/31 40/76/31 35/69/31
f 374/77/32 375/16/32 341/78/32 392/79/32
f 379/80/33 326/81/33 327/82/33 378/83/33
f 378/83/34 327/82/34 323/84/34 377/85/34
f 13/25/35 315/44/35 316/86/35 342/26/35
f 37/70/36 42/87/36 43/88/36 38/71/36
f 38/72/37 43/89/37 44/90/37 39/73/37
f 40/74/38 45/91/38 42/87/38 37/70/38
f 41/75/39 46/92/39 45/93/39 40/76/39
f 42/87/40 47/94/40 48/95/40 43/88/40
f 43/89/41 48/96/41 49/97/41 44/90/41
f 45/91/42 50/98/42 47/94/42 42/87/42
f 46/92/43 51/99/43 50/100/43 45/93/43
f 47/94/44 52/101/44 53/102/44 48/95/44
f 48/96/45 53/103/45 54/104/45 49/97/45
f 50/98/46 55/105/46 52/101/46 47/94/46
f 51/99/47 56/106/47 55/107/47 50/100/47
f 53/103/48 57/108/48 58/109/48 54/104/48
f 56/106/49 59/110/49 80/111/49 55/107/49
f 62/46/50 25/42/50 22/41/50 317/47/50
f 23/37/51 64/112/51 63/113/51 60/38/51
f 24/39/52 65/114/52 64/115/52 23/40/52
f 25/42/53 66/116/53 65/114/53 24/39/53
f 60/38/54 63/113/54 67/117/54 61/43/54
f 61/45/55 67/118/55 68/119/55 62/46/55
f 62/46/56 68/119/56 66/116/56 25/42/56
f 3/2/57 71/120/57 26/51/57 69/121/57
f 3/2/58 69/121/58 70/122/58 15/123/58
f 2/1/59 72/124/59 71/120/59 3/2/59
f 71/120/60 72/124/60 176/125/60 26/51/60
f 175/126/61 176/125/61 72/124/61 2/1/61
f 2/1/62 73/127/62 121/128/62 175/126/62
f 74/129/63 73/127/63 2/1/63 6/6/63
f 241/130/64 242/131/64 74/129/64 6/6/64
f 73/127/65 74/129/65 242/131/65 121/128/65
f 6/6/66 75/10/66 187/132/66 241/130/66
f 75/10/67 76/9/67 307/133/67 187/132/67
f 76/9/68 7/8/68 306/134/68 307/133/68
f 90/7/69 89/135/69 77/136/69 7/8/69
f 7/8/70 77/136/70 252/137/70 306/134/70
f 177/138/71 79/139/71 26/140/71 176/141/71
f 59/110/72 56/106/72 101/142/72 100/143/72
f 101/142/73 56/106/73 51/99/73 102/144/73
f 102/144/74 51/99/74 46/92/74 103/145/74
f 103/145/75 46/92/75 41/75/75 104/146/75
f 104/146/76 41/75/76 36/68/76 105/147/76
f 105/147/77 36/68/77 110/60/77 106/148/77
f 106/148/78 110/60/78 109/59/78 107/149/78
f 109/59/79 112/150/79 111/151/79 107/149/79
f 58/109/80 57/108/80 108/152/80 100/143/80
f 85/153/81 84/154/81 52/101/81 55/105/81
f 83/155/82 53/102/82 52/101/82 84/154/82
f 86/156/83 80/157/83 108/158/83 81/159/83
f 87/160/84 83/155/84 84/154/84 81/159/84
f 81/159/85 84/154/85 85/153/85 86/156/85
f 85/153/86 55/105/86 80/157/86 86/156/86
f 83/155/87 87/160/87 57/161/87 53/102/87
f 79/139/88 177/138/88 178/162/88 94/163/88
f 242/164/89 243/165/89 123/166/89 121/167/89
f 89/135/90 90/7/90 8/22/90 78/168/90
f 90/7/91 91/5/91 5/20/91 8/22/91
f 91/5/92 92/4/92 4/18/92 5/20/92
f 89/169/93 312/170/93 93/171/93 77/172/93
f 77/172/94 93/171/94 254/173/94 252/174/94
f 78/175/95 318/176/95 312/170/95 89/169/95
f 308/177/96 189/178/96 187/179/96 307/180/96
f 70/181/97 16/182/97 82/183/97 15/184/97
f 16/182/98 94/163/98 337/185/98 82/183/98
f 94/163/99 178/162/99 336/186/99 337/185/99
f 178/162/100 123/166/100 243/165/100 95/187/100
f 96/49/101 97/29/101 69/121/101 26/51/101
f 97/29/102 98/28/102 70/122/102 69/121/102
f 70/181/103 98/33/103 99/32/103 16/182/103
f 58/109/104 100/143/104 101/142/104 54/104/104
f 54/104/105 101/142/105 102/144/105 49/97/105
f 49/97/106 102/144/106 103/145/106 44/90/106
f 44/90/107 103/145/107 104/146/107 39/73/107
f 39/73/108 104/146/108 105/147/108 34/66/108
f 34/66/109 105/147/109 106/148/109 30/57/109
f 30/57/110 106/148/110 107/149/110 19/31/110
f 107/149/111 111/151/111 99/32/111 19/31/111
f 59/110/112 100/143/112 108/152/112 80/111/112
f 87/160/113 81/159/113 108/158/113 57/161/113
f 96/188/114 112/150/114 109/59/114 27/62/114
f 16/182/115 99/32/115 111/151/115 94/163/115
f 94/163/116 111/151/116 112/150/116 79/139/116
f 114/189/117 113/190/117 116/191/117 115/192/117
f 118/193/118 117/194/118 113/195/118 114/196/118
f 116/191/119 120/197/119 119/198/119 115/192/119
f 120/199/120 121/167/120 123/166/120 122/200/120
f 115/192/121 125/201/121 124/202/121 114/189/121
f 114/196/122 124/203/122 126/204/122 118/193/122
f 119/198/123 127/205/123 125/201/123 115/192/123
f 128/206/124 165/207/124 127/208/124 119/209/124
f 125/201/125 130/210/125 129/211/125 124/202/125
f 124/203/126 129/212/126 131/213/126 126/204/126
f 127/205/127 132/214/127 130/210/127 125/201/127
f 165/207/128 137/215/128 132/216/128 127/208/128
f 130/210/129 134/217/129 133/218/129 129/211/129
f 129/212/130 133/219/130 135/220/130 131/213/130
f 132/214/131 136/221/131 134/217/131 130/210/131
f 137/215/132 138/222/132 136/223/132 132/216/132
f 134/217/133 140/224/133 139/225/133 133/218/133
f 133/219/134 139/226/134 141/227/134 135/220/134
f 136/221/135 142/228/135 140/224/135 134/217/135
f 138/222/136 143/229/136 142/230/136 136/223/136
f 140/224/137 145/231/137 144/232/137 139/225/137
f 139/226/138 144/233/138 146/234/138 141/227/138
f 142/228/139 147/235/139 145/231/139 140/224/139
f 143/229/140 148/236/140 147/237/140 142/230/140
f 145/231/141 150/238/141 149/239/141 144/232/141
f 144/233/142 149/240/142 151/241/142 146/234/142
f 147/235/143 152/242/143 150/238/143 145/231/143
f 148/236/144 153/243/144 152/244/144 147/237/144
f 149/240/145 155/245/145 154/246/145 151/241/145
f 153/243/146 157/247/146 156/248/146 152/244/146
f 157/247/147 153/243/147 159/249/147 158/250/147
f 159/249/148 153/243/148 148/236/148 160/251/148
f 160/251/149 148/236/149 143/229/149 161/252/149
f 161/252/150 143/229/150 138/222/150 162/253/150
f 162/253/151 138/222/151 137/215/151 163/254/151
f 163/254/152 137/215/152 165/207/152 164/255/152
f 164/255/153 165/207/153 128/206/153 166/256/153
f 128/206/154 122/200/154 167/257/154 166/256/154
f 154/246/155 155/245/155 168/258/155 158/250/155
f 169/259/156 170/260/156 150/238/156 152/242/156
f 171/261/157 149/239/157 150/238/157 170/260/157
f 172/262/158 156/263/158 168/264/158 173/265/158
f 174/266/159 171/261/159 170/260/159 173/265/159
f 173/265/160 170/260/160 169/259/160 172/262/160
f 169/259/161 152/242/161 156/263/161 172/262/161
f 171/261/162 174/266/162 155/267/162 149/239/162
f 120/197/163 116/191/163 175/126/163 121/128/163
f 116/191/164 113/190/164 176/125/164 175/126/164
f 176/141/165 113/195/165 117/194/165 177/138/165
f 154/246/166 158/250/166 159/249/166 151/241/166
f 151/241/167 159/249/167 160/251/167 146/234/167
f 146/234/168 160/251/168 161/252/168 141/227/168
f 141/227/169 161/252/169 162/253/169 135/220/169
f 135/220/170 162/253/170 163/254/170 131/213/170
f 131/213/171 163/254/171 164/255/171 126/204/171
f 126/204/172 164/255/172 166/256/172 118/193/172
f 166/256/173 167/257/173 117/194/173 118/193/173
f 157/247/174 158/250/174 168/258/174 156/248/174
f 174/266/175 173/265/175 168/264/175 155/267/175
f 120/199/176 122/200/176 128/206/176 119/209/176
f 177/138/177 117/194/177 167/257/177 178/162/177
f 178/162/178 167/257/178 122/200/178 123/166/178
f 180/268/179 179/269/179 182/270/179 181/271/179
f 184/272/180 183/273/180 179/274/180 180/275/180
f 182/270/181 186/276/181 185/277/181 181/271/181
f 186/278/182 187/179/182 189/178/182 188/279/182
f 181/271/183 191/280/183 190/281/183 180/268/183
f 180/275/184 190/282/184 192/283/184 184/272/184
f 185/277/185 193/284/185 191/280/185 181/271/185
f 194/285/186 199/286/186 193/287/186 185/288/186
f 191/280/187 196/289/187 195/290/187 190/281/187
f 190/282/188 195/291/188 197/292/188 192/283/188
f 193/284/189 198/293/189 196/289/189 191/280/189
f 199/286/190 204/294/190 198/295/190 193/287/190
f 196/289/191 201/296/191 200/297/191 195/290/191
f 195/291/192 200/298/192 202/299/192 197/292/192
f 198/293/193 203/300/193 201/296/193 196/289/193
f 204/294/194 205/301/194 203/302/194 198/295/194
f 201/296/195 207/303/195 206/304/195 200/297/195
f 200/298/196 206/305/196 208/306/196 202/299/196
f 203/300/197 209/307/197 207/303/197 201/296/197
f 205/301/198 210/308/198 209/309/198 203/302/198
f 207/303/199 212/310/199 211/311/199 206/304/199
f 206/305/200 211/312/200 213/313/200 208/306/200
f 209/307/201 214/314/201 212/310/201 207/303/201
f 210/308/202 215/315/202 214/316/202 209/309/202
f 212/310/203 217/317/203 216/318/203 211/311/203
f 211/312/204 216/319/204 218/320/204 213/313/204
f 214/314/205 219/321/205 217/317/205 212/310/205
f 215/315/206 220/322/206 219/323/206 214/316/206
f 216/319/207 222/324/207 221/325/207 218/320/207
f 220/322/208 224/326/208 223/327/208 219/323/208
f 224/326/209 220/322/209 226/328/209 225/329/209
f 226/328/210 220/322/210 215/315/210 227/330/210
f 227/330/211 215/315/211 210/308/211 228/331/211
f 228/331/212 210/308/212 205/301/212 229/332/212
f 229/332/213 205/301/213 204/294/213 230/333/213
f 230/333/214 204/294/214 199/286/214 231/334/214
f 231/334/215 199/286/215 194/285/215 232/335/215
f 194/285/216 188/279/216 233/336/216 232/335/216
f 221/325/217 222/324/217 234/337/217 225/329/217
f 235/338/218 236/339/218 217/317/218 219/321/218
f 237/340/219 216/318/219 217/317/219 236/339/219
f 238/341/220 223/342/220 234/343/220 239/344/220
f 240/345/221 237/340/221 236/339/221 239/344/221
f 239/344/222 236/339/222 235/338/222 238/341/222
f 235/338/223 219/321/223 223/342/223 238/341/223
f 237/340/224 240/345/224 222/346/224 216/318/224
f 186/276/225 182/270/225 241/130/225 187/132/225
f 182/270/226 179/269/226 242/131/226 241/130/226
f 242/164/227 179/274/227 183/273/227 243/165/227
f 221/325/228 225/329/228 226/328/228 218/320/228
f 218/320/229 226/328/229 227/330/229 213/313/229
f 213/313/230 227/330/230 228/331/230 208/306/230
f 208/306/231 228/331/231 229/332/231 202/299/231
f 202/299/232 229/332/232 230/333/232 197/292/232
f 197/292/233 230/333/233 231/334/233 192/283/233
f 192/283/234 231/334/234 232/335/234 184/272/234
f 232/335/235 233/336/235 183/273/235 184/272/235
f 224/326/236 225/329/236 234/337/236 223/327/236
f 240/345/237 239/344/237 234/343/237 222/346/237
f 186/278/238 188/279/238 194/285/238 185/288/238
f 243/165/239 183/273/239 233/336/239 95/187/239
f 95/187/240 233/336/240 188/279/240 189/178/240
f 245/347/241 244/348/241 247/349/241 246/350/241
f 249/351/242 248/352/242 244/353/242 245/354/242
f 247/349/243 251/355/243 250/356/243 246/350/243
f 251/357/244 252/174/244 254/173/244 253/358/244
f 246/350/245 256/359/245 255/360/245 245/347/245
f 245/354/246 255/361/246 257/362/246 249/351/246
f 250/356/247 258/363/247 256/359/247 246/350/247
f 297/364/248 295/365/248 258/366/248 250/367/248
f 256/359/249 260/368/249 259/369/249 255/360/249
f 255/361/250 259/370/250 261/371/250 257/362/250
f 258/363/251 262/372/251 260/368/251 256/359/251
f 295/365/252 267/373/252 262/374/252 258/366/252
f 260/368/253 264/375/253 263/376/253 259/369/253
f 259/370/254 263/377/254 265/378/254 261/371/254
f 262/372/255 266/379/255 264/375/255 260/368/255
f 267/373/256 268/380/256 266/381/256 262/374/256
f 264/375/257 270/382/257 269/383/257 263/376/257
f 263/376/258 269/383/258 271/384/258 265/385/258
f 266/379/259 272/386/259 270/382/259 264/375/259
f 268/380/260 273/387/260 272/388/260 266/381/260
f 270/382/261 275/389/261 274/390/261 269/383/261
f 269/391/262 274/392/262 276/393/262 271/394/262
f 272/386/263 277/395/263 275/389/263 270/382/263
f 273/387/264 278/396/264 277/397/264 272/388/264
f 275/389/265 280/398/265 279/399/265 274/390/265
f 274/392/266 279/400/266 281/401/266 276/393/266
f 277/395/267 282/402/267 280/398/267 275/389/267
f 278/396/268 283/403/268 282/404/268 277/397/268
f 279/400/269 285/405/269 284/406/269 281/401/269
f 283/403/270 287/407/270 286/408/270 282/404/270
f 287/407/271 283/403/271 289/409/271 288/410/271
f 289/409/272 283/403/272 278/396/272 290/411/272
f 290/411/273 278/396/273 273/387/273 291/412/273
f 291/412/274 273/387/274 268/380/274 292/413/274
f 292/413/275 268/380/275 267/373/275 293/414/275
f 293/414/276 267/373/276 295/365/276 294/415/276
f 294/415/277 295/365/277 297/364/277 296/416/277
f 297/364/278 253/358/278 298/417/278 296/416/278
f 284/406/279 285/405/279 299/418/279 288/410/279
f 300/419/280 301/420/280 280/398/280 282/402/280
f 302/421/281 279/399/281 280/398/281 301/420/281
f 303/422/282 286/423/282 299/424/282 304/425/282
f 305/426/283 302/421/283 301/420/283 304/425/283
f 304/425/284 301/420/284 300/419/284 303/422/284
f 300/419/285 282/402/285 286/423/285 303/422/285
f 302/421/286 305/426/286 285/427/286 279/399/286
f 251/355/287 247/349/287 306/134/287 252/137/287
f 247/349/288 244/348/288 307/133/288 306/134/288
f 307/180/289 244/353/289 248/352/289 308/177/289
f 284/406/290 288/410/290 289/409/290 281/401/290
f 281/401/291 289/409/291 290/411/291 276/393/291
f 276/393/292 290/411/292 291/412/292 271/394/292
f 271/394/293 291/412/293 292/413/293 265/378/293
f 265/378/294 292/413/294 293/414/294 261/371/294
f 261/371/295 293/414/295 294/415/295 257/362/295
f 257/362/296 294/415/296 296/416/296 249/351/296
f 296/416/297 298/417/297 248/352/297 249/351/297
f 287/407/298 288/410/298 299/418/298 286/408/298
f 305/426/299 304/425/299 299/424/299 285/427/299
f 251/357/300 253/358/300 297/364/300 250/367/300
f 308/177/301 248/352/301 298/417/301 309/428/301
f 309/428/302 298/417/302 253/358/302 254/173/302
f 308/177/303 309/428/303 95/187/303 189/178/303
f 95/187/304 310/429/304 336/186/304 178/162/304
f 309/428/305 311/430/305 310/429/305 95/187/305
f 311/431/306 309/432/306 254/433/306 93/434/306
f 339/435/307 382/436/307 14/14/307 381/13/307
f 311/430/308 314/437/308 313/438/308 310/429/308
f 93/171/309 312/170/309 314/437/309 311/430/309
f 382/436/310 320/439/310 317/47/310 22/41/310
f 320/439/311 382/436/311 339/435/311 338/440/311
f 321/441/312 384/442/312 319/443/312 388/444/312
f 335/445/313 390/446/313 389/447/313 316/448/313
f 319/443/314 383/449/314 320/439/314 338/440/314
f 377/85/315 323/84/315 397/450/315 394/451/315
f 334/452/316 393/453/316 397/454/316 398/455/316
f 323/84/317 327/82/317 329/456/317 328/457/317
f 327/82/318 326/81/318 330/458/318 329/456/318
f 326/81/319 340/459/319 331/460/319 330/458/319
f 340/459/320 325/461/320 332/462/320 331/460/320
f 325/463/321 376/464/321 333/465/321 332/466/321
f 376/464/322 393/453/322 334/452/322 333/465/322
f 336/186/323 338/440/323 339/435/323 337/185/323
f 336/186/324 310/429/324 313/438/324 338/440/324
f 381/13/325 82/183/325 337/185/325 339/435/325
f 88/3/326 1/15/326 4/18/326 92/4/326
f 386/467/327 1/15/327 88/3/327 343/468/327
f 343/468/328 88/3/328 3/2/328 15/123/328
f 325/461/329 340/459/329 374/77/329 392/79/329
f 63/113/330 344/469/330 345/470/330 67/117/330
f 67/118/331 345/471/331 346/472/331 68/119/331
f 64/112/332 347/473/332 344/469/332 63/113/332
f 65/114/333 348/474/333 347/475/333 64/115/333
f 344/469/334 349/476/334 350/477/334 345/470/334
f 345/471/335 350/478/335 351/479/335 346/472/335
f 347/473/336 352/480/336 349/476/336 344/469/336
f 348/474/337 353/481/337 352/482/337 347/475/337
f 349/476/338 354/483/338 355/484/338 350/477/338
f 350/478/339 355/485/339 356/486/339 351/479/339
f 352/480/340 357/487/340 354/483/340 349/476/340
f 353/481/341 358/488/341 357/489/341 352/482/341
f 355/485/342 359/490/342 360/491/342 356/486/342
f 358/488/343 361/492/343 362/493/343 357/489/343
f 361/492/344 358/488/344 363/494/344 364/495/344
f 363/494/345 358/488/345 353/481/345 365/496/345
f 365/496/346 353/481/346 348/474/346 366/497/346
f 366/497/347 348/474/347 65/114/347 66/116/347
f 360/491/348 359/490/348 367/498/348 364/495/348
f 368/499/349 369/500/349 354/483/349 357/487/349
f 370/501/350 355/484/350 354/483/350 369/500/350
f 371/502/351 362/503/351 367/504/351 372/505/351
f 373/506/352 370/501/352 369/500/352 372/505/352
f 372/505/353 369/500/353 368/499/353 371/502/353
f 368/499/354 357/487/354 362/503/354 371/502/354
f 370/501/355 373/506/355 359/507/355 355/484/355
f 360/491/356 364/495/356 363/494/356 356/486/356
f 356/486/357 363/494/357 365/496/357 351/479/357
f 351/479/358 365/496/358 366/497/358 346/472/358
f 346/472/359 366/497/359 66/116/359 68/119/359
f 361/492/360 364/495/360 367/498/360 362/493/360
f 373/506/361 372/505/361 367/504/361 359/507/361
f 326/81/362 379/80/362 374/77/362 340/459/362
f 1/15/363 386/467/363 341/78/363 375/16/363
f 325/463/364 392/508/364 322/509/364 376/464/364
f 324/510/365 387/511/365 380/512/365 394/513/365
f 377/85/366 12/21/366 11/19/366 378/83/366
f 378/83/367 11/19/367 10/17/367 379/80/367
f 379/80/368 10/17/368 375/16/368 374/77/368
f 78/168/369 8/22/369 12/21/369 380/514/369
f 14/14/370 382/436/370 22/41/370 21/35/370
f 343/12/371 15/184/371 82/183/371 381/13/371
f 319/443/372 384/442/372 385/515/372 383/449/372
f 9/23/373 342/26/373 386/467/373 343/468/373
f 318/176/374 387/511/374 395/516/374 396/517/374
f 384/442/375 322/509/375 390/446/375 385/515/375
f 386/467/376 342/26/376 391/518/376 341/78/376
f 318/176/377 78/175/377 380/512/377 387/511/377
f 319/443/378 338/440/378 313/438/378 388/444/378
f 388/444/379 313/438/379 314/437/379 396/517/379
f 396/517/380 314/437/380 312/170/380 318/176/380
f 320/439/381 383/449/381 335/445/381 317/47/381
f 383/449/382 385/515/382 390/446/382 335/445/382
f 316/448/383 315/48/383 317/47/383 335/445/383
f 390/446/384 322/509/384 392/508/384 389/447/384
f 391/518/385 342/26/385 316/86/385 389/519/385
f 391/518/386 389/519/386 392/79/386 341/78/386
f 380/514/387 12/21/387 377/85/387 394/451/387
f 324/510/388 322/509/388 384/442/388 321/441/388
f 376/464/389 322/509/389 324/510/389 393/453/389
f 387/511/390 324/510/390 321/441/390 395/516/390
f 395/516/391 321/441/391 388/444/391 396/517/391
f 393/453/392 324/510/392 394/513/392 397/454/392
f 397/450/393 323/84/393 328/457/393 398/520/393
f 334/452/394 398/455/394 400/521/394 406/522/394
f 399/523/395 401/524/395 402/525/395 403/526/395 404/527/395 405/528/395 406/529/395 400/530/395
f 329/456/396 330/458/396 402/525/396 401/524/396
f 328/457/397 329/456/397 401/524/397 399/523/397
f 332/466/398 333/465/398 405/531/398 404/532/398
f 398/520/399 328/457/399 399/523/399 400/530/399
f 331/460/400 332/462/400 404/527/400 403/526/400
f 330/458/401 331/460/401 403/526/401 402/525/401
f 333/465/402 334/452/402 406/522/402 405/531/402
o Cube
v -1.780987 3.644315 9.190226
v -1.780987 4.572897 9.190226
v -1.780987 3.610008 6.686462
v -1.078562 3.644315 9.190226
v -1.078562 4.572897 9.190226
v -1.078562 3.610008 6.686462
v -1.780987 4.999512 7.343706
v -1.078562 3.627162 7.938344
v -1.078562 4.999512 7.343706
v -1.780987 3.627162 7.938344
v -1.078562 4.640365 7.670041
v -1.780987 4.640365 7.670041
v -1.780987 4.582462 6.686462
v -1.078562 4.582462 6.686462
v -1.628620 4.419832 2.788996
v -1.230929 4.419832 2.788996
v -1.590186 3.066235 9.198146
v -1.590186 3.045882 6.661983
v -1.269363 3.066235 9.198146
v -1.269363 3.045882 6.661983
v -1.269363 3.049081 7.946265
v -1.590186 3.049081 7.946265
v -1.660986 2.879915 7.193944
v -1.092492 2.715039 9.086464
v -1.092492 2.697886 7.834582
v -1.767915 2.715039 9.086464
v -1.198563 2.879915 7.193944
v -1.767915 2.697886 7.834582
v -1.780987 2.308518 8.778408
v -1.780987 2.471472 7.318755
v -1.078562 2.308518 8.778408
v -1.078562 2.471472 7.318755
v -1.780987 2.161129 7.495556
v -1.078562 2.161129 7.495556
v -1.780987 2.131346 6.820241
v -1.078562 2.131346 6.820241
v -1.780987 2.006034 7.478279
v -1.078562 2.006034 7.478279
v -1.078562 4.638051 3.362132
v -1.780987 4.638051 3.362132
v -1.715849 3.181187 2.417766
v -1.143700 3.181187 2.417766
v -1.078562 2.447865 3.347838
v -1.780987 2.447865 3.347838
v -0.815561 3.785753 2.490311
v -2.043988 3.785752 2.490311
v -2.205724 3.542958 3.354985
v -0.653825 3.542958 3.354985
v -1.957825 4.082104 2.611664
v -0.769096 4.090504 3.358558
v -0.901724 4.082104 2.611664
v -2.090453 4.090504 3.358558
v -0.901724 3.480669 2.407101
v -2.090453 2.995411 3.351412
v -1.957825 3.480669 2.407101
v -0.769096 2.995411 3.351412
v -1.780987 1.231766 3.143703
v -1.078562 1.231766 3.143703
v -1.780987 2.082239 3.640584
v -1.780987 2.324955 3.362625
v -1.780987 0.954841 2.160872
v -1.078562 2.476676 1.606682
v -1.078562 2.324955 3.362625
v -1.078562 2.082239 3.640584
v -1.078562 0.954841 2.160872
v -1.780987 2.476676 1.606682
v -1.078562 2.810358 1.814630
v -1.780987 2.810358 1.814630
v -1.780987 5.022382 2.924235
v -1.078562 5.022382 2.924235
v -1.780987 4.582462 2.924235
v -1.078562 4.582462 2.924235
v -1.780987 2.937572 2.565028
v -1.078562 2.937572 2.565028
v -0.769096 3.348795 2.654830
v -2.090453 4.171240 2.834433
v -0.769096 4.171240 2.834433
v -0.653825 3.760017 2.744631
v -2.090453 3.348795 2.654830
v -2.205724 3.760017 2.744631
v -1.261277 4.725064 9.190226
v -1.598272 4.725064 9.190226
v -1.298564 4.999512 7.343706
v -1.560985 4.999512 7.343706
v -1.560985 4.792532 7.670041
v -1.298564 4.792532 7.670041
v -1.560985 5.022382 2.924235
v -1.298564 5.022382 2.924235
v -1.298564 4.781708 7.325745
v -1.560985 4.781708 7.325745
v -1.560985 4.804578 2.876533
v -1.298564 4.804578 2.876533
v -1.078562 0.609394 1.517646
v -1.078562 2.039087 0.390084
v -1.780987 2.039087 0.390084
v -1.780987 0.609394 1.517646
v -1.078562 -0.389724 0.949024
v -1.078562 0.616790 -0.899138
v -1.780987 0.616790 -0.899138
v -1.780987 -0.389724 0.949024
v -1.078562 1.515195 -0.263842
v -1.780987 1.515195 -0.263842
v -1.780987 -1.404073 0.910653
v -1.078562 -1.404073 0.910653
v -1.078562 -2.628292 0.380197
v -1.780987 -2.628292 0.380197
v -1.078562 -2.481285 -2.204050
v -1.078562 -2.334307 -2.281245
v -1.078562 -2.618288 -1.358328
v -1.078562 -2.294176 1.127895
v -1.078562 -2.461779 1.027471
v -1.780987 -2.334307 -2.281245
v -1.780987 -2.481285 -2.204050
v -1.780987 -2.618288 -1.358328
v -1.780987 -2.461779 1.027471
v -1.780987 -2.294176 1.127895
vn 1.0000 -0.0000 -0.0000
vn 0.9877 0.1565 0.0041
vn 0.9560 0.2934 0.0077
vn 0.4867 0.8206 0.2998
vn 0.2401 0.9500 0.1996
vn 0.3434 0.9385 0.0374
vn 0.6027 0.7975 0.0280
vn -0.9878 -0.1555 0.0017
vn -0.9872 -0.1596 0.0013
vn -0.9485 -0.3169 0.0025
vn -0.9490 -0.3151 0.0034
vn -0.0000 -0.0000 1.0000
vn -0.1369 0.9282 0.3461
vn -0.0000 1.0000 0.0052
vn 0.9878 -0.1555 0.0017
vn 0.9881 -0.1539 0.0021
vn 0.9496 -0.3134 0.0043
vn 0.9490 -0.3151 0.0034
vn -0.9881 -0.1539 0.0021
vn -1.0000 -0.0000 -0.0000
vn 0.9872 -0.1596 0.0013
vn -0.0000 0.0057 1.0000
vn -0.0000 0.0180 -0.9998
vn -0.0000 -0.0000 -1.0000
vn -0.9877 0.1565 0.0041
vn -0.9560 0.2934 0.0077
vn 0.1649 0.3916 -0.9052
vn -0.1649 0.3916 -0.9052
vn 0.0029 0.2198 -0.9755
vn -0.0029 0.2198 -0.9755
vn -0.8914 0.4531 -0.0062
vn -0.8935 0.4490 -0.0100
vn -0.9710 0.2386 -0.0148
vn -0.9509 0.3096 -0.0048
vn 0.8943 0.4474 -0.0098
vn 0.9710 0.2387 -0.0145
vn 0.9295 0.3680 -0.0242
vn -0.9209 0.3897 -0.0010
vn -0.9294 0.3682 -0.0246
vn -0.0000 -0.1528 0.9883
vn -0.0000 -0.1527 0.9883
vn -0.0000 0.0434 -0.9991
vn -0.9496 -0.3134 0.0043
vn 0.9485 -0.3169 0.0025
vn -0.0000 -0.4982 0.8670
vn -0.0000 -0.4982 0.8671
vn -0.0000 -0.9546 -0.2978
vn 0.8923 0.4514 -0.0062
vn 0.9510 0.3091 -0.0048
vn -0.0000 -0.8712 0.4910
vn -0.0000 -0.8713 0.4907
vn -0.0000 -0.1107 0.9939
vn 0.9960 0.0870 -0.0206
vn 0.9999 0.0091 0.0048
vn -0.0000 -0.2922 -0.9563
vn 0.9995 0.0309 -0.0020
vn -0.9960 0.0866 -0.0215
vn -1.0000 0.0086 0.0045
vn -0.9996 0.0290 -0.0019
vn -0.0000 0.8261 -0.5636
vn -0.0000 0.9532 -0.3023
vn -0.0000 -0.9999 -0.0167
vn -0.0000 -0.0065 1.0000
vn -0.0000 0.0452 0.9990
vn -0.8930 -0.3961 -0.2136
vn -0.8746 -0.3031 -0.3784
vn -0.9646 -0.1594 -0.2099
vn -0.9832 -0.1587 -0.0904
vn 0.8746 -0.3031 -0.3784
vn 0.8930 -0.3961 -0.2136
vn 0.9832 -0.1587 -0.0904
vn 0.9646 -0.1594 -0.2099
vn 0.8506 0.4552 -0.2632
vn 0.9286 0.3689 0.0406
vn 0.9983 -0.0449 -0.0359
vn 0.9661 0.0761 -0.2465
vn -0.9286 0.3689 0.0406
vn -0.8506 0.4552 -0.2632
vn -0.9661 0.0761 -0.2465
vn -0.9983 -0.0449 -0.0359
vn -0.0000 0.9390 0.3440
vn -0.0000 -0.9844 0.1758
vn -0.0000 -0.9746 0.2238
vn 0.9994 0.0345 -0.0058
vn -0.0000 -0.9273 0.3744
vn -0.0000 0.4674 0.8840
vn -0.9994 0.0345 -0.0058
vn -0.0000 0.7780 -0.6283
vn -0.0000 0.7019 -0.7123
vn 0.1892 0.1680 -0.9675
vn 0.5771 0.2574 -0.7751
vn 0.3061 -0.2201 -0.9262
vn 0.4935 -0.0867 -0.8654
vn -0.3899 0.4759 -0.7883
vn -0.5771 0.2574 -0.7751
vn 0.6007 0.2076 -0.7721
vn 0.3899 0.4759 -0.7883
vn -0.6007 0.2076 -0.7721
vn -0.4935 -0.0867 -0.8654
vn -0.3061 -0.2201 -0.9262
vn 0.9711 0.2355 -0.0399
vn -0.1892 0.1680 -0.9675
vn -0.9711 0.2355 -0.0399
vn -0.0000 0.8519 -0.5238
vn -0.2401 0.9500 0.1996
vn -0.4867 0.8206 0.2998
vn -0.6027 0.7975 0.0280
vn -0.3434 0.9385 0.0374
vn -0.0000 -0.9935 0.1141
vn -0.0047 0.2185 -0.9758
vn 0.1369 0.9282 0.3461
vn 0.0047 0.2185 -0.9758
vn -0.0000 0.9999 -0.0131
vn -0.0000 1.0000 0.0051
vn -0.0000 -0.7157 0.6984
vn -0.0000 -0.2741 0.9617
vn -0.0000 0.8726 -0.4885
vn -0.0000 0.6856 -0.7280
vn -0.0000 0.5027 -0.8644
vn -0.0000 -0.8013 0.5983
vn -0.0000 -0.9924 0.1227
vn -0.0000 0.1006 0.9949
vn -0.0000 -0.9965 -0.0831
vn -0.0000 -0.1496 0.9887
vn -0.0000 0.4241 -0.9056
vn 0.9209 0.3897 -0.0010
vn -0.0000 -0.4650 -0.8853
vn -0.0000 -0.9871 -0.1599
vt 0.156536 0.976718
vt 0.182163 0.937714
vt 0.163689 0.931851
vt 0.486838 0.495743
vt 0.485082 0.460646
vt 0.636301 0.460826
vt 0.637892 0.491159
vt 0.679349 0.834839
vt 0.554095 0.827045
vt 0.556989 0.763856
vt 0.683342 0.772373
vt 0.494362 0.354197
vt 0.518636 0.396518
vt 0.518636 0.474575
vt 0.494362 0.516897
vt 0.437301 0.391387
vt 0.446693 0.421690
vt 0.022721 0.414145
vt 0.013329 0.383842
vt 0.679327 0.835409
vt 0.801885 0.842845
vt 0.805835 0.780395
vt 0.683457 0.772627
vt 0.616701 0.967894
vt 0.649768 0.933811
vt 0.802019 0.842412
vt 0.798296 0.932332
vt 0.650162 0.932764
vt 0.617349 0.966731
vt 0.553394 0.827327
vt 0.551582 0.925929
vt 0.346232 0.354197
vt 0.346232 0.516897
vt 0.797926 0.933234
vt 0.137114 0.374750
vt 0.251800 0.374750
vt 0.251800 0.495033
vt 0.137114 0.495033
vt 0.552492 0.925122
vt 0.182030 0.936776
vt 0.156725 0.975646
vt 0.163820 0.931055
vt 0.031802 0.934496
vt 0.022082 0.842786
vt 0.086402 0.851741
vt 0.092816 0.912258
vt 0.805734 0.780311
vt 0.675073 0.729351
vt 0.797075 0.737482
vt 0.675223 0.729401
vt 0.610458 0.747995
vt 0.610699 0.748023
vt 0.254007 0.472702
vt 0.254007 0.398391
vt 0.070522 0.462361
vt 0.070522 0.407423
vt 0.556429 0.763804
vt 0.195219 0.513869
vt 0.195219 0.357423
vt 0.004803 0.474484
vt 0.004803 0.395299
vt 0.797203 0.737355
vt 0.113853 0.516897
vt 0.113853 0.354197
vt 0.123167 0.465320
vt 0.123167 0.370618
vt 0.137657 0.370618
vt 0.137657 0.465320
vt 0.625899 0.704998
vt 0.644645 0.675471
vt 0.632497 0.642037
vt 0.577610 0.669233
vt 0.021979 0.484121
vt 0.021979 0.385934
vt 0.084433 0.360454
vt 0.084433 0.509601
vt 0.769072 0.695956
vt 0.625970 0.705222
vt 0.644546 0.675814
vt 0.769029 0.696395
vt 0.172683 0.360454
vt 0.172683 0.509600
vt 0.578059 0.668974
vt 0.632563 0.641692
vt 0.643906 0.374750
vt 0.643906 0.495033
vt 0.370455 0.503083
vt 0.370455 0.362435
vt 0.410595 0.395375
vt 0.410595 0.470143
vt 0.195272 0.756582
vt 0.131393 0.788260
vt 0.094575 0.716558
vt 0.196695 0.685588
vt 0.131554 0.788291
vt 0.195844 0.756572
vt 0.197419 0.685196
vt 0.094724 0.716232
vt 0.153081 0.868725
vt 0.190484 0.865495
vt 0.194024 0.810633
vt 0.144050 0.824752
vt 0.190161 0.864929
vt 0.153019 0.868267
vt 0.143915 0.824498
vt 0.193572 0.810356
vt 0.290175 0.503083
vt 0.290175 0.362435
vt 0.330315 0.350165
vt 0.330315 0.515353
vt 0.250035 0.470143
vt 0.250035 0.395375
vt 0.199995 0.672873
vt 0.188598 0.571449
vt 0.071843 0.548312
vt 0.020476 0.665102
vt 0.637709 0.360455
vt 0.637709 0.509601
vt 0.188447 0.570972
vt 0.199232 0.673326
vt 0.546505 0.370618
vt 0.546505 0.465320
vt 0.033901 0.700772
vt 0.229289 0.650627
vt 0.230262 0.650113
vt 0.020666 0.665961
vt 0.071340 0.548242
vt 0.641317 0.370618
vt 0.641317 0.465320
vt 0.419670 0.470143
vt 0.419670 0.395375
vt 0.446722 0.395375
vt 0.446722 0.470143
vt 0.842583 0.674126
vt 0.727120 0.557181
vt 0.769755 0.493538
vt 0.942732 0.567029
vt 0.034090 0.701411
vt 0.009009 0.951102
vt 0.009009 0.837019
vt 0.052987 0.837019
vt 0.052987 0.951102
vt 0.147723 0.926657
vt 0.075848 0.763073
vt 0.093066 0.796051
vt 0.148011 0.925986
vt 0.112921 0.859830
vt 0.094979 0.826951
vt 0.112836 0.860211
vt 0.095011 0.826754
vt 0.093087 0.796045
vt 0.075869 0.763331
vt 0.094919 0.760358
vt 0.094940 0.760616
vt 0.132183 0.847598
vt 0.132183 0.940523
vt 0.095882 0.971721
vt 0.066802 0.797737
vt 0.099687 0.804785
vt 0.124688 0.954362
vt 0.017605 0.924331
vt 0.008191 0.868006
vt 0.037605 0.815161
vt 0.062606 0.964738
vt 0.483781 0.422826
vt 0.483122 0.387692
vt 0.634134 0.381888
vt 0.634631 0.412259
vt 0.003267 0.465320
vt 0.003267 0.370617
vt 0.134646 0.834171
vt 0.148190 0.915205
vt 0.128228 0.908505
vt 0.133604 0.959239
vt 0.448159 0.464328
vt 0.440871 0.495204
vt 0.016998 0.490514
vt 0.024286 0.459637
vt 0.116436 0.797254
vt 0.121814 0.847988
vt 0.049448 0.379986
vt 0.635401 0.379122
vt 0.641647 0.408184
vt 0.052161 0.408848
vt 0.049568 0.488066
vt 0.006446 0.459499
vt 0.052284 0.459152
vt 0.006494 0.408468
vt 0.635484 0.488066
vt 0.641686 0.458997
vt 0.903674 0.110369
vt 0.971279 0.106113
vt 0.976076 0.182313
vt 0.908471 0.186570
vt 0.738341 0.583123
vt 0.777432 0.537211
vt 0.835632 0.586765
vt 0.796540 0.632677
vt 0.727119 0.557177
vt 0.842583 0.674122
vt 0.942732 0.567025
vt 0.769754 0.493535
vt 0.794374 0.635706
vt 0.732127 0.581731
vt 0.770766 0.537170
vt 0.833013 0.591146
vt 0.978442 0.487257
vt 0.778500 0.369584
vt 0.991938 0.370312
vt 0.912458 0.137885
vt 0.978869 0.137885
vt 0.978869 0.209532
vt 0.912458 0.209532
vt 0.978442 0.487253
vt 0.991937 0.370309
vt 0.778500 0.369581
vt 0.912458 0.083325
vt 0.978870 0.083325
vt 0.737158 0.275461
vt 0.973539 0.026933
vt 0.873536 0.046480
vt 0.711303 0.132134
vt 0.671324 0.186222
vt 0.897676 0.287696
vt 0.959659 0.303197
vt 0.949501 0.343815
vt 0.887518 0.328314
vt 0.737159 0.275465
vt 0.980312 0.249597
vt 0.912707 0.253854
vt 0.923078 0.449472
vt 0.861094 0.433971
vt 0.984136 0.310329
vt 0.916531 0.314586
vt 0.671324 0.186226
vt 0.711303 0.132138
vt 0.873537 0.046483
vt 0.973539 0.026937
vt 0.978869 0.421720
vt 0.912458 0.421720
vt 0.959038 0.017108
vt 0.672319 0.165632
vt 0.959037 0.017105
vt 0.672319 0.165629
vt 0.907533 0.511629
vt 0.845550 0.496127
vt 0.848073 0.486038
vt 0.910056 0.501539
vt 0.984951 0.323280
vt 0.917346 0.327537
s 1
usemtl Material
f 476/533/403 445/534/404 478/535/405
f 417/536/406 492/537/407 487/538/408 411/539/409
f 416/540/410 409/541/411 424/542/412 428/543/413
f 411/544/414 487/545/414 488/546/414 408/547/414
f 413/548/415 490/549/415 493/550/416 475/551/416
f 414/552/417 410/553/418 425/554/419 427/555/420
f 414/552/417 415/556/403 417/557/403
f 407/558/421 408/559/422 418/560/422 416/540/410
f 416/540/410 418/560/422 413/561/422
f 412/562/423 420/563/403 415/556/403 414/552/417
f 410/564/424 411/544/414 408/547/414 407/565/424
f 414/552/417 417/557/403 411/566/403 410/553/418
f 409/567/425 419/568/426 420/569/426 412/570/425
f 416/540/410 413/561/422 419/571/422 409/541/411
f 446/572/427 475/573/422 477/574/428
f 422/575/429 421/576/430 497/577/431 498/578/432
f 423/579/433 428/543/434 434/580/435 432/581/436
f 427/555/437 431/582/438 433/583/439
f 428/543/434 424/542/440 429/584/441
f 410/564/424 407/565/424 423/585/442 425/586/443
f 409/567/425 412/570/425 426/587/444 424/588/444
f 407/558/421 416/540/410 428/543/413 423/579/445
f 412/562/423 414/552/417 427/555/420 426/589/446
f 425/586/443 423/585/442 432/590/447 430/591/448
f 424/588/449 426/587/449 433/592/449 429/593/449
f 427/555/437 425/554/450 430/594/451 431/582/438
f 430/591/448 432/590/447 435/595/452 437/596/453
f 440/597/454 439/598/454 443/599/454 444/600/454
f 438/601/455 440/602/456 444/603/403 442/604/403
f 429/605/457 433/606/457 438/607/457 436/608/457
f 431/582/438 430/594/451 437/609/458 440/602/456
f 434/580/435 429/584/441 436/610/459
f 431/582/438 440/602/456 438/601/455
f 432/581/436 434/580/435 439/611/460 435/612/461
f 436/608/462 438/607/462 442/613/463 441/614/463
f 439/611/460 436/610/459 441/615/422 443/616/422
f 419/571/422 413/561/422 475/573/422 446/572/427
f 420/569/464 419/568/464 446/617/464 445/618/464
f 415/556/403 420/563/403 445/534/404 476/533/403
f 462/619/465 460/620/465 450/621/466 449/622/466
f 460/623/467 485/624/468 479/625/469 450/626/470
f 481/627/471 462/628/472 449/629/473 480/630/474
f 483/631/475 456/632/476 454/633/477 484/634/478
f 458/635/479 482/636/480 486/637/481 453/638/482
f 456/639/465 458/640/465 453/641/465 454/642/465
f 445/643/465 446/644/465 458/640/465 456/639/465
f 446/572/427 477/574/428 482/636/480 458/635/479
f 478/535/405 445/534/404 456/632/476 483/631/475
f 484/634/478 454/633/477 462/628/472 481/627/471
f 453/638/482 486/637/481 485/624/468 460/623/467
f 454/642/465 453/641/465 460/620/465 462/619/465
f 469/645/403 464/646/403 480/630/474 449/629/473
f 480/630/474 464/646/403 471/647/403 468/648/403
f 441/614/463 442/613/463 470/649/483 465/650/483
f 463/651/422 466/652/422 450/626/470 479/625/469
f 444/600/484 443/599/484 463/653/485 464/654/485
f 480/630/474 468/648/403 473/655/486
f 443/616/422 441/615/422 465/656/422 463/651/422
f 442/604/403 444/603/403 464/646/403 470/657/403
f 463/651/422 479/625/469 472/658/422 467/659/422
f 464/654/485 463/653/485 467/660/487 471/661/487
f 465/656/422 466/652/422 463/651/422
f 469/645/403 470/657/403 464/646/403
f 469/662/488 466/663/488 465/664/483 470/665/483
f 466/663/488 469/662/488 449/622/466 450/621/466
f 468/666/403 471/667/403 499/668/403 500/669/403
f 472/658/422 479/625/469 474/670/489
f 468/671/490 472/672/490 474/673/491 473/674/491
f 422/675/429 476/533/492 478/535/493
f 448/676/494 459/677/495 481/627/471 480/630/474
f 421/678/430 455/679/496 482/636/480 477/574/497
f 451/680/498 457/681/499 483/631/475 484/634/478
f 452/682/500 461/683/501 485/624/468 486/637/481
f 455/679/496 452/682/500 486/637/481 482/636/480
f 457/681/499 422/675/429 478/535/493 483/631/475
f 459/677/495 451/680/498 484/634/478 481/627/471
f 461/683/501 447/684/502 479/625/469 485/624/468
f 480/630/474 473/655/486 448/685/503
f 477/574/497 475/573/504 421/678/430
f 474/670/489 479/625/469 447/686/505
f 447/687/506 448/688/506 473/674/491 474/673/491
f 452/689/500 451/690/498 459/691/495 461/692/501
f 421/693/430 422/694/429 457/695/499 455/696/496
f 455/696/496 457/695/499 451/690/498 452/689/500
f 491/697/507 418/698/508 408/699/509 488/700/510
f 439/598/511 440/597/511 437/701/453 435/702/452
f 461/692/501 459/691/495 448/703/494 447/704/502
f 422/575/429 498/578/432 494/705/512 476/706/492
f 490/549/415 413/548/415 418/698/508 491/697/507
f 489/707/513 415/708/513 476/709/416 494/710/416
f 415/708/513 489/707/513 492/537/407 417/536/406
f 421/576/430 475/711/504 493/712/514 497/577/431
f 489/713/422 494/714/422 498/715/422 495/716/422
f 490/717/403 491/718/403 496/719/403
f 492/720/422 489/713/422 495/716/422
f 493/721/403 490/717/403 496/719/403 497/722/403
f 491/697/507 488/700/510 487/538/408 492/537/407
f 496/719/515 491/718/507 492/720/407 495/716/515
f 497/722/516 496/719/515 495/716/515 498/715/516
f 499/723/517 502/724/517 506/725/518 503/726/518
f 472/727/490 468/728/490 500/729/519 501/730/519
f 467/731/422 472/732/422 501/733/422 502/734/422
f 471/735/487 467/736/487 502/737/517 499/738/517
f 507/739/403 499/668/403 503/740/403 504/741/403
f 508/742/520 507/743/520 504/744/521 505/745/521
f 502/734/422 508/746/422 505/747/422 506/748/422
f 502/734/422 501/733/422 508/746/422
f 501/749/519 500/750/519 507/743/520 508/742/520
f 500/669/403 499/668/403 507/739/403
f 509/751/422 505/747/422 518/752/422 520/753/422 512/754/422 522/755/422
f 517/756/522 521/757/522 512/758/523 511/759/523
f 504/741/403 503/740/403 510/760/403
f 503/726/518 506/725/518 509/761/524 510/762/524
f 506/748/422 505/747/422 509/751/422
f 511/759/523 512/758/523 520/763/525 515/764/525
f 510/762/524 509/761/524 522/765/526 516/766/526
f 504/741/403 510/760/403 516/767/403 511/768/403 515/769/403 514/770/403
f 505/745/521 504/744/521 514/771/527 518/772/527
f 426/589/528 427/555/437 433/583/439
f 434/580/435 428/543/434 429/584/441
f 433/583/439 431/582/438 438/601/455
f 439/611/460 434/580/435 436/610/459
f 513/773/403 514/770/403 515/769/403
f 516/767/403 517/774/403 511/768/403
f 518/752/422 519/775/422 520/753/422
f 521/776/422 522/755/422 512/754/422
f 518/777/529 514/778/529 513/779/529 519/780/529
f 516/766/526 522/765/526 521/781/522 517/782/522
f 519/780/530 513/779/530 515/764/525 520/763/525
o Cube.001
v -1.564245 2.887234 2.776315
v -1.564245 2.674081 2.305561
v -1.564245 3.345572 2.061525
v -1.295304 2.887234 2.776315
v -1.295304 2.674081 2.305561
v -1.295304 3.345572 2.061525
v -1.564245 3.818675 2.084189
v -1.295304 3.818675 2.084189
v -1.564245 4.298000 2.273702
v -1.295304 4.298000 2.273702
v -1.564245 4.503780 3.292970
v -1.564245 4.853782 2.946631
v -1.295304 4.503780 3.292970
v -1.295304 4.853782 2.946631
v -1.564245 4.524847 2.063043
v -1.295304 4.524847 2.063043
v -1.564245 4.808875 2.455334
v -1.295304 4.808875 2.455334
v -1.564245 4.799168 1.942250
v -1.295304 4.799168 1.942250
v -1.564245 4.966467 2.172622
v -1.295304 4.966467 2.172622
v -1.564245 5.180671 1.873952
v -1.295304 5.180671 1.873952
v -1.564245 5.278577 1.964618
v -1.295304 5.278577 1.964618
v -1.564245 5.386756 1.658795
v -1.295304 5.386756 1.658795
v -1.564245 5.472713 1.706262
v -1.295304 5.472713 1.706262
vn -1.0000 -0.0000 -0.0000
vn -0.0000 -0.3416 -0.9399
vn 1.0000 -0.0000 -0.0000
vn -0.0000 0.0479 -0.9989
vn -0.0000 0.3677 -0.9300
vn -0.0000 0.7034 0.7108
vn -0.0000 0.9958 -0.0910
vn -0.0000 -0.6805 -0.7328
vn -0.0000 -0.4030 -0.9152
vn -0.0000 0.8735 0.4869
vn -0.0000 -0.1762 -0.9844
vn -0.0000 0.5546 0.8321
vn -0.0000 0.4834 -0.8754
vn -0.0000 0.7995 0.6007
vn -0.0000 -0.7222 -0.6917
vt 0.207892 0.005689
vt 0.234969 0.114225
vt 0.161444 0.055461
vt 0.634735 0.158261
vt 0.487249 0.158261
vt 0.487249 0.096252
vt 0.634735 0.096252
vt 0.476649 0.077290
vt 0.398379 0.129709
vt 0.434514 0.023745
vt 0.337096 0.141728
vt 0.294975 0.131338
vt 0.389474 0.158261
vt 0.389474 0.096252
vt 0.283073 0.158261
vt 0.283073 0.096252
vt 0.269755 0.132583
vt 0.211266 0.008583
vt 0.431439 0.009343
vt 0.362790 0.127889
vt 0.177380 0.063960
vt 0.439375 0.101122
vt 0.439375 0.028174
vt 0.558953 0.028173
vt 0.558953 0.101122
vt 0.460525 0.067325
vt 0.434211 0.126753
vt 0.382224 0.163745
vt 0.198623 0.125441
vt 0.247357 0.166706
vt 0.216047 0.190822
vt 0.187364 0.166605
vt 0.319566 0.101122
vt 0.319566 0.028173
vt 0.219168 0.158261
vt 0.219168 0.096252
vt 0.169360 0.211597
vt 0.153967 0.203078
vt 0.157293 0.158261
vt 0.157293 0.096252
vt 0.441964 0.168683
vt 0.411372 0.190384
vt 0.240963 0.101122
vt 0.240963 0.028174
vt 0.456110 0.214990
vt 0.472152 0.207801
vt 0.485493 0.248230
vt 0.472763 0.250532
vt 0.077287 0.158261
vt 0.077287 0.096252
vt 0.149877 0.101122
vt 0.149877 0.028174
vt 0.222896 0.158267
vt 0.222896 0.104596
vt 0.240440 0.104596
vt 0.240440 0.158267
vt 0.071396 0.101122
vt 0.071396 0.028174
vt 0.149762 0.245641
vt 0.137261 0.242276
vt 0.015784 0.158261
vt 0.015784 0.096252
s 1
usemtl Material
f 523/783/531 525/784/531 524/785/531
f 524/786/532 525/787/532 528/788/532 527/789/532
f 527/790/533 528/791/533 526/792/533
f 526/792/533 528/791/533 530/793/533
f 525/784/531 523/783/531 529/794/531
f 528/788/534 525/787/534 529/795/534 530/796/534
f 530/796/535 529/795/535 531/797/535 532/798/535
f 526/792/533 530/793/533 532/799/533 535/800/533
f 529/794/531 523/783/531 533/801/531 531/802/531
f 535/800/533 532/799/533 536/803/533
f 536/804/536 534/805/536 533/806/536 535/807/536
f 531/802/531 533/801/531 534/808/531
f 531/802/531 534/808/531 539/809/531 537/810/531
f 540/811/533 538/812/533 542/813/533 544/814/533
f 534/805/537 536/804/537 540/815/537 539/816/537
f 532/798/538 531/797/538 537/817/538 538/818/538
f 536/803/533 532/799/533 538/812/533 540/811/533
f 544/814/533 542/813/533 546/819/533 548/820/533
f 538/818/539 537/817/539 541/821/539 542/822/539
f 537/810/531 539/809/531 543/823/531 541/824/531
f 539/816/540 540/815/540 544/825/540 543/826/540
f 545/827/531 547/828/531 551/829/531 549/830/531
f 542/822/541 541/821/541 545/831/541 546/832/541
f 541/824/531 543/823/531 547/828/531 545/827/531
f 543/826/542 544/825/542 548/833/542 547/834/542
f 550/835/543 549/836/543 551/837/543 552/838/543
f 547/834/544 548/833/544 552/839/544 551/840/544
f 548/820/533 546/819/533 550/841/533 552/842/533
f 546/832/545 545/831/545 549/843/545 550/844/545
o Cube.002
v -1.684641 1.017445 2.964122
v -1.838738 1.264663 3.247565
v -1.684641 0.917241 2.525586
v -1.838738 0.998827 2.323175
v -1.174908 1.017445 2.964122
v -1.020811 1.264663 3.247565
v -1.174908 0.917241 2.525586
v -1.020811 0.998827 2.323175
v -1.611188 0.518456 2.883323
v -1.611188 0.491017 2.776055
v -1.248361 0.518456 2.883323
v -1.248361 0.491017 2.776055
v -1.611188 0.086270 3.114461
v -1.611188 0.015142 3.029606
v -1.248361 0.086270 3.114461
v -1.248361 0.015142 3.029606
v -1.611188 -0.100522 3.545876
v -1.611188 -0.203418 3.504987
v -1.248361 -0.100522 3.545876
v -1.248361 -0.203418 3.504987
v -1.611188 -0.019362 4.261020
v -1.611188 -0.129958 4.266324
v -1.248361 -0.019362 4.261020
v -1.248361 -0.129958 4.266324
v -1.611188 0.147907 4.714178
v -1.611188 0.048849 4.763646
v -1.248361 0.147907 4.714178
v -1.248361 0.048849 4.763646
v -1.611188 0.457406 4.988608
v -1.611188 0.390074 5.076505
v -1.248361 0.457406 4.988608
v -1.248361 0.390074 5.076505
v -1.611188 1.090595 5.018993
v -1.611188 1.094705 5.166081
v -1.248361 1.090595 5.018993
v -1.248361 1.094705 5.166081
v -1.248361 0.756825 5.053667
v -1.248361 0.725213 5.171159
v -1.611188 0.725213 5.171159
v -1.611188 0.756825 5.053667
v -1.684641 1.381315 4.762722
v -1.684641 1.508560 5.400222
v -1.174908 1.381315 4.762722
v -1.174908 1.508560 5.400222
v -1.837561 1.474599 4.487794
v -1.837561 1.706593 5.781240
v -1.021988 1.474599 4.487794
v -1.021988 1.706593 5.781240
vn -0.6933 -0.6959 0.1869
vn -0.0000 -0.9275 -0.3738
vn 0.6933 -0.6959 0.1869
vn -0.0000 -0.7536 0.6573
vn -0.9880 -0.1504 0.0352
vn 1.0000 -0.0000 -0.0000
vn 0.9880 -0.1504 0.0352
vn -0.0000 -0.1598 0.9871
vn -0.0000 -0.5066 -0.8622
vn -0.0000 0.9177 0.3973
vn -1.0000 -0.0000 -0.0000
vn -0.0000 0.4716 0.8818
vn -0.0000 -0.4702 -0.8825
vn -0.0000 -0.9086 -0.4177
vn -0.0000 0.9936 -0.1128
vn -0.0000 -0.9954 0.0960
vn -0.0000 0.6634 -0.7482
vn -0.0000 0.9381 -0.3463
vn -0.0000 -0.9410 0.3383
vn -0.0000 -0.6758 0.7371
vn -0.0000 -0.6613 -0.7502
vn -0.0000 -0.1033 -0.9946
vn -0.0000 0.0137 0.9999
vn -0.0000 -0.2718 0.9624
vn -0.0000 0.2123 -0.9772
vn -0.0000 -0.9470 -0.3213
vn -0.0000 -0.4924 0.8704
vn 0.9786 -0.2030 0.0340
vn -0.9786 -0.2030 0.0340
vn -0.0000 -0.8873 0.4612
vn 0.6577 -0.7406 0.1378
vn -0.6577 -0.7406 0.1378
vt 0.310593 0.334635
vt 0.325972 0.346124
vt 0.281364 0.344390
vt 0.289715 0.334558
vt 0.517645 0.286003
vt 0.534989 0.272325
vt 0.534989 0.344930
vt 0.517645 0.331251
vt 0.424940 0.332212
vt 0.434010 0.342036
vt 0.387889 0.345745
vt 0.403323 0.333187
vt 0.507978 0.283615
vt 0.540264 0.268840
vt 0.540264 0.347262
vt 0.507978 0.332488
vt 0.296723 0.312381
vt 0.301859 0.312530
vt 0.416732 0.309546
vt 0.411419 0.309921
vt 0.404201 0.287477
vt 0.408829 0.284841
vt 0.464586 0.325445
vt 0.464586 0.290657
vt 0.478355 0.324731
vt 0.478355 0.292524
vt 0.422513 0.290657
vt 0.422513 0.325445
vt 0.382157 0.325445
vt 0.382157 0.290657
vt 0.303355 0.288250
vt 0.307922 0.290606
vt 0.435502 0.324731
vt 0.435502 0.292524
vt 0.388212 0.270404
vt 0.385391 0.274922
vt 0.350846 0.272605
vt 0.351548 0.267326
vt 0.393919 0.324731
vt 0.393919 0.292524
vt 0.322653 0.273510
vt 0.325552 0.277752
vt 0.327959 0.276620
vt 0.326471 0.271506
vt 0.357874 0.269079
vt 0.358761 0.274140
vt 0.320373 0.325445
vt 0.320373 0.290657
vt 0.333131 0.324731
vt 0.333131 0.292524
vt 0.278907 0.290657
vt 0.278907 0.325445
vt 0.243399 0.325445
vt 0.243399 0.290657
vt 0.382214 0.272108
vt 0.380984 0.277097
vt 0.291129 0.324731
vt 0.291129 0.292524
vt 0.301361 0.300008
vt 0.306649 0.302516
vt 0.305417 0.318611
vt 0.298420 0.317539
vt 0.254337 0.324731
vt 0.254337 0.292524
vt 0.312306 0.288905
vt 0.308726 0.284962
vt 0.399857 0.284370
vt 0.396563 0.288315
vt 0.188290 0.290657
vt 0.188290 0.325445
vt 0.155022 0.332487
vt 0.155022 0.283614
vt 0.402560 0.301209
vt 0.407558 0.298581
vt 0.411093 0.315363
vt 0.404391 0.316675
vt 0.217096 0.290657
vt 0.217096 0.325445
vt 0.226660 0.292524
vt 0.226660 0.324731
vt 0.197292 0.324731
vt 0.197292 0.292524
vt 0.130100 0.347149
vt 0.130100 0.268953
vt 0.159502 0.331251
vt 0.159502 0.286004
vt 0.314961 0.335104
vt 0.283692 0.335479
vt 0.426006 0.332069
vt 0.395848 0.332955
vt 0.125375 0.344826
vt 0.125375 0.272430
vt 0.327181 0.345745
vt 0.263968 0.345733
vt 0.445429 0.341167
vt 0.384493 0.343701
s 1
usemtl Material
f 553/845/546 554/846/546 556/847/546 555/848/546
f 555/849/547 556/850/547 560/851/547 559/852/547
f 559/853/548 560/854/548 558/855/548 557/856/548
f 557/857/549 558/858/549 554/859/549 553/860/549
f 553/845/550 555/848/550 562/861/550 561/862/550
f 564/863/551 563/864/551 567/865/551 568/866/551
f 559/853/552 557/856/552 563/864/552 564/863/552
f 557/857/553 553/860/553 561/867/553 563/868/553
f 555/849/554 559/852/554 564/869/554 562/870/554
f 567/871/555 565/872/555 569/873/555 571/874/555
f 561/862/556 562/861/556 566/875/556 565/876/556
f 563/868/557 561/867/557 565/872/557 567/871/557
f 562/870/558 564/869/558 568/877/558 566/878/558
f 572/879/551 571/880/551 575/881/551 576/882/551
f 566/878/559 568/877/559 572/883/559 570/884/559
f 568/866/551 567/865/551 571/880/551 572/879/551
f 565/876/556 566/875/556 570/885/556 569/886/556
f 576/882/551 575/881/551 579/887/551 580/888/551
f 569/886/556 570/885/556 574/889/556 573/890/556
f 571/874/560 569/873/560 573/891/560 575/892/560
f 570/884/561 572/883/561 576/893/561 574/894/561
f 579/895/562 577/896/562 581/897/562 583/898/562
f 573/890/556 574/889/556 578/899/556 577/900/556
f 575/892/563 573/891/563 577/896/563 579/895/563
f 574/894/564 576/893/564 580/901/564 578/902/564
f 590/903/551 589/904/551 587/905/551 588/906/551
f 578/902/565 580/901/565 584/907/565 582/908/565
f 580/888/551 579/887/551 583/909/551 584/910/551
f 577/900/556 578/899/556 582/911/556 581/912/556
f 587/913/566 585/914/566 593/915/566 595/916/566
f 592/917/556 591/918/556 586/919/556 585/920/556
f 589/921/567 592/922/567 585/914/567 587/913/567
f 591/923/568 590/924/568 588/925/568 586/926/568
f 582/908/569 584/907/569 590/924/569 591/923/569
f 583/898/570 581/897/570 592/922/570 589/921/570
f 581/912/556 582/911/556 591/918/556 592/917/556
f 584/910/551 583/909/551 589/904/551 590/903/551
f 595/916/571 593/915/571 597/927/571 599/928/571
f 586/926/572 588/925/572 596/929/572 594/930/572
f 588/906/573 587/905/573 595/931/573 596/932/573
f 585/920/574 586/919/574 594/933/574 593/934/574
f 594/930/575 596/929/575 600/935/575 598/936/575
f 596/932/576 595/931/576 599/937/576 600/938/576
f 593/934/577 594/933/577 598/939/577 597/940/577
o Cube.003
v -1.286579 3.100580 13.814713
v -1.572970 3.100580 13.814713
v -1.572970 2.336166 9.184118
v -1.572970 3.133360 9.153788
v -1.286579 3.017907 13.823967
v -1.572970 3.017907 13.823967
v -1.286579 2.336166 9.184118
v -1.286579 3.133360 9.153788
v -1.572970 2.679847 10.914362
v -1.572970 3.122589 10.910501
v -1.286579 2.679847 10.914362
v -1.286579 3.122589 10.910501
v -1.572970 2.341114 8.754084
v -1.286579 2.341114 8.754084
v -1.572970 2.874515 13.473419
v -1.572970 3.100163 13.438952
v -1.286579 2.874515 13.473419
v -1.286579 3.100163 13.438952
vn -1.0000 -0.0000 -0.0000
vn -0.0000 -0.9256 0.3786
vn 1.0000 -0.0000 -0.0000
vn -0.0000 -0.9971 0.0759
vn -0.0000 1.0000 0.0075
vn -0.0000 1.0000 0.0039
vn -0.0000 1.0000 0.0061
vn -0.0000 -0.9808 0.1948
vn -0.0000 1.0000 -0.0011
vn -0.0000 -0.9999 -0.0115
vn -0.0000 0.1113 0.9938
vt 0.146721 0.157170
vt 0.150019 0.184595
vt 0.042965 0.203388
vt 0.039833 0.156355
vt 0.303256 0.155671
vt 0.303510 0.137190
vt 0.326247 0.135675
vt 0.326607 0.156674
vt 0.146607 0.136591
vt 0.149819 0.109128
vt 0.304383 0.123446
vt 0.327236 0.130475
vt 0.522364 0.132307
vt 0.522725 0.153306
vt 0.356735 0.156156
vt 0.356375 0.135158
vt 0.637687 0.130327
vt 0.638048 0.151325
vt 0.040013 0.137867
vt 0.042709 0.090540
vt 0.304377 0.169559
vt 0.332068 0.156580
vt 0.331708 0.135581
vt 0.014211 0.157429
vt 0.013977 0.137162
vt 0.327703 0.161991
s 1
usemtl Material
f 609/941/578 610/942/578 604/943/578 603/944/578
f 615/945/579 617/946/579 605/947/579 606/948/579
f 611/949/580 612/950/580 618/951/580 617/946/580
f 617/946/580 618/951/580 601/952/580 605/947/580
f 609/941/581 611/949/581 617/946/581 615/945/581
f 612/953/582 610/954/582 616/955/583 618/956/583
f 608/957/584 604/958/584 610/954/582 612/953/582
f 603/944/585 607/959/585 611/949/585 609/941/585
f 607/959/580 608/960/580 612/950/580 611/949/580
f 615/945/578 616/961/578 610/942/578 609/941/578
f 618/956/583 616/955/583 602/962/586 601/963/586
f 603/944/578 604/943/578 613/964/578
f 608/960/580 607/959/580 614/965/580
f 607/959/587 603/944/587 613/964/587 614/965/587
f 616/961/578 615/945/578 606/948/578 602/966/578
f 605/947/588 601/963/588 602/962/588 606/948/588
o Cube.004
v -1.573423 3.637177 16.049137
v -1.573423 3.098155 15.539368
v -1.573423 3.637177 15.539368
v -1.286126 3.637177 16.049137
v -1.286126 3.098155 15.539368
v -1.286126 3.637177 15.539368
v -1.573423 3.098155 15.919721
v -1.573423 3.227569 16.049137
v -1.286126 3.227569 16.049137
v -1.286126 3.098155 15.919721
vn -0.0000 -0.0000 1.0000
vn -0.0000 -0.0000 -1.0000
vn 1.0000 -0.0000 -0.0000
vn -1.0000 -0.0000 -0.0000
vn -0.0000 -0.7071 0.7071
vn -0.0000 -1.0000 -0.0000
vt 0.228983 0.163582
vt 0.150610 0.163582
vt 0.150610 0.102185
vt 0.228983 0.102185
vt 0.336775 0.102185
vt 0.439909 0.102185
vt 0.439909 0.163582
vt 0.336775 0.163582
vt 0.439909 0.261118
vt 0.361537 0.261118
vt 0.336775 0.236357
vt 0.336775 0.029410
vt 0.361537 0.004648
vt 0.439909 0.004648
vt 0.264001 0.102185
vt 0.264001 0.163582
s 1
usemtl Material
f 627/967/589 622/968/589 619/969/589 626/970/589
f 620/971/590 621/972/590 624/973/590 623/974/590
f 623/974/591 624/973/591 622/975/591 627/976/591 628/977/591
f 625/978/592 626/979/592 619/980/592 621/972/592 620/971/592
f 625/981/593 628/982/593 627/967/593 626/970/593
f 620/971/594 623/974/594 628/982/594 625/981/594
o Cube.005
v -1.535370 1.296864 3.228872
v -1.535370 1.399332 3.030077
v -1.535370 1.870032 3.222103
v -1.324179 1.296864 3.228872
v -1.324179 1.749728 3.475087
v -1.324179 1.399332 3.030077
v -1.535370 0.908010 3.015910
v -1.535370 0.933919 3.193143
v -1.324179 0.908010 3.015910
v -1.324179 0.933919 3.193143
v -1.535370 0.366821 3.402418
v -1.535370 0.447970 3.435103
v -1.324179 0.366821 3.402418
v -1.324179 0.447970 3.435103
v -1.324179 0.683118 3.261181
v -1.324179 0.613565 3.136656
v -1.535370 0.613565 3.136656
v -1.535370 0.683118 3.261181
v -1.535370 1.749728 3.475087
v -1.324179 1.870032 3.222103
vn -1.0000 -0.0000 -0.0000
vn -0.0000 0.3777 -0.9259
vn 1.0000 -0.0000 -0.0000
vn -0.0000 -0.4777 0.8785
vn -0.0000 -0.0980 0.9952
vn -0.0000 0.0288 -0.9996
vn -0.0000 -0.3736 0.9276
vn -0.0000 0.5946 0.8040
vn -0.0000 -0.7328 -0.6804
vn -0.0000 -0.3794 -0.9252
vn -0.0000 0.2618 0.9651
vt 0.167953 0.041937
vt 0.093924 0.050494
vt 0.091456 0.010070
vt 0.164950 0.009743
vt 0.452796 0.115445
vt 0.526291 0.115445
vt 0.526291 0.149547
vt 0.452796 0.149547
vt 0.164950 0.255248
vt 0.091456 0.254922
vt 0.093924 0.214498
vt 0.167953 0.223055
vt 0.138075 0.149547
vt 0.063553 0.149547
vt 0.063553 0.115445
vt 0.138075 0.115445
vt 0.218555 0.208242
vt 0.231602 0.230610
vt 0.264566 0.198514
vt 0.248513 0.185571
vt 0.270652 0.149547
vt 0.283300 0.149547
vt 0.190799 0.115445
vt 0.190799 0.149547
vt 0.381736 0.149547
vt 0.381736 0.115445
vt 0.231602 0.034382
vt 0.218555 0.056750
vt 0.283300 0.115445
vt 0.270652 0.115445
vt 0.248513 0.079420
vt 0.264566 0.066478
vt 0.228368 0.149547
vt 0.228368 0.115445
vt 0.335728 0.115445
vt 0.335728 0.149547
s 1
usemtl Material
f 629/983/595 647/984/595 631/985/595 630/986/595
f 630/987/596 631/988/596 648/989/596 634/990/596
f 634/991/597 648/992/597 633/993/597 632/994/597
f 632/995/598 633/996/598 647/997/598 629/998/598
f 634/991/597 632/994/597 638/999/597 637/1000/597
f 644/1001/597 643/1002/597 642/1003/597 641/1004/597
f 632/995/599 629/998/599 636/1005/599 638/1006/599
f 630/987/600 634/990/600 637/1007/600 635/1008/600
f 629/983/595 630/986/595 635/1009/595 636/1010/595
f 639/1011/601 641/1004/601 642/1003/601 640/1012/601
f 646/1013/595 645/1014/595 639/1011/595 640/1012/595
f 643/1015/602 646/1016/602 640/1012/602 642/1003/602
f 645/1017/603 644/1018/603 641/1004/603 639/1011/603
f 635/1008/604 637/1007/604 644/1018/604 645/1017/604
f 638/1006/605 636/1005/605 646/1016/605 643/1015/605
f 636/1010/595 635/1009/595 645/1014/595 646/1013/595
f 637/1000/597 638/999/597 643/1002/597 644/1001/597
o Cylinder
v -1.429775 4.601524 9.039354
v -1.429775 4.544665 18.145374
v -1.011383 4.331722 9.039354
v -1.035767 4.290587 18.145374
v -1.011383 3.792117 9.039355
v -1.035767 3.782431 18.145374
v -1.429775 3.522315 9.039355
v -1.429775 3.528353 18.145374
v -1.848166 3.792117 9.039355
v -1.823782 3.782431 18.145374
v -1.848166 4.331722 9.039354
v -1.823782 4.290587 18.145374
vn 0.5419 0.8404 0.0052
vn 1.0000 -0.0000 0.0027
vn 0.5419 -0.8404 0.0006
vn -0.5419 -0.8404 0.0006
vn -0.0000 -0.0000 1.0000
vn -1.0000 -0.0000 0.0027
vn -0.5419 0.8404 0.0052
vt 0.001498 0.115592
vt 0.641977 0.115593
vt 0.642088 0.151333
vt 0.001617 0.153545
vt 0.642373 0.187073
vt 0.001919 0.191497
vt 0.642732 0.222812
vt 0.002300 0.229447
vt 0.002300 0.001738
vt 0.642732 0.008373
vt 0.642373 0.044112
vt 0.001919 0.039688
vt 0.407352 0.877290
vt 0.384576 0.916737
vt 0.339026 0.916737
vt 0.316251 0.877290
vt 0.339026 0.837842
vt 0.384576 0.837842
vt 0.642088 0.079852
vt 0.001617 0.077640
s 1
usemtl Material
f 649/1019/606 650/1020/606 652/1021/606 651/1022/606
f 651/1022/607 652/1021/607 654/1023/607 653/1024/607
f 653/1024/608 654/1023/608 656/1025/608 655/1026/608
f 655/1027/609 656/1028/609 658/1029/609 657/1030/609
f 652/1031/610 650/1032/610 660/1033/610 658/1034/610 656/1035/610 654/1036/610
f 657/1030/611 658/1029/611 660/1037/611 659/1038/611
f 659/1038/612 660/1037/612 650/1020/612 649/1019/612
o Cylinder.001
v -2.341252 2.685183 3.090989
v -2.510092 3.808923 3.068202
v -1.614297 4.535137 3.063989
v -0.549663 4.137610 3.082563
v -0.380823 3.013870 3.105350
v -1.276618 2.287656 3.109563
v -1.974831 3.063184 6.066491
v -2.378997 2.728615 5.814040
v -2.099519 3.893067 6.049663
v -2.547837 3.852355 5.791253
v -1.437975 4.429376 6.046552
v -1.652042 4.578569 5.787040
v -0.651742 4.135802 6.060269
v -0.587407 4.181043 5.805614
v -0.527054 3.305920 6.077097
v -0.418568 3.057302 5.828402
v -1.188599 2.769611 6.080208
v -1.314362 2.331089 5.832614
v -1.981157 3.074495 6.671115
v -2.105845 3.904377 6.654286
v -1.444301 4.440686 6.651175
v -0.658068 4.147113 6.664893
v -0.533380 3.317230 6.681721
v -1.194924 2.780921 6.684832
v -1.448710 3.173288 2.894049
v -1.165648 3.402998 2.901336
v -1.460402 3.174833 3.299540
v -1.177341 3.404543 3.306827
v -1.673870 3.450982 2.886498
v -1.390808 3.680692 2.893785
v -1.685562 3.452526 3.291990
v -1.402500 3.682236 3.299277
vn -0.3499 -0.9367 0.0101
vn 0.3499 0.9367 -0.0101
vn 0.9888 0.1488 0.0113
vn 0.6297 -0.7766 0.0211
vn -0.9888 -0.1488 -0.0113
vn -0.6297 0.7766 -0.0211
vn 0.0105 -0.0187 -0.9998
vn -0.4947 -0.0567 0.8672
vn -0.4512 0.5606 0.6944
vn 0.3353 0.9094 0.2463
vn 0.9522 0.1485 0.2669
vn 0.4363 -0.5340 0.7242
vn -0.1810 -0.4437 0.8777
vn -0.9888 -0.1487 -0.0076
vn 0.9888 0.1487 0.0076
vn -0.3500 -0.9367 0.0139
vn 0.3500 0.9367 -0.0139
vn -0.7763 -0.6300 -0.0200
vn 0.7763 0.6300 0.0200
vt 0.166562 0.001997
vt 0.166562 0.183404
vt 0.089753 0.183572
vt 0.089754 0.002165
vt 0.396986 0.001661
vt 0.396986 0.183068
vt 0.320177 0.182900
vt 0.320177 0.001493
vt 0.243369 0.183068
vt 0.243369 0.001661
vt 0.550601 0.002165
vt 0.550601 0.183572
vt 0.473792 0.183404
vt 0.473792 0.001997
vt 0.237209 0.799476
vt 0.301173 0.688681
vt 0.429103 0.688680
vt 0.493069 0.799473
vt 0.429105 0.910267
vt 0.301175 0.910269
vt 0.533085 0.218171
vt 0.476361 0.218047
vt 0.448847 0.207579
vt 0.392125 0.207331
vt 0.379506 0.200583
vt 0.322783 0.200459
vt 0.317572 0.200459
vt 0.260849 0.200583
vt 0.248229 0.207331
vt 0.191508 0.207579
vt 0.163993 0.218047
vt 0.107270 0.218171
vt 0.532997 0.258450
vt 0.476273 0.258326
vt 0.231616 0.157991
vt 0.231616 0.198881
vt 0.186123 0.198881
vt 0.186123 0.157991
vt 0.317660 0.240739
vt 0.260937 0.240863
vt 0.164081 0.258326
vt 0.107358 0.258450
vt 0.448671 0.247858
vt 0.391949 0.247610
vt 0.248406 0.247610
vt 0.191684 0.247858
vt 0.379418 0.240863
vt 0.322695 0.240738
vt 0.186123 0.117102
vt 0.186123 0.076212
vt 0.231616 0.076212
vt 0.231616 0.117102
vt 0.186123 0.035322
vt 0.231616 0.035322
s 1
usemtl Material
f 666/1039/613 678/1040/613 668/1041/613 661/1042/613
f 663/1043/614 672/1044/614 674/1045/614 664/1046/614
f 664/1046/615 674/1045/615 676/1047/615 665/1048/615
f 665/1048/616 676/1047/616 678/1040/616 666/1039/616
f 661/1049/617 668/1050/617 670/1051/617 662/1052/617
f 662/1052/618 670/1051/618 672/1044/618 663/1043/618
f 661/1053/619 662/1054/619 663/1055/619 664/1056/619 665/1057/619 666/1058/619
f 670/1051/620 668/1050/620 667/1059/620 669/1060/620
f 672/1044/621 670/1051/621 669/1061/621 671/1062/621
f 674/1045/622 672/1044/622 671/1063/622 673/1064/622
f 676/1047/623 674/1045/623 673/1065/623 675/1066/623
f 678/1040/624 676/1047/624 675/1067/624 677/1068/624
f 668/1041/625 678/1040/625 677/1069/625 667/1070/625
f 669/1060/626 667/1059/626 679/1071/626 680/1072/626
f 685/1073/616 686/1074/616 688/1075/616 687/1076/616
f 675/1066/627 673/1065/627 682/1077/627 683/1078/627
f 667/1070/628 677/1069/628 684/1079/628 679/1080/628
f 671/1062/618 669/1061/618 680/1081/618 681/1082/618
f 677/1068/616 675/1067/616 683/1083/616 684/1084/616
f 673/1064/629 671/1063/629 681/1085/629 682/1086/629
f 691/1087/618 692/1088/618 690/1089/618 689/1090/618
f 687/1076/630 691/1087/630 689/1090/630 685/1073/630
f 692/1088/631 688/1091/631 686/1092/631 690/1089/631
o Cylinder.002
v -1.429775 3.100634 15.839303
v -1.429775 3.100633 9.061369
v -1.303509 3.182057 15.839303
v -1.303509 3.182055 9.061369
v -1.303509 3.344902 15.839303
v -1.303509 3.344901 9.061369
v -1.429775 3.426325 15.839303
v -1.429775 3.426324 9.061369
v -1.556040 3.344902 15.839303
v -1.556040 3.344901 9.061369
v -1.556040 3.182057 15.839303
v -1.556040 3.182055 9.061369
vn 0.5419 -0.8404 -0.0000
vn 1.0000 -0.0000 -0.0000
vn 0.5419 0.8404 -0.0000
vn -0.5419 0.8404 -0.0000
vn -1.0000 -0.0000 -0.0000
vn -0.5419 -0.8404 -0.0000
vt 0.642059 0.054532
vt 0.006378 0.054532
vt 0.006378 0.039259
vt 0.642060 0.039259
vt 0.006378 0.023986
vt 0.642060 0.023987
vt 0.006378 0.008714
vt 0.642060 0.008714
vt 0.642060 0.100349
vt 0.006378 0.100350
vt 0.006378 0.085078
vt 0.642059 0.085077
vt 0.006378 0.069805
vt 0.642059 0.069804
s 1
usemtl Material
f 693/1093/632 694/1094/632 696/1095/632 695/1096/632
f 695/1096/633 696/1095/633 698/1097/633 697/1098/633
f 697/1098/634 698/1097/634 700/1099/634 699/1100/634
f 699/1101/635 700/1102/635 702/1103/635 701/1104/635
f 701/1104/636 702/1103/636 704/1105/636 703/1106/636
f 703/1106/637 704/1105/637 694/1094/637 693/1093/637
o Cylinder.003
v -1.429775 4.410830 17.063480
v -1.429775 4.844057 17.181587
v -1.241845 4.410830 17.215982
v -1.342412 4.844057 17.252480
v -1.313628 4.410830 17.462738
v -1.375782 4.844057 17.367188
v -1.545921 4.410830 17.462738
v -1.483767 4.844057 17.367188
v -1.617704 4.410830 17.215982
v -1.517137 4.844057 17.252480
vn 0.6165 0.2071 -0.7597
vn 0.9417 0.1955 0.2739
vn -0.0000 0.2154 0.9765
vn -0.0000 1.0000 -0.0000
vn -0.9417 0.1955 0.2739
vn -0.6165 0.2071 -0.7597
vt 0.306825 0.250939
vt 0.322232 0.144525
vt 0.351111 0.144195
vt 0.368948 0.250228
vt 0.447555 0.191732
vt 0.359721 0.116628
vt 0.466076 0.132430
vt 0.434734 0.039594
vt 0.336163 0.099920
vt 0.384058 0.003654
vt 0.312994 0.117162
vt 0.286080 0.004774
vt 0.236239 0.041863
vt 0.207028 0.135393
vt 0.226900 0.194255
s 1
usemtl Material
f 705/1107/638 706/1108/638 708/1109/638 707/1110/638
f 707/1111/639 708/1109/639 710/1112/639 709/1113/639
f 709/1114/640 710/1112/640 712/1115/640 711/1116/640
f 708/1109/641 706/1108/641 714/1117/641 712/1115/641 710/1112/641
f 711/1118/642 712/1115/642 714/1117/642 713/1119/642
f 713/1120/643 714/1117/643 706/1108/643 705/1121/643
o barrel
v -1.447184 3.357079 8.288918
v -1.447184 3.357079 8.288918
v -1.447184 3.357079 8.288918
v -1.447184 3.357079 7.746175
v -1.447184 3.357079 7.746175
v -1.447184 3.357079 7.746175
v -1.447184 3.357079 7.746175
v -1.769457 3.147688 8.288918
v -1.769457 3.147688 8.288918
v -1.769457 3.147688 8.288918
v -1.769457 3.147688 7.746175
v -1.769457 3.147688 7.746175
v -1.769457 3.147688 7.746175
v -1.769457 3.147688 7.746175
v -1.646360 2.808887 8.288918
v -1.646360 2.808887 8.288918
v -1.646360 2.808887 8.288918
v -1.646360 2.808887 7.746175
v -1.646360 2.808887 7.746175
v -1.646360 2.808887 7.746175
v -1.646360 2.808887 7.746175
v -1.248009 2.808887 8.288918
v -1.248009 2.808887 8.288918
v -1.248009 2.808887 8.288918
v -1.248009 2.808887 7.746175
v -1.248009 2.808887 7.746175
v -1.248009 2.808887 7.746175
v -1.248009 2.808887 7.746175
v -1.124911 3.147688 8.288918
v -1.124911 3.147688 8.288918
v -1.124911 3.147688 8.288918
v -1.124911 3.147688 7.746175
v -1.124911 3.147688 7.746175
v -1.124911 3.147688 7.746175
v -1.124911 3.147688 7.746175
v -1.769458 3.147688 5.247637
v -1.769458 3.147688 5.247637
v -1.769458 3.147688 5.247637
v -1.447185 3.357079 5.247637
v -1.447185 3.357079 5.247637
v -1.447185 3.357079 5.247637
v -1.646360 2.808887 5.247637
v -1.646360 2.808887 5.247637
v -1.646360 2.808887 5.247637
v -1.248009 2.808887 5.247637
v -1.248009 2.808887 5.247637
v -1.248009 2.808887 5.247637
v -1.124911 3.147688 5.247637
v -1.124911 3.147688 5.247637
v -1.124911 3.147688 5.247637
vn -0.5448 0.8385 -0.0000
vn -0.9399 -0.3415 -0.0000
vn -0.0000 -1.0000 -0.0000
vn 0.9399 -0.3415 -0.0000
vn 0.5448 0.8385 -0.0000
vn -0.0000 -0.0000 1.0000
vn -0.0000 -0.0000 -1.0000
vt 0.984258 0.853201
vt 0.984258 0.830311
vt 0.985002 0.830311
vt 0.985002 0.853201
vt 0.985747 0.830311
vt 0.985747 0.853201
vt 0.986492 0.830311
vt 0.986492 0.853201
vt 0.987237 0.830311
vt 0.987237 0.853201
vt 0.987982 0.830311
vt 0.987982 0.853201
vt 0.986039 0.861250
vt 0.985189 0.853658
vt 0.984338 0.861250
vt 0.984663 0.873535
vt 0.985714 0.873535
vt 0.986526 0.873535
vt 0.986201 0.861250
vt 0.987051 0.853658
vt 0.987901 0.861250
vt 0.987576 0.873535
s 1
usemtl Material.001
f 717/1122/644 721/1123/644 726/1124/644
f 717/1122/644 726/1124/644 723/1125/644
f 724/1125/645 727/1124/645 734/1126/645
f 724/1125/645 734/1126/645 731/1127/645
f 730/1127/646 732/1126/646 741/1128/646
f 730/1127/646 741/1128/646 738/1129/646
f 746/1130/647 739/1128/647 759/1128/647
f 746/1130/647 759/1128/647 762/1130/647
f 736/1129/647 740/1128/647 747/1130/647
f 736/1129/647 747/1130/647 743/1131/647
f 744/1131/648 748/1130/648 718/1132/648
f 744/1131/648 718/1132/648 715/1133/648
f 745/1134/649 716/1135/649 722/1136/649
f 722/1136/649 729/1137/649 737/1138/649
f 722/1136/649 737/1138/649 745/1134/649
f 757/1139/650 750/1140/650 754/1141/650
f 754/1141/650 764/1142/650 761/1143/650
f 754/1141/650 761/1143/650 757/1139/650
f 735/1126/645 728/1124/645 752/1124/645
f 735/1126/645 752/1124/645 758/1126/645
f 719/1132/648 749/1130/648 763/1130/648
f 719/1132/648 763/1130/648 753/1132/648
f 725/1124/644 720/1123/644 755/1123/644
f 725/1124/644 755/1123/644 751/1124/644
f 742/1128/646 733/1126/646 756/1126/646
f 742/1128/646 756/1126/646 760/1128/646
o gun
v -0.893411 2.074288 4.880375
v -0.893411 2.074288 4.880375
v -0.893411 2.074288 8.096983
v -0.893411 2.074288 8.096983
v -0.893411 2.074288 8.096983
v -0.893411 2.074288 8.096983
v -2.000958 2.074288 4.880376
v -2.000958 2.074288 4.880376
v -2.000958 2.074288 8.096983
v -2.000958 2.074288 8.096983
v -2.000958 2.074288 8.096983
v -2.000958 2.074288 8.096983
v -0.893411 2.074288 5.996342
v -0.893411 2.074288 5.996342
v -0.893411 2.074288 5.996342
v -0.893411 2.074288 5.996342
v -2.000958 2.074288 5.996342
v -2.000958 2.074288 5.996342
v -2.000958 2.074288 5.996342
v -2.000958 2.074288 5.996342
v -0.893411 1.965065 5.996342
v -0.893411 1.965065 5.996342
v -0.893411 1.965065 5.996342
v -0.893411 1.965065 4.880375
v -0.893411 1.965065 4.880375
v -0.893411 1.965065 4.880375
v -2.000958 1.965065 4.880376
v -2.000958 1.965065 4.880376
v -2.000958 1.965065 4.880376
v -2.000958 1.965065 5.996342
v -2.000958 1.965065 5.996342
v -2.000958 1.965065 5.996342
v -0.893411 2.074288 0.103948
v -2.000958 2.074288 0.103948
v -0.893411 1.965066 0.103948
v -2.000958 1.965066 0.103948
v -0.893412 2.074288 -0.205787
v -0.893412 2.074288 -0.205787
v -2.000958 2.074288 -0.205786
v -0.893412 1.965066 -0.205787
v -2.000958 1.965066 -0.205786
v -0.893412 2.074288 -0.463796
v -0.893412 2.074288 -0.463796
v -2.000958 2.074288 -0.463796
v -2.000958 2.074288 -0.463796
v -0.893412 1.965066 -0.463796
v -0.893412 1.965066 -0.463796
v -0.893412 1.965066 -0.463796
v -2.000958 1.965066 -0.463796
v -2.000958 1.965066 -0.463796
v -2.000958 1.965066 -0.463796
v -0.893412 2.074288 -0.838524
v -0.893412 2.074288 -0.838524
v -0.893412 2.074288 -0.838524
v -2.000959 2.074288 -0.838524
v -2.000959 2.074288 -0.838524
v -2.000959 2.074288 -0.838524
v -2.000959 2.074288 -0.838524
v -0.893412 1.965066 -0.838524
v -0.893412 1.965066 -0.838524
v -0.893412 1.965066 -0.838524
v -0.893412 1.965066 -0.838524
v -2.000959 1.965066 -0.838524
v -2.000959 1.965066 -0.838524
v -2.000959 1.965066 -0.838524
v -2.000959 1.965066 -0.838524
v -0.893412 2.184325 -0.961386
v -0.893412 2.184325 -0.961386
v -0.893412 2.184325 -0.961386
v -2.000959 2.184325 -0.961386
v -2.000959 2.184325 -0.961386
v -2.000959 2.184325 -0.961386
v -0.893412 2.125755 -0.961386
v -0.893412 2.125755 -0.961386
v -0.893412 2.125755 -0.961386
v -2.000959 2.125755 -0.961386
v -2.000959 2.125755 -0.961386
v -2.000959 2.125755 -0.961386
v -0.893411 2.170938 8.173771
v -0.893411 2.170938 8.173771
v -0.893411 2.170938 8.173771
v -0.893411 2.170938 8.173771
v -2.000958 2.170938 8.173771
v -2.000958 2.170938 8.173771
v -2.000958 2.170938 8.173771
v -2.000958 2.170938 8.173771
v -0.893411 2.170938 8.204487
v -0.893411 2.170938 8.204487
v -0.893411 2.170938 8.204487
v -2.000958 2.170938 8.204487
v -2.000958 2.170938 8.204487
v -2.000958 2.170938 8.204487
v -0.893411 2.074288 2.492162
v -0.893411 2.074288 2.492162
v -2.000958 1.965065 2.492162
v -2.000958 1.965065 2.492162
v -2.000958 1.965065 2.492162
v -2.000958 1.965065 2.492162
v -0.893411 1.965065 2.492162
v -0.893411 1.965065 2.492162
v -0.893411 1.965065 2.492162
v -0.893411 1.965065 2.492162
v -2.000958 2.074288 2.492162
v -2.000958 2.074288 2.492162
v -0.893411 1.129119 0.103948
v -2.000958 1.129119 0.103948
v -2.000958 1.129119 2.247426
v -2.000958 1.129119 2.247426
v -2.000958 1.129119 2.247426
v -0.893411 1.129119 -0.034673
v -0.893412 1.129119 -0.149346
v -0.893412 1.129119 -0.149346
v -0.893412 1.129119 -0.149346
v -2.000958 1.129119 -0.034673
v -2.000958 1.129119 -0.149346
v -2.000958 1.129119 -0.149346
v -2.000958 1.129119 -0.149346
v -0.893411 1.129119 2.247426
v -0.893411 1.129119 2.247426
v -0.893411 1.129119 2.247426
v -0.893411 0.325324 0.103948
v -2.000958 0.325324 0.103948
v -2.000958 0.325324 0.103948
v -2.000958 0.325324 2.093642
v -2.000958 0.325324 2.093642
v -2.000958 0.325324 2.093642
v -0.893411 0.325324 -0.034673
v -0.893412 0.325324 -0.149346
v -0.893412 0.325324 -0.149346
v -0.893412 0.325324 -0.149346
v -2.000958 0.325324 -0.034673
v -2.000958 0.325324 -0.149346
v -2.000958 0.325324 -0.149346
v -2.000958 0.325324 -0.149346
v -0.893411 0.325324 2.093642
v -0.893411 0.325324 2.093642
v -0.893411 0.325324 2.093642
v -2.000958 0.727221 -0.149346
v -2.000958 0.727221 -0.149346
v -0.893412 0.727221 -0.149346
v -0.893412 0.727221 -0.149346
v -2.000958 0.727221 -0.034673
v -2.000958 0.727221 0.103948
v -0.893411 0.727221 -0.034673
v -2.000958 0.727221 2.376992
v -2.000958 0.727221 2.376992
v -2.000958 0.727221 2.376992
v -0.893411 0.727221 2.376992
v -0.893411 0.727221 2.376992
v -0.893411 0.727221 2.376992
v -0.893411 0.727221 0.103948
v -0.893412 -2.246820 -0.428713
v -2.000958 -2.246820 -0.428713
v -2.000958 -2.246820 1.441236
v -2.000958 -2.246820 1.441236
v -2.000958 -2.246820 1.441236
v -0.893412 -2.246820 -0.567334
v -0.893412 -2.246820 -0.682007
v -0.893412 -2.246820 -0.682007
v -0.893412 -2.246820 -0.682007
v -2.000958 -2.246820 -0.567334
v -2.000958 -2.246820 -0.682007
v -2.000958 -2.246820 -0.682007
v -2.000958 -2.246820 -0.682007
v -0.893411 -2.246820 1.441236
v -0.893411 -2.246820 1.441236
v -0.893411 -2.246820 1.441236
v -2.000958 -0.960748 1.657180
v -2.000958 -0.960748 1.657180
v -2.000958 -0.960748 1.657180
v -2.000958 -0.960748 -0.162383
v -0.893411 -0.960748 1.657180
v -0.893411 -0.960748 1.657180
v -0.893411 -0.960748 1.657180
v -0.893412 -0.960748 -0.162383
v -0.893412 -0.960748 -0.415676
v -0.893412 -0.960748 -0.415676
v -0.893412 -0.960748 -0.415676
v -2.000958 -0.960748 -0.415676
v -2.000958 -0.960748 -0.415676
v -2.000958 -0.960748 -0.415676
v -2.000958 -0.960748 -0.301003
v -0.893412 -0.960748 -0.301004
v -2.000958 -0.317712 1.808341
v -2.000958 -0.317712 1.808341
v -2.000958 -0.317712 1.808341
v -0.893411 -0.317712 -0.029218
v -2.000958 -0.317712 -0.282511
v -2.000958 -0.317712 -0.282511
v -2.000958 -0.317712 -0.029218
v -2.000958 -0.317712 -0.029218
v -0.893411 -0.317712 1.808340
v -0.893411 -0.317712 1.808340
v -0.893411 -0.317712 1.808340
v -0.893412 -0.317712 -0.282512
v -0.893412 -0.317712 -0.282512
v -2.000958 -0.317712 -0.167838
v -0.893412 -0.317712 -0.167839
v -0.975999 -2.455806 -0.385648
v -1.918371 -2.455806 -0.385648
v -1.918371 -2.455806 1.270425
v -1.918371 -2.455806 1.270425
v -0.893412 -2.455806 -0.567334
v -0.893412 -2.455806 -0.567334
v -0.893412 -2.455806 -0.638819
v -0.893412 -2.455806 -0.638819
v -0.893412 -2.455806 -0.638819
v -2.000958 -2.455806 -0.567334
v -2.000958 -2.455806 -0.567334
v -2.000958 -2.455806 -0.638818
v -2.000958 -2.455806 -0.638818
v -2.000958 -2.455806 -0.638818
v -0.975999 -2.455806 1.270425
v -0.975999 -2.455806 1.270425
v -0.893412 -2.455806 -0.428713
v -0.893412 -2.455806 -0.428713
v -2.000958 -2.455806 -0.428713
v -2.000958 -2.455806 -0.428713
v -2.000958 -2.455806 1.441236
v -2.000958 -2.455806 1.441236
v -2.000958 -2.455806 1.441236
v -2.000958 -2.455806 1.441236
v -0.893411 -2.455806 1.441236
v -0.893411 -2.455806 1.441236
v -0.893411 -2.455806 1.441236
v -0.893411 -2.455806 1.441236
v -1.307529 1.965065 3.988392
v -1.307529 1.965065 3.988392
v -1.307529 1.965065 3.988392
v -1.307529 1.965065 3.988392
v -2.000958 2.074288 3.988392
v -2.000958 2.074288 3.988392
v -0.893411 2.074288 3.988392
v -0.893411 2.074288 3.988392
v -1.586840 1.965065 3.988392
v -1.586840 1.965065 3.988392
v -1.586840 1.965065 3.988392
v -1.586840 1.965065 3.988392
v -1.307529 1.965065 4.276129
v -1.307529 1.965065 4.276129
v -1.307529 1.965065 4.276129
v -1.307529 1.965065 4.276129
v -2.000958 2.074288 4.276129
v -2.000958 2.074288 4.276129
v -0.893411 2.074288 4.276129
v -0.893411 2.074288 4.276129
v -1.586840 1.965065 4.276129
v -1.586840 1.965065 4.276129
v -1.586840 1.965065 4.276129
v -1.586840 1.965065 4.276129
v -2.000958 1.965065 4.276129
v -2.000958 1.965065 4.276129
v -2.000958 1.965065 4.276129
v -2.000958 1.965065 3.988392
v -2.000958 1.965065 3.988392
v -2.000958 1.965065 3.988392
v -2.000958 1.965065 3.988392
v -0.893411 1.965065 3.988392
v -0.893411 1.965065 3.988392
v -0.893411 1.965065 3.988392
v -0.893411 1.965065 3.988392
v -0.893411 1.965065 4.276129
v -0.893411 1.965065 4.276129
v -0.893411 1.965065 4.276129
v -1.586840 0.373551 4.016996
v -1.586840 0.373551 4.016996
v -1.586840 0.373551 4.016996
v -1.586840 0.373551 3.729260
v -1.586840 0.373551 3.729260
v -1.586840 0.373551 3.729260
v -1.586840 0.373551 3.729260
v -1.307529 0.373551 3.729260
v -1.307529 0.373551 3.729260
v -1.307529 0.373551 3.729260
v -1.307529 0.373551 3.729260
v -1.307529 0.373551 4.016996
v -1.307529 0.373551 4.016996
v -1.307529 0.373551 4.016996
v -1.586840 0.622995 4.057611
v -1.586840 0.622995 4.057611
v -1.586840 0.622995 4.057611
v -1.586840 0.622995 4.057611
v -1.307529 0.622995 4.057611
v -1.307529 0.622995 4.057611
v -1.307529 0.622995 4.057611
v -1.307529 0.622995 3.769875
v -1.307529 0.622995 3.769875
v -1.307529 0.622995 3.769875
v -1.307529 0.622995 3.769875
v -1.586840 0.622995 3.769875
v -1.586840 0.622995 3.769875
v -1.586840 0.622995 3.769875
v -1.586840 0.622995 3.769875
v -1.586840 0.622995 3.769875
v -1.635270 0.314224 2.037859
v -1.635270 0.314224 2.037859
v -1.635270 0.314224 2.037859
v -1.259100 0.314224 2.037859
v -1.259100 0.314224 2.037859
v -1.259100 0.314224 2.037859
v -1.259100 0.650170 2.092558
v -1.259100 0.650170 2.092558
v -1.259100 0.650170 2.092558
v -1.635270 0.650170 2.092558
v -1.635270 0.650170 2.092558
v -1.635270 0.650170 2.092558
v -0.893411 2.074288 0.578713
v -2.000958 1.965066 0.578713
v -0.893411 1.965066 0.578713
v -2.000958 2.074288 0.578713
v -2.000958 1.129119 0.530061
v -0.893411 1.129119 0.530061
v -2.000958 0.325324 0.499489
v -0.893411 0.325324 0.499489
v -0.893411 0.727221 0.555818
v -2.000958 0.727221 0.555818
v -2.000958 -2.246820 -0.056976
v -2.000958 -2.246820 -0.056976
v -0.893411 -2.246820 -0.056976
v -0.893411 -2.246820 -0.056976
v -2.000958 -0.960748 0.199337
v -0.893411 -0.960748 0.199337
v -0.893411 -0.317712 0.336080
v -2.000958 -0.317712 0.336080
v -2.000958 -2.455806 -0.056976
v -2.000958 -2.455806 -0.056976
v -2.000958 -2.455806 -0.056976
v -2.000958 -2.455806 -0.056976
v -0.893411 -2.455806 -0.056976
v -0.893411 -2.455806 -0.056976
v -0.893411 -2.455806 -0.056976
v -0.893411 -2.455806 -0.056976
v -1.918371 -2.455806 -0.056429
v -1.918371 -2.455806 -0.056429
v -0.975999 -2.455806 -0.056429
v -0.975999 -2.455806 -0.056429
v -0.893411 2.074288 0.341331
v -2.000958 1.965066 0.341331
v -2.000958 1.129119 0.317004
v -2.000958 0.325324 0.301719
v -2.000958 0.325324 0.301719
v -0.893411 0.727221 0.329883
v -2.000958 -2.246820 -0.242845
v -2.000958 -2.246820 -0.242845
v -0.893411 -0.960748 0.018477
v -0.893411 -0.317712 0.153431
v -2.000958 -2.455806 -0.242845
v -2.000958 -2.455806 -0.242845
v -2.000958 -2.455806 -0.242845
v -2.000958 -2.455806 -0.242845
v -1.918371 -2.455806 -0.221039
v -1.918371 -2.455806 -0.221039
v -0.893411 1.965066 0.341331
v -2.000958 2.074288 0.341331
v -0.893411 1.129119 0.317004
v -0.893411 0.325324 0.301719
v -2.000958 0.727221 0.329883
v -0.893412 -2.246820 -0.242845
v -0.893412 -2.246820 -0.242845
v -2.000958 -0.960748 0.018478
v -2.000958 -0.317712 0.153431
v -2.000958 -0.317712 0.153431
v -0.893412 -2.455806 -0.242845
v -0.893412 -2.455806 -0.242845
v -0.893412 -2.455806 -0.242845
v -0.893412 -2.455806 -0.242845
v -0.975999 -2.455806 -0.221039
v -0.975999 -2.455806 -0.221039
v -2.000958 2.074288 7.980926
v -2.000958 2.074288 7.980926
v -2.000958 2.074288 7.980926
v -0.893411 2.074288 7.980926
v -0.893411 2.074288 7.980926
v -0.893411 2.074288 7.980926
v -0.893411 2.074288 7.652085
v -0.893411 2.074288 7.652085
v -2.000958 2.074288 7.652085
v -2.000958 2.074288 7.652085
v -0.893411 2.569456 4.880376
v -0.893411 2.569456 4.880376
v -0.893411 2.569456 8.096983
v -0.893411 2.569456 8.096983
v -2.000958 2.569456 8.096983
v -2.000958 2.569456 8.096983
v -2.000958 2.569456 4.880376
v -2.000958 2.569456 4.880376
v -2.000958 2.569456 5.996342
v -0.893411 2.569456 5.996342
v -0.893411 2.569456 0.103948
v -2.000958 2.569456 0.103948
v -0.893412 2.555672 -0.205787
v -0.893412 2.555672 -0.205787
v -2.000958 2.555672 -0.205786
v -0.893412 2.530519 -0.480178
v -0.893412 2.530519 -0.480178
v -2.000958 2.530519 -0.480178
v -2.000958 2.530519 -0.480178
v -0.893412 2.475641 -0.838524
v -0.893412 2.475641 -0.838524
v -2.000959 2.475641 -0.838524
v -2.000959 2.475641 -0.838524
v -0.893412 2.501638 -0.961386
v -0.893412 2.501638 -0.961386
v -0.893412 2.501638 -0.961386
v -2.000959 2.501638 -0.961386
v -2.000959 2.501638 -0.961386
v -2.000959 2.501638 -0.961386
v -0.893411 2.633889 8.173771
v -0.893411 2.633889 8.173771
v -2.000958 2.633889 8.173771
v -2.000958 2.633889 8.173771
v -0.893411 2.633889 8.204487
v -0.893411 2.633889 8.204487
v -0.893411 2.633889 8.204487
v -2.000958 2.633889 8.204487
v -2.000958 2.633889 8.204487
v -2.000958 2.633889 8.204487
v -2.000958 2.569456 2.492162
v -0.893411 2.569456 2.492162
v -0.893411 2.569456 3.988392
v -2.000958 2.569456 3.988392
v -2.000958 2.569456 4.276129
v -0.893411 2.569456 4.276129
v -2.000958 2.569456 0.578713
v -0.893411 2.569456 0.578713
v -2.000958 2.569456 0.341331
v -0.893411 2.569456 0.341331
v -2.000958 2.569456 7.980926
v -2.000958 2.569456 7.980926
v -0.893411 2.569456 7.980926
v -0.893411 2.569456 7.980926
v -0.893411 2.569456 7.652085
v -2.000958 2.569456 7.652085
v -1.447184 2.074288 8.096983
v -1.447184 2.074288 8.096983
v -1.447184 2.074288 5.996342
v -1.447184 2.074288 5.996342
v -1.447185 1.965065 4.880376
v -1.447184 1.965065 5.996342
v -1.447184 1.965065 5.996342
v -1.447185 1.965066 -0.463796
v -1.447185 1.965066 -0.463796
v -1.447185 1.965066 -0.838524
v -1.447185 1.965066 -0.838524
v -1.447185 2.184325 -0.961386
v -1.447185 2.125755 -0.961386
v -1.447185 2.125755 -0.961386
v -1.447184 2.170938 8.173771
v -1.447184 2.170938 8.173771
v -1.447184 2.170938 8.204487
v -1.447184 2.170938 8.204487
v -1.447185 1.965065 2.492162
v -1.447185 1.965065 2.492162
v -1.447185 1.965065 2.492162
v -1.447185 1.965065 2.492162
v -1.447185 1.129119 -0.149346
v -1.447185 1.129119 -0.149346
v -1.447185 1.129119 2.247426
v -1.447185 1.129119 2.247426
v -1.447185 1.129119 2.247426
v -1.447185 1.129119 2.247426
v -1.447185 1.129119 2.247426
v -1.447185 1.129119 2.247426
v -1.447185 0.325324 -0.149346
v -1.447185 0.325324 -0.149346
v -1.447185 0.325324 2.093642
v -1.447185 0.325324 2.093642
v -1.447185 0.727221 2.376992
v -1.447185 0.727221 2.376992
v -1.447185 0.727221 2.376992
v -1.447185 0.727221 2.376992
v -1.447185 0.727221 -0.149346
v -1.447185 -2.246820 -0.682007
v -1.447185 -2.246820 -0.682007
v -1.447185 -2.246820 1.441236
v -1.447185 -2.246820 1.441236
v -1.447185 -0.960748 1.657180
v -1.447185 -0.960748 1.657180
v -1.447185 -0.960748 -0.415676
v -1.447185 -0.960748 -0.415676
v -1.447185 -0.317712 -0.282511
v -1.447185 -0.317712 1.808340
v -1.447185 -0.317712 1.808340
v -1.447185 -2.455806 -0.428713
v -1.447185 -2.455806 -0.567334
v -1.447185 -2.455806 -0.638818
v -1.447185 -2.455806 -0.638818
v -1.447185 -2.455806 1.441236
v -1.447185 -2.455806 1.441236
v -1.447185 -2.455806 -0.385648
v -1.447185 -2.455806 1.270425
v -1.447185 1.965065 3.988392
v -1.447185 1.965065 3.988392
v -1.447185 1.965065 4.276129
v -1.447185 1.965065 4.276129
v -1.447185 1.965065 3.988392
v -1.447185 1.965065 3.988392
v -1.447185 1.965065 4.276129
v -1.447185 1.965065 4.276129
v -1.447185 0.373551 3.729260
v -1.447185 0.373551 3.729260
v -1.447185 0.373551 4.016996
v -1.447185 0.373551 4.016996
v -1.447185 0.622995 3.769875
v -1.447185 0.622995 3.769875
v -1.447185 0.622995 4.057611
v -1.447185 0.622995 4.057611
v -1.447185 0.314224 2.037859
v -1.447185 0.314224 2.037859
v -1.447185 0.650170 2.092558
v -1.447185 0.650170 2.092558
v -1.447184 2.074288 7.980926
v -1.447184 2.074288 7.652085
v -1.447184 2.633889 8.204487
v -1.447184 2.633889 8.204487
v -1.447185 2.501638 -0.961386
v -1.447185 2.501638 -0.961386
v -1.724071 1.965065 4.880376
v -1.724072 1.965066 -0.463796
v -1.724072 1.965066 -0.463796
v -1.724072 1.965066 -0.838524
v -1.724072 1.965066 -0.838524
v -1.724072 2.184325 -0.961386
v -1.724072 2.125755 -0.961386
v -1.724072 2.125755 -0.961386
v -1.724072 1.129119 -0.149346
v -1.724072 1.129119 -0.149346
v -1.724072 0.325324 -0.149346
v -1.724072 0.325324 -0.149346
v -1.724072 0.727221 -0.149346
v -1.724072 -2.246820 -0.682007
v -1.724072 -2.246820 -0.682007
v -1.724072 -0.960748 -0.415676
v -1.724072 -0.960748 -0.415676
v -1.724072 -0.317712 -0.282511
v -1.724072 -2.455806 -0.428713
v -1.724072 -2.455806 -0.567334
v -1.724072 -2.455806 -0.638818
v -1.724072 -2.455806 -0.638818
v -1.682778 -2.455806 -0.385648
v -1.517012 0.622995 3.769875
v -1.517012 0.622995 3.769875
v -1.541227 0.650170 2.092558
v -1.541227 0.650170 2.092558
v -1.724071 2.633889 8.204487
v -1.724071 2.633889 8.204487
v -1.724071 2.074288 8.096983
v -1.724071 2.074288 8.096983
v -1.724071 2.074288 5.996342
v -1.724071 2.074288 5.996342
v -1.724071 1.965065 5.996342
v -1.724071 1.965065 5.996342
v -1.724071 2.170938 8.173771
v -1.724071 2.170938 8.173771
v -1.724071 2.170938 8.204487
v -1.724071 2.170938 8.204487
v -1.724072 1.965065 2.492162
v -1.724072 1.965065 2.492162
v -1.724072 1.965065 2.492162
v -1.724072 1.965065 2.492162
v -1.724072 1.129119 2.247426
v -1.724072 1.129119 2.247426
v -1.724072 1.129119 2.247426
v -1.724072 1.129119 2.247426
v -1.724072 1.129119 2.247426
v -1.724072 1.129119 2.247426
v -1.724072 0.325324 2.093642
v -1.724072 0.325324 2.093642
v -1.724072 0.727221 2.376992
v -1.724072 0.727221 2.376992
v -1.724072 0.727221 2.376992
v -1.724072 0.727221 2.376992
v -1.724072 -2.246820 1.441236
v -1.724072 -2.246820 1.441236
v -1.724072 -0.960748 1.657180
v -1.724072 -0.960748 1.657180
v -1.724072 -0.317712 1.808341
v -1.724072 -0.317712 1.808341
v -1.724072 -2.455806 1.441236
v -1.724072 -2.455806 1.441236
v -1.682778 -2.455806 1.270425
v -1.724071 1.965065 3.988392
v -1.724071 1.965065 3.988392
v -1.724071 1.965065 4.276129
v -1.724071 1.965065 4.276129
v -1.517012 1.965065 3.988392
v -1.517012 1.965065 3.988392
v -1.517012 1.965065 4.276129
v -1.517012 1.965065 4.276129
v -1.517012 0.373551 3.729260
v -1.517012 0.373551 3.729260
v -1.517012 0.373551 4.016996
v -1.517012 0.373551 4.016996
v -1.517012 0.622995 4.057611
v -1.517012 0.622995 4.057611
v -1.541227 0.314224 2.037859
v -1.541227 0.314224 2.037859
v -1.724071 2.074288 7.980926
v -1.724071 2.074288 7.652085
v -1.724072 2.501638 -0.961386
v -1.724072 2.501638 -0.961386
v -1.170298 2.074288 8.096983
v -1.170298 2.074288 8.096983
v -1.170298 2.074288 5.996342
v -1.170298 2.074288 5.996342
v -1.170298 1.965065 5.996342
v -1.170298 1.965065 5.996342
v -1.170298 2.170938 8.173771
v -1.170298 2.170938 8.173771
v -1.170298 2.170938 8.204487
v -1.170298 2.170938 8.204487
v -1.170298 1.965065 2.492162
v -1.170298 1.965065 2.492162
v -1.170298 1.965065 2.492162
v -1.170298 1.965065 2.492162
v -1.170298 1.129119 2.247426
v -1.170298 1.129119 2.247426
v -1.170298 1.129119 2.247426
v -1.170298 1.129119 2.247426
v -1.170298 1.129119 2.247426
v -1.170298 1.129119 2.247426
v -1.170298 0.325324 2.093642
v -1.170298 0.325324 2.093642
v -1.170298 0.727221 2.376992
v -1.170298 0.727221 2.376992
v -1.170298 0.727221 2.376992
v -1.170298 0.727221 2.376992
v -1.170298 -2.246820 1.441236
v -1.170298 -2.246820 1.441236
v -1.170298 -0.960748 1.657180
v -1.170298 -0.960748 1.657180
v -1.170298 -0.317712 1.808340
v -1.170298 -0.317712 1.808340
v -1.170298 -2.455806 1.441236
v -1.170298 -2.455806 1.441236
v -1.211592 -2.455806 1.270425
v -1.170298 1.965065 3.988392
v -1.170298 1.965065 3.988392
v -1.170298 1.965065 4.276129
v -1.170298 1.965065 4.276129
v -1.377357 1.965065 3.988392
v -1.377357 1.965065 3.988392
v -1.377357 1.965065 4.276129
v -1.377357 1.965065 4.276129
v -1.377357 0.373551 3.729260
v -1.377357 0.373551 3.729260
v -1.377357 0.373551 3.729260
v -1.377357 0.373551 4.016996
v -1.377357 0.373551 4.016996
v -1.377357 0.622995 4.057611
v -1.377357 0.622995 4.057611
v -1.353142 0.314224 2.037859
v -1.353142 0.314224 2.037859
v -1.353142 0.314224 2.037859
v -1.170298 2.074288 7.980926
v -1.170298 2.074288 7.652085
v -1.170298 2.501638 -0.961386
v -1.170298 2.501638 -0.961386
v -1.170298 1.965065 4.880376
v -1.170298 1.965066 -0.463796
v -1.170298 1.965066 -0.463796
v -1.170298 1.965066 -0.838524
v -1.170298 1.965066 -0.838524
v -1.170298 2.184325 -0.961386
v -1.170298 2.125755 -0.961386
v -1.170298 2.125755 -0.961386
v -1.170298 1.129119 -0.149346
v -1.170298 1.129119 -0.149346
v -1.170298 0.325324 -0.149346
v -1.170298 0.325324 -0.149346
v -1.170298 0.727221 -0.149346
v -1.170298 -2.246820 -0.682007
v -1.170298 -2.246820 -0.682007
v -1.170298 -0.960748 -0.415676
v -1.170298 -0.960748 -0.415676
v -1.170298 -0.317712 -0.282511
v -1.170298 -2.455806 -0.428713
v -1.170298 -2.455806 -0.567334
v -1.170298 -2.455806 -0.638819
v -1.170298 -2.455806 -0.638819
v -1.211592 -2.455806 -0.385648
v -1.377357 0.622995 3.769875
v -1.377357 0.622995 3.769875
v -1.353142 0.650170 2.092558
v -1.353142 0.650170 2.092558
v -1.170298 2.633889 8.204487
v -1.170298 2.633889 8.204487
v -1.344718 1.129119 2.247426
v -1.344718 1.129119 2.247426
v -1.344718 1.129119 2.247426
v -1.344718 1.129119 2.247426
v -1.447185 1.129119 2.247426
v -1.447185 1.129119 2.247426
v -1.447185 1.129119 2.247426
v -1.447185 1.129119 2.247426
v -1.447185 0.727221 2.376992
v -1.447185 0.727221 2.376992
v -1.447185 0.727221 2.376992
v -1.447185 0.727221 2.376992
v -1.447185 0.727221 2.376992
v -1.344718 0.727221 2.376992
v -1.344718 0.727221 2.376992
v -1.344718 0.727221 2.376992
v -1.344718 0.727221 2.376992
v -1.344718 0.727221 2.376992
v -1.344718 1.965065 2.492162
v -1.344718 1.965065 2.492162
v -1.344718 1.965065 2.492162
v -1.344718 1.965065 2.492162
v -1.447185 1.965065 2.492162
v -1.447185 1.965065 2.492162
v -1.447185 1.965065 2.492162
v -1.447185 1.965065 2.492162
v -1.447185 1.129119 2.247426
v -1.447185 1.129119 2.247426
v -1.447185 1.129119 2.247426
v -1.447185 1.129119 2.247426
v -1.344718 1.129119 2.247426
v -1.344718 1.129119 2.247426
v -1.344718 1.129119 2.247426
v -1.344718 1.129119 2.247426
v -1.447185 1.129119 2.247426
v -1.447185 1.129119 2.247426
v -1.447185 1.129119 2.247426
v -1.447185 1.129119 2.247426
v -1.549652 1.129119 2.247426
v -1.549652 1.129119 2.247426
v -1.549652 1.129119 2.247426
v -1.549652 1.129119 2.247426
v -1.549652 0.727221 2.376992
v -1.549652 0.727221 2.376992
v -1.549652 0.727221 2.376992
v -1.549652 0.727221 2.376992
v -1.549652 0.727221 2.376992
v -1.447185 0.727221 2.376992
v -1.447185 0.727221 2.376992
v -1.447185 0.727221 2.376992
v -1.447185 0.727221 2.376992
v -1.447185 0.727221 2.376992
v -1.447185 1.965065 2.492162
v -1.447185 1.965065 2.492162
v -1.447185 1.965065 2.492162
v -1.447185 1.965065 2.492162
v -1.549652 1.965065 2.492162
v -1.549652 1.965065 2.492162
v -1.549652 1.965065 2.492162
v -1.549652 1.965065 2.492162
v -1.549652 1.129119 2.247426
v -1.549652 1.129119 2.247426
v -1.549652 1.129119 2.247426
v -1.549652 1.129119 2.247426
v -1.447185 1.129119 2.247426
v -1.447185 1.129119 2.247426
v -1.447185 1.129119 2.247426
v -1.447185 1.129119 2.247426
v -1.447185 1.139007 2.796198
v -1.447185 1.139007 2.796198
v -1.447185 1.139007 2.796198
v -1.344718 1.139007 2.796198
v -1.344718 1.139007 2.796198
v -1.344718 1.139007 2.796198
v -1.344718 0.737110 2.925764
v -1.344718 0.737110 2.925764
v -1.344718 0.737110 2.925764
v -1.344718 0.737110 2.925764
v -1.447185 0.737110 2.925764
v -1.447185 0.737110 2.925764
v -1.447185 0.737110 2.925764
v -1.447185 0.737110 2.925764
v -1.447185 1.974954 3.040934
v -1.447185 1.974954 3.040934
v -1.447185 1.974954 3.040934
v -1.344718 1.974954 3.040934
v -1.344718 1.974954 3.040934
v -1.344718 1.974954 3.040934
v -1.344718 1.139007 2.796198
v -1.344718 1.139007 2.796198
v -1.344718 1.139007 2.796198
v -1.447185 1.139007 2.796198
v -1.447185 1.139007 2.796198
v -1.447185 1.139007 2.796198
v -1.549652 1.139007 2.796198
v -1.549652 1.139007 2.796198
v -1.549652 1.139007 2.796198
v -1.447185 1.139007 2.796198
v -1.447185 1.139007 2.796198
v -1.447185 1.139007 2.796198
v -1.447185 0.737110 2.925764
v -1.447185 0.737110 2.925764
v -1.447185 0.737110 2.925764
v -1.447185 0.737110 2.925764
v -1.549652 0.737110 2.925764
v -1.549652 0.737110 2.925764
v -1.549652 0.737110 2.925764
v -1.549652 0.737110 2.925764
v -1.549652 1.974954 3.040934
v -1.549652 1.974954 3.040934
v -1.549652 1.974954 3.040934
v -1.447185 1.974954 3.040934
v -1.447185 1.974954 3.040934
v -1.447185 1.974954 3.040934
v -1.447185 1.139007 2.796198
v -1.447185 1.139007 2.796198
v -1.447185 1.139007 2.796198
v -1.549652 1.139007 2.796198
v -1.549652 1.139007 2.796198
v -1.549652 1.139007 2.796198
v -1.447185 0.541581 2.171396
v -1.447185 0.541581 2.171396
v -1.447185 0.541581 2.171396
v -1.344718 0.541581 2.171396
v -1.344718 0.541581 2.171396
v -1.344718 0.541581 2.171396
v -1.549652 0.541581 2.171396
v -1.549652 0.541581 2.171396
v -1.549652 0.541581 2.171396
v -1.447185 0.541581 2.171396
v -1.447185 0.541581 2.171396
v -1.447185 0.541581 2.171396
v -1.447185 0.551470 2.720168
v -1.447185 0.551470 2.720168
v -1.447185 0.551470 2.720168
v -1.344718 0.551470 2.720168
v -1.344718 0.551470 2.720168
v -1.344718 0.551470 2.720168
v -1.549652 0.551470 2.720168
v -1.549652 0.551470 2.720168
v -1.549652 0.551470 2.720168
v -1.447185 0.551470 2.720168
v -1.447185 0.551470 2.720168
v -1.447185 0.551470 2.720168
vn -1.0000 -0.0000 -0.0000
vn 1.0000 -0.0000 -0.0000
vn -0.0000 -1.0000 -0.0000
vn -0.0000 -0.0000 1.0000
vn -0.0000 -0.0000 -1.0000
vn -0.0000 -0.6074 -0.7944
vn -0.0000 -0.6221 0.7830
vn -0.0000 -0.2810 0.9597
vn -0.0000 -0.3521 -0.9360
vn -0.0000 0.2028 -0.9792
vn -0.0000 -0.5762 0.8173
vn -0.0000 0.3068 0.9518
vn -0.0000 -0.1656 0.9862
vn -0.0000 -0.2288 0.9735
vn -0.0000 -0.4056 0.9141
vn -0.0000 -0.2024 -0.9793
vn -0.0000 -0.1607 0.9870
vn -0.0000 1.0000 -0.0000
vn 0.9996 -0.0047 0.0288
vn -0.0000 0.1607 -0.9870
vn -0.9996 -0.0047 0.0288
vn -0.0000 0.9999 0.0162
vn -0.0000 -0.9994 0.0351
vn -0.0000 0.9998 -0.0180
vn -0.0000 -0.9998 0.0180
vn -0.0000 -0.3068 -0.9518
vn -0.0000 0.2810 -0.9597
vn -0.0000 -0.7422 0.6702
vn -0.0000 0.7422 -0.6702
vn -0.0000 0.9999 -0.0144
vt 0.966568 0.765426
vt 0.966568 0.696483
vt 0.974582 0.709940
vt 0.974582 0.774397
vt 0.095791 0.681276
vt 0.128116 0.681276
vt 0.128116 0.564887
vt 0.113649 0.564887
vt 0.152889 0.765426
vt 0.152889 0.696483
vt 0.128116 0.696483
vt 0.128116 0.765426
vt 0.920139 0.696483
vt 0.743056 0.696483
vt 0.743056 0.681276
vt 0.626592 0.681276
vt 0.626592 0.696483
vt 0.068865 0.681276
vt 0.101681 0.564887
vt 0.095791 0.696483
vt 0.152889 0.681276
vt 0.068865 0.696483
vt 0.095791 0.763507
vt 0.067155 0.760005
vt 0.029758 0.696483
vt 0.029758 0.752364
vt 0.114439 0.710350
vt 0.109799 0.710350
vt 0.177663 0.681276
vt 0.377354 0.681276
vt 0.351813 0.564887
vt 0.172586 0.564887
vt 0.029758 0.681276
vt 0.108278 0.713972
vt 0.108278 0.713004
vt 0.016936 0.711804
vt 0.016936 0.703649
vt 0.016936 0.755984
vt 0.977788 0.709940
vt 0.977788 0.774397
vt 0.533503 0.681276
vt 0.533503 0.696483
vt 0.377354 0.696483
vt 0.533503 0.765426
vt 0.377354 0.765426
vt 0.101681 0.508930
vt 0.113649 0.508930
vt 0.113649 0.452974
vt 0.101681 0.452974
vt 0.128116 0.508930
vt 0.128116 0.452974
vt 0.118332 0.689902
vt 0.118332 0.683264
vt 0.150351 0.564887
vt 0.118332 0.696541
vt 0.115035 0.662020
vt 0.111737 0.640776
vt 0.138071 0.273913
vt 0.290214 0.273913
vt 0.267677 0.094852
vt 0.111321 0.094852
vt 0.119196 0.273913
vt 0.100321 0.273913
vt 0.072526 0.094852
vt 0.091924 0.094852
vt 0.365334 0.508930
vt 0.335764 0.452974
vt 0.151695 0.508930
vt 0.148755 0.452974
vt 0.175274 0.508930
vt 0.169395 0.452974
vt 0.058060 0.094852
vt 0.046092 0.094852
vt 0.050599 0.052879
vt 0.058060 0.052879
vt 0.267677 0.052879
vt 0.085854 0.273913
vt 0.073887 0.273913
vt 0.099751 0.363444
vt 0.114218 0.363444
vt 0.087784 0.363444
vt 0.305989 0.363444
vt 0.133280 0.363444
vt 0.152342 0.363444
vt 0.116683 0.672642
vt 0.072526 0.052879
vt 0.091924 0.052879
vt 0.111321 0.052879
vt 0.112272 0.635796
vt 0.077021 0.052879
vt 0.111378 0.052879
vt 0.249851 0.052879
vt 0.094200 0.052879
vt 0.558557 0.716023
vt 0.557767 0.709543
vt 0.563532 0.765426
vt 0.563532 0.696483
vt 0.563532 0.681276
vt 0.626592 0.765426
vt 0.552164 0.709543
vt 0.552955 0.716023
vt 0.519234 0.708002
vt 0.520299 0.716729
vt 0.562812 0.750882
vt 0.557210 0.750882
vt 0.177663 0.696483
vt 0.177663 0.765426
vt 0.954457 0.696483
vt 0.954457 0.765426
vt 0.920139 0.765426
vt 0.743056 0.765426
vt 0.108278 0.719213
vt 0.421683 0.566263
vt 0.434304 0.510307
vt 0.434625 0.682653
vt 0.409083 0.566263
vt 0.428775 0.652912
vt 0.377354 0.660999
vt 0.422605 0.510307
vt 0.449296 0.484460
vt 0.392025 0.483084
vt 0.343878 0.483084
vt 0.401149 0.484460
vt 0.581977 0.839224
vt 0.509803 0.834644
s 1
usemtl Material.001
f 1148/1144/651 776/1145/651 850/1146/651
f 1148/1144/651 850/1146/651 1175/1147/651
f 804/1148/652 799/1149/652 869/1150/652
f 804/1148/652 869/1150/652 874/1151/652
f 1191/1152/652 1101/1153/652 797/1154/652
f 1191/1152/652 797/1154/652 1153/1155/652
f 1363/1156/653 1141/1156/653 781/1157/653
f 1363/1156/653 781/1157/653 1313/1157/653
f 1315/1158/653 794/1158/653 791/1159/653
f 1315/1158/653 791/1159/653 1282/1159/653
f 1314/1157/654 782/1157/654 795/1158/654
f 1314/1157/654 795/1158/654 1316/1158/654
f 765/1160/652 777/1157/652 785/1158/652
f 765/1160/652 785/1158/652 788/1159/652
f 784/1157/651 772/1160/651 793/1159/651
f 784/1157/651 793/1159/651 796/1158/651
f 805/1148/651 815/1161/651 881/1162/651
f 805/1148/651 881/1162/651 878/1151/651
f 800/1149/651 798/1154/651 803/1163/651
f 800/1149/651 803/1163/651 805/1148/651
f 1101/1153/652 1117/1164/652 799/1149/652
f 1101/1153/652 799/1149/652 797/1154/652
f 1102/1164/651 1118/1153/651 798/1154/651
f 1102/1164/651 798/1154/651 800/1149/651
f 801/1163/652 804/1148/652 810/1161/652
f 801/1163/652 810/1161/652 806/1165/652
f 1153/1155/652 797/1154/652 801/1163/652
f 1153/1155/652 801/1163/652 1155/1166/652
f 797/1154/652 799/1149/652 804/1148/652
f 797/1154/652 804/1148/652 801/1163/652
f 1158/1167/652 806/1165/652 817/1168/652
f 1158/1167/652 817/1168/652 1163/1169/652
f 1283/1170/653 813/1170/653 827/1171/653
f 1283/1170/653 827/1171/653 1285/1171/653
f 805/1148/651 803/1163/651 809/1165/651
f 805/1148/651 809/1165/651 815/1161/651
f 1073/1172/652 863/1173/652 882/1174/652
f 1073/1172/652 882/1174/652 1076/1175/652
f 1156/1166/652 802/1163/652 807/1165/652
f 1156/1166/652 807/1165/652 1159/1167/652
f 806/1165/652 810/1161/652 823/1176/652
f 806/1165/652 823/1176/652 817/1168/652
f 815/1161/651 809/1165/651 822/1168/651
f 815/1161/651 822/1168/651 830/1176/651
f 1428/1177/655 833/1177/655 839/1178/655
f 1428/1177/655 839/1178/655 1430/1178/655
f 829/1176/651 820/1168/651 836/1179/651
f 829/1176/651 836/1179/651 842/1180/651
f 1286/1171/656 828/1171/656 840/1178/656
f 1286/1171/656 840/1178/656 1288/1178/656
f 1162/1169/652 816/1168/652 831/1179/652
f 1162/1169/652 831/1179/652 1166/1181/652
f 818/1168/652 824/1176/652 837/1180/652
f 818/1168/652 837/1180/652 832/1179/652
f 1372/1146/653 845/1146/653 852/1182/653
f 1372/1146/653 852/1182/653 1374/1182/653
f 1367/1145/657 770/1145/657 846/1146/657
f 1367/1145/657 846/1146/657 1373/1146/657
f 1174/1147/651 849/1146/651 856/1182/651
f 1174/1147/651 856/1182/651 1181/1183/651
f 1021/1184/651 995/1185/651 867/1186/651
f 1021/1184/651 867/1186/651 861/1173/651
f 998/1185/652 1022/1184/652 864/1173/652
f 998/1185/652 864/1173/652 858/1186/652
f 1184/1187/652 997/1185/652 857/1186/652
f 1184/1187/652 857/1186/652 1183/1188/652
f 1346/1184/653 1019/1184/653 859/1173/653
f 1346/1184/653 859/1173/653 1322/1173/653
f 904/1189/652 908/1190/652 891/1191/652
f 904/1189/652 891/1191/652 892/1192/652
f 907/1193/651 906/1190/651 895/1191/651
f 907/1193/651 895/1191/651 887/1194/651
f 1435/1195/655 905/1195/655 893/1196/655
f 1435/1195/655 893/1196/655 1433/1196/655
f 810/1161/652 804/1148/652 874/1151/652
f 810/1161/652 874/1151/652 875/1162/652
f 1323/1173/658 860/1173/658 871/1174/658
f 1323/1173/658 871/1174/658 1326/1174/658
f 1102/1164/651 800/1149/651 870/1150/651
f 1102/1164/651 870/1150/651 1103/1197/651
f 800/1149/651 805/1148/651 878/1151/651
f 800/1149/651 878/1151/651 870/1150/651
f 1425/1170/659 812/1170/659 876/1198/659
f 1425/1170/659 876/1198/659 1431/1198/659
f 1439/1199/660 942/1199/660 924/1200/660
f 1439/1199/660 924/1200/660 1437/1200/660
f 1086/1201/652 936/1202/652 929/1203/652
f 1086/1201/652 929/1203/652 1083/1204/652
f 1124/1205/651 935/1206/651 917/1207/651
f 1124/1205/651 917/1207/651 1108/1208/651
f 1333/1209/661 909/1209/661 888/1210/661
f 1333/1209/661 888/1210/661 1331/1210/661
f 906/1190/651 903/1189/651 898/1192/651
f 906/1190/651 898/1192/651 895/1191/651
f 908/1190/652 915/1193/652 885/1194/652
f 908/1190/652 885/1194/652 891/1191/652
f 1121/1211/651 907/1193/651 887/1194/651
f 1121/1211/651 887/1194/651 1105/1212/651
f 1079/1213/652 912/1209/652 899/1210/652
f 1079/1213/652 899/1210/652 1078/1214/652
f 1076/1175/652 882/1174/652 912/1209/652
f 1076/1175/652 912/1209/652 1079/1213/652
f 1103/1197/651 870/1150/651 907/1193/651
f 1103/1197/651 907/1193/651 1121/1211/651
f 874/1151/652 869/1150/652 915/1193/652
f 874/1151/652 915/1193/652 908/1190/652
f 878/1151/651 881/1162/651 903/1189/651
f 878/1151/651 903/1189/651 906/1190/651
f 1328/1174/662 872/1174/662 910/1209/662
f 1328/1174/662 910/1209/662 1334/1209/662
f 1432/1198/655 877/1198/655 905/1195/655
f 1432/1198/655 905/1195/655 1435/1195/655
f 870/1150/651 878/1151/651 906/1190/651
f 870/1150/651 906/1190/651 907/1193/651
f 875/1162/652 874/1151/652 908/1190/652
f 875/1162/652 908/1190/652 904/1189/652
f 925/1215/651 928/1216/651 976/1217/651
f 925/1215/651 976/1217/651 973/1218/651
f 1338/1203/654 919/1203/654 985/1219/654
f 1338/1203/654 985/1219/654 1344/1219/654
f 922/1216/652 921/1215/652 967/1218/652
f 922/1216/652 967/1218/652 969/1217/652
f 935/1206/651 946/1220/651 925/1215/651
f 935/1206/651 925/1215/651 917/1207/651
f 940/1221/652 947/1220/652 921/1215/652
f 940/1221/652 921/1215/652 922/1216/652
f 1340/1202/663 933/1202/663 918/1203/663
f 1340/1202/663 918/1203/663 1337/1203/663
f 946/1220/651 945/1221/651 928/1216/651
f 946/1220/651 928/1216/651 925/1215/651
f 947/1220/652 939/1206/652 916/1207/652
f 947/1220/652 916/1207/652 921/1215/652
f 962/1222/652 951/1223/652 939/1206/652
f 962/1222/652 939/1206/652 947/1220/652
f 961/1222/651 953/1224/651 945/1221/651
f 961/1222/651 945/1221/651 946/1220/651
f 1342/1225/664 949/1225/664 932/1202/664
f 1342/1225/664 932/1202/664 1339/1202/664
f 959/1224/652 962/1222/652 947/1220/652
f 959/1224/652 947/1220/652 940/1221/652
f 955/1223/651 961/1222/651 946/1220/651
f 955/1223/651 946/1220/651 935/1206/651
f 1126/1226/651 955/1223/651 935/1206/651
f 1126/1226/651 935/1206/651 1124/1205/651
f 1087/1227/652 956/1225/652 936/1202/652
f 1087/1227/652 936/1202/652 1086/1201/652
f 1440/1228/660 960/1228/660 941/1199/660
f 1440/1228/660 941/1199/660 1438/1199/660
f 1434/1196/660 894/1196/660 960/1228/660
f 1434/1196/660 960/1228/660 1440/1228/660
f 1078/1214/652 899/1210/652 956/1225/652
f 1078/1214/652 956/1225/652 1087/1227/652
f 1104/1212/651 886/1194/651 954/1223/651
f 1104/1212/651 954/1223/651 1125/1226/651
f 887/1194/651 895/1191/651 961/1222/651
f 887/1194/651 961/1222/651 955/1223/651
f 892/1192/652 891/1191/652 962/1222/652
f 892/1192/652 962/1222/652 959/1224/652
f 1332/1210/665 889/1210/665 948/1225/665
f 1332/1210/665 948/1225/665 1341/1225/665
f 895/1191/651 898/1192/651 953/1224/651
f 895/1191/651 953/1224/651 961/1222/651
f 891/1191/652 885/1194/652 951/1223/652
f 891/1191/652 951/1223/652 962/1222/652
f 1300/1229/653 981/1229/653 972/1218/653
f 1300/1229/653 972/1218/653 1301/1218/653
f 1301/1218/653 972/1218/653 974/1217/653
f 1301/1218/653 974/1217/653 1302/1217/653
f 921/1215/652 916/1207/652 979/1229/652
f 921/1215/652 979/1229/652 967/1218/652
f 1108/1208/651 917/1207/651 982/1229/651
f 1108/1208/651 982/1229/651 1114/1230/651
f 1083/1204/652 929/1203/652 987/1219/652
f 1083/1204/652 987/1219/652 1093/1231/652
f 1436/1200/666 923/1200/666 971/1232/666
f 1436/1200/666 971/1232/666 1444/1232/666
f 917/1207/651 925/1215/651 973/1218/651
f 917/1207/651 973/1218/651 982/1229/651
f 1304/1233/653 964/1233/653 981/1229/653
f 1304/1233/653 981/1229/653 1300/1229/653
f 1098/1234/653 965/1235/653 983/1219/653
f 1098/1234/653 983/1219/653 1090/1231/653
f 1131/1236/653 963/1233/653 980/1229/653
f 1131/1236/653 980/1229/653 1129/1230/653
f 1400/1235/653 977/1235/653 988/1219/653
f 1400/1235/653 988/1219/653 1398/1219/653
f 1359/1237/667 1044/1237/667 1030/1238/667
f 1359/1237/667 1030/1238/667 1357/1238/667
f 1187/1239/652 1009/1240/652 997/1185/652
f 1187/1239/652 997/1185/652 1184/1187/652
f 1010/1240/652 1026/1241/652 1022/1184/652
f 1010/1240/652 1022/1184/652 998/1185/652
f 1017/1241/651 1007/1240/651 995/1185/651
f 1017/1241/651 995/1185/651 1021/1184/651
f 792/1159/651 771/1160/651 1007/1240/651
f 792/1159/651 1007/1240/651 1017/1241/651
f 766/1160/652 789/1159/652 1026/1241/652
f 766/1160/652 1026/1241/652 1010/1240/652
f 1143/1242/652 765/1160/652 1009/1240/652
f 1143/1242/652 1009/1240/652 1187/1239/652
f 1282/1159/653 791/1159/653 1015/1241/653
f 1282/1159/653 1015/1241/653 1348/1241/653
f 999/1184/653 1011/1241/653 1015/1241/653
f 999/1184/653 1015/1241/653 1018/1184/653
s 0
f 1351/1184/668 1001/1184/668 1020/1184/668
f 1351/1184/668 1020/1184/668 1347/1184/668
s 1
f 1004/1241/653 992/1184/653 1023/1184/653
f 1004/1241/653 1023/1184/653 1027/1241/653
s 0
f 1408/1241/668 1006/1241/668 1028/1241/668
f 1408/1241/668 1028/1241/668 1404/1241/668
s 1
f 1356/1238/653 1029/1238/653 1032/1243/653
f 1356/1238/653 1032/1243/653 1354/1243/653
f 1051/1244/669 1037/1243/669 1062/1245/669
f 1051/1244/669 1062/1245/669 1065/1246/669
f 1050/1244/652 1047/1237/652 1040/1238/652
f 1050/1244/652 1040/1238/652 1036/1243/652
f 1045/1237/651 1057/1244/651 1035/1243/651
f 1045/1237/651 1035/1243/651 1031/1238/651
f 1014/1247/651 1002/1248/651 1058/1244/651
f 1014/1247/651 1058/1244/651 1046/1237/651
f 991/1248/652 1003/1247/652 1047/1237/652
f 991/1248/652 1047/1237/652 1050/1244/652
f 1405/1248/670 993/1248/670 1052/1244/670
f 1405/1248/670 1052/1244/670 1446/1244/670
f 1352/1247/667 1012/1247/667 1043/1237/667
f 1352/1247/667 1043/1237/667 1358/1237/667
f 1448/1246/670 1066/1246/670 1064/1245/670
f 1448/1246/670 1064/1245/670 1418/1245/670
f 1034/1243/671 1056/1244/671 1070/1246/671
f 1034/1243/671 1070/1246/671 1061/1245/671
f 1447/1244/672 1053/1244/672 1067/1246/672
f 1447/1244/672 1067/1246/672 1449/1246/672
f 1355/1243/673 1033/1243/673 1059/1245/673
f 1355/1243/673 1059/1245/673 1360/1245/673
f 978/1235/653 1099/1234/653 1095/1231/653
f 978/1235/653 1095/1231/653 990/1219/653
f 1115/1236/653 1097/1234/653 1089/1231/653
f 1115/1236/653 1089/1231/653 1111/1230/653
f 1123/1208/652 1084/1204/652 1094/1231/652
f 1123/1208/652 1094/1231/652 1128/1230/652
f 920/1203/651 1082/1204/651 1092/1231/651
f 920/1203/651 1092/1231/651 986/1219/651
f 890/1210/651 1077/1214/651 1088/1227/651
f 890/1210/651 1088/1227/651 950/1225/651
f 1120/1212/652 1078/1214/652 1087/1227/652
f 1120/1212/652 1087/1227/652 1110/1226/652
f 1110/1226/652 1087/1227/652 1086/1201/652
f 1110/1226/652 1086/1201/652 1109/1205/652
f 950/1225/651 1088/1227/651 1085/1201/651
f 950/1225/651 1085/1201/651 934/1202/651
f 873/1174/651 1075/1175/651 1080/1213/651
f 873/1174/651 1080/1213/651 911/1209/651
f 1119/1197/652 1076/1175/652 1079/1213/652
f 1119/1197/652 1079/1213/652 1106/1211/652
f 1106/1211/652 1079/1213/652 1078/1214/652
f 1106/1211/652 1078/1214/652 1120/1212/652
f 911/1209/651 1080/1213/651 1077/1214/651
f 911/1209/651 1077/1214/651 890/1210/651
f 934/1202/651 1085/1201/651 1082/1204/651
f 934/1202/651 1082/1204/651 920/1203/651
f 1109/1205/652 1086/1201/652 1083/1204/652
f 1109/1205/652 1083/1204/652 1122/1208/652
f 862/1173/651 1072/1172/651 1075/1175/651
f 862/1173/651 1075/1175/651 873/1174/651
f 1117/1164/652 1073/1172/652 1076/1175/652
f 1117/1164/652 1076/1175/652 1119/1197/652
f 862/1173/651 868/1186/651 1074/1249/651
f 862/1173/651 1074/1249/651 1072/1172/651
f 857/1186/652 863/1173/652 1073/1172/652
f 857/1186/652 1073/1172/652 1071/1249/652
f 1183/1188/652 857/1186/652 1071/1249/652
f 1183/1188/652 1071/1249/652 1189/1250/652
f 799/1149/652 1117/1164/652 1119/1197/652
f 799/1149/652 1119/1197/652 869/1150/652
f 939/1206/652 1109/1205/652 1122/1208/652
f 939/1206/652 1122/1208/652 916/1207/652
f 915/1193/652 1106/1211/652 1120/1212/652
f 915/1193/652 1120/1212/652 885/1194/652
f 869/1150/652 1119/1197/652 1106/1211/652
f 869/1150/652 1106/1211/652 915/1193/652
f 951/1223/652 1110/1226/652 1109/1205/652
f 951/1223/652 1109/1205/652 939/1206/652
f 885/1194/652 1120/1212/652 1110/1226/652
f 885/1194/652 1110/1226/652 951/1223/652
f 916/1207/652 1122/1208/652 1127/1230/652
f 916/1207/652 1127/1230/652 979/1229/652
f 964/1233/653 1116/1236/653 1112/1230/653
f 964/1233/653 1112/1230/653 981/1229/653
f 1100/1234/653 1132/1236/653 1130/1230/653
f 1100/1234/653 1130/1230/653 1096/1231/653
f 1081/1204/651 1107/1208/651 1113/1230/651
f 1081/1204/651 1113/1230/651 1091/1231/651
f 1077/1214/651 1105/1212/651 1126/1226/651
f 1077/1214/651 1126/1226/651 1088/1227/651
f 1088/1227/651 1126/1226/651 1124/1205/651
f 1088/1227/651 1124/1205/651 1085/1201/651
f 1075/1175/651 1103/1197/651 1121/1211/651
f 1075/1175/651 1121/1211/651 1080/1213/651
f 1080/1213/651 1121/1211/651 1105/1212/651
f 1080/1213/651 1105/1212/651 1077/1214/651
f 1085/1201/651 1124/1205/651 1108/1208/651
f 1085/1201/651 1108/1208/651 1082/1204/651
f 1072/1172/651 1102/1164/651 1103/1197/651
f 1072/1172/651 1103/1197/651 1075/1175/651
f 1072/1172/651 1074/1249/651 1118/1153/651
f 1072/1172/651 1118/1153/651 1102/1164/651
f 1071/1249/652 1073/1172/652 1117/1164/652
f 1071/1249/652 1117/1164/652 1101/1153/652
f 1189/1250/652 1071/1249/652 1101/1153/652
f 1189/1250/652 1101/1153/652 1191/1152/652
f 1311/1145/653 773/1145/653 1133/1251/653
f 1311/1145/653 1133/1251/653 1362/1251/653
f 1362/1251/653 1133/1251/653 1141/1156/653
f 1362/1251/653 1141/1156/653 1363/1156/653
f 1134/1251/651 1192/1252/651 1197/1253/651
f 1134/1251/651 1197/1253/651 1142/1156/651
f 778/1157/652 1152/1254/652 1196/1253/652
f 778/1157/652 1196/1253/652 1139/1156/652
f 1139/1156/652 1196/1253/652 1195/1252/652
f 1139/1156/652 1195/1252/652 1137/1251/652
f 775/1145/651 1147/1144/651 1193/1252/651
f 775/1145/651 1193/1252/651 1135/1251/651
f 1074/1249/651 1188/1250/651 1190/1152/651
f 1074/1249/651 1190/1152/651 1118/1153/651
f 868/1186/651 1182/1188/651 1188/1250/651
f 868/1186/651 1188/1250/651 1074/1249/651
f 772/1160/651 1150/1242/651 1186/1239/651
f 772/1160/651 1186/1239/651 1008/1240/651
f 1008/1240/651 1186/1239/651 1185/1187/651
f 1008/1240/651 1185/1187/651 996/1185/651
f 996/1185/651 1185/1187/651 1182/1188/651
f 996/1185/651 1182/1188/651 868/1186/651
f 843/1146/652 1172/1147/652 1176/1183/652
f 843/1146/652 1176/1183/652 851/1182/652
f 1320/1182/654 1309/1183/654 1179/1183/654
f 1320/1182/654 1179/1183/654 855/1182/654
f 768/1145/652 1146/1144/652 1173/1147/652
f 768/1145/652 1173/1147/652 844/1146/652
f 1428/1177/655 1421/1255/655 1167/1255/655
f 1428/1177/655 1167/1255/655 833/1177/655
f 808/1165/651 1160/1167/651 1165/1169/651
f 808/1165/651 1165/1169/651 821/1168/651
f 819/1168/651 1164/1169/651 1171/1181/651
f 819/1168/651 1171/1181/651 835/1179/651
f 803/1163/651 1157/1166/651 1161/1167/651
f 803/1163/651 1161/1167/651 809/1165/651
f 798/1154/651 1154/1155/651 1157/1166/651
f 798/1154/651 1157/1166/651 803/1163/651
f 1118/1153/651 1190/1152/651 1154/1155/651
f 1118/1153/651 1154/1155/651 798/1154/651
f 766/1160/652 1144/1242/652 1152/1254/652
f 766/1160/652 1152/1254/652 778/1157/652
f 1142/1156/651 1197/1253/651 1151/1254/651
f 1142/1156/651 1151/1254/651 783/1157/651
f 783/1157/651 1151/1254/651 1149/1242/651
f 783/1157/651 1149/1242/651 771/1160/651
f 1136/1251/652 1194/1252/652 1145/1144/652
f 1136/1251/652 1145/1144/652 767/1145/652
f 1287/1177/655 1364/1255/655 1280/1255/655
f 1287/1177/655 1280/1255/655 1209/1177/655
f 1375/1182/654 1450/1183/654 1278/1183/654
f 1375/1182/654 1278/1183/654 1215/1182/654
f 1419/1251/653 1276/1251/653 1277/1156/653
f 1419/1251/653 1277/1156/653 1420/1156/653
f 1366/1145/653 1198/1145/653 1276/1251/653
f 1366/1145/653 1276/1251/653 1419/1251/653
f 1411/1243/673 1265/1243/673 1272/1245/673
f 1411/1243/673 1272/1245/673 1417/1245/673
f 1306/1244/672 1269/1244/672 1275/1246/672
f 1306/1244/672 1275/1246/672 1308/1246/672
f 1307/1246/670 1274/1246/670 1273/1245/670
f 1307/1246/670 1273/1245/670 1361/1245/670
f 1407/1247/667 1262/1247/667 1270/1237/667
f 1407/1247/667 1270/1237/667 1414/1237/667
f 1350/1248/670 1260/1248/670 1268/1244/670
f 1350/1248/670 1268/1244/670 1305/1244/670
f 1412/1238/653 1266/1238/653 1264/1243/653
f 1412/1238/653 1264/1243/653 1409/1243/653
s 0
f 1353/1241/668 1263/1241/654 1259/1241/668
f 1353/1241/668 1259/1241/668 1349/1241/668
f 1406/1184/668 1261/1184/654 1257/1184/668
f 1406/1184/668 1257/1184/668 1402/1184/668
s 1
f 1423/1159/653 1202/1159/653 1258/1241/653
f 1423/1159/653 1258/1241/653 1403/1241/653
f 1415/1237/667 1271/1237/667 1267/1238/667
f 1415/1237/667 1267/1238/667 1413/1238/667
f 1345/1235/653 1255/1235/653 1252/1219/653
f 1345/1235/653 1252/1219/653 1343/1219/653
f 1445/1233/653 1254/1233/653 1248/1229/653
f 1445/1233/653 1248/1229/653 1441/1229/653
f 1295/1200/666 1237/1200/666 1251/1232/666
f 1295/1200/666 1251/1232/666 1303/1232/666
f 1442/1218/653 1249/1218/653 1250/1217/653
f 1442/1218/653 1250/1217/653 1443/1217/653
f 1441/1229/653 1248/1229/653 1249/1218/653
f 1441/1229/653 1249/1218/653 1442/1218/653
f 1387/1210/665 1231/1210/665 1246/1225/665
f 1387/1210/665 1246/1225/665 1396/1225/665
f 1293/1196/660 1229/1196/660 1245/1228/660
f 1293/1196/660 1245/1228/660 1299/1228/660
f 1299/1228/660 1245/1228/660 1243/1199/660
f 1299/1228/660 1243/1199/660 1297/1199/660
f 1397/1225/664 1247/1225/664 1241/1202/664
f 1397/1225/664 1241/1202/664 1394/1202/664
f 1395/1202/663 1242/1202/663 1239/1203/663
f 1395/1202/663 1239/1203/663 1392/1203/663
f 1393/1203/654 1240/1203/654 1253/1219/654
f 1393/1203/654 1253/1219/654 1399/1219/654
f 1291/1198/655 1221/1198/655 1236/1195/655
f 1291/1198/655 1236/1195/655 1294/1195/655
f 1466/1209/652 1452/1174/652 1523/1256/652
f 1466/1209/652 1523/1256/652 1527/1257/652
f 1388/1209/661 1232/1209/661 1230/1210/661
f 1388/1209/661 1230/1210/661 1386/1210/661
f 1298/1199/660 1244/1199/660 1238/1200/660
f 1298/1199/660 1238/1200/660 1296/1200/660
f 1284/1170/659 1206/1170/659 1220/1198/659
f 1284/1170/659 1220/1198/659 1290/1198/659
f 1473/1173/674 1476/1173/674 1535/1258/674
f 1473/1173/674 1535/1258/674 1539/1258/674
f 1294/1195/655 1236/1195/655 1228/1196/655
f 1294/1195/655 1228/1196/655 1292/1196/655
f 1401/1184/653 1256/1184/653 1217/1173/653
f 1401/1184/653 1217/1173/653 1377/1173/653
f 1312/1145/657 1199/1145/657 1213/1146/657
f 1312/1145/657 1213/1146/657 1318/1146/657
f 1317/1146/653 1212/1146/653 1214/1182/653
f 1317/1146/653 1214/1182/653 1319/1182/653
f 1427/1171/656 1208/1171/656 1210/1178/656
f 1427/1171/656 1210/1178/656 1429/1178/656
f 1287/1177/655 1209/1177/655 1211/1178/655
f 1287/1177/655 1211/1178/655 1289/1178/655
f 1424/1170/653 1205/1170/653 1207/1171/653
f 1424/1170/653 1207/1171/653 1426/1171/653
f 1369/1157/654 1201/1157/654 1204/1158/654
f 1369/1157/654 1204/1158/654 1371/1158/654
f 1370/1158/653 1203/1158/653 1202/1159/653
f 1370/1158/653 1202/1159/653 1423/1159/653
f 1420/1156/653 1277/1156/653 1200/1157/653
f 1420/1156/653 1200/1157/653 1368/1157/653
f 834/1177/655 1287/1177/655 1289/1178/655
f 834/1177/655 1289/1178/655 841/1178/655
f 847/1146/653 1317/1146/653 1319/1182/653
f 847/1146/653 1319/1182/653 854/1182/653
f 774/1145/657 1312/1145/657 1318/1146/657
f 774/1145/657 1318/1146/657 848/1146/657
f 902/1195/655 1294/1195/655 1292/1196/655
f 902/1195/655 1292/1196/655 896/1196/655
f 814/1170/659 1284/1170/659 1290/1198/659
f 814/1170/659 1290/1198/659 879/1198/659
f 944/1199/660 1298/1199/660 1296/1200/660
f 944/1199/660 1296/1200/660 927/1200/660
f 880/1198/655 1291/1198/655 1294/1195/655
f 880/1198/655 1294/1195/655 902/1195/655
f 952/1228/660 1299/1228/660 1297/1199/660
f 952/1228/660 1297/1199/660 943/1199/660
f 897/1196/660 1293/1196/660 1299/1228/660
f 897/1196/660 1299/1228/660 952/1228/660
f 926/1200/666 1295/1200/666 1303/1232/666
f 926/1200/666 1303/1232/666 975/1232/666
f 966/1235/653 1345/1235/653 1343/1219/653
f 966/1235/653 1343/1219/653 984/1219/653
s 0
f 1013/1241/668 1353/1241/668 1349/1241/668
f 1013/1241/668 1349/1241/668 1016/1241/668
s 1
f 1000/1248/670 1350/1248/670 1305/1244/670
f 1000/1248/670 1305/1244/670 1054/1244/670
f 1068/1246/670 1307/1246/670 1361/1245/670
f 1068/1246/670 1361/1245/670 1060/1245/670
f 1055/1244/672 1306/1244/672 1308/1246/672
f 1055/1244/672 1308/1246/672 1069/1246/672
f 834/1177/655 1169/1255/655 1364/1255/655
f 834/1177/655 1364/1255/655 1287/1177/655
f 1215/1182/654 1278/1183/654 1309/1183/654
f 1215/1182/654 1309/1183/654 1320/1182/654
f 1276/1251/653 1362/1251/653 1363/1156/653
f 1276/1251/653 1363/1156/653 1277/1156/653
f 1198/1145/653 1311/1145/653 1362/1251/653
f 1198/1145/653 1362/1251/653 1276/1251/653
f 1265/1243/673 1355/1243/673 1360/1245/673
f 1265/1243/673 1360/1245/673 1272/1245/673
f 1262/1247/667 1352/1247/667 1358/1237/667
f 1262/1247/667 1358/1237/667 1270/1237/667
f 1266/1238/653 1356/1238/653 1354/1243/653
f 1266/1238/653 1354/1243/653 1264/1243/653
s 0
f 1261/1184/668 1351/1184/668 1347/1184/668
f 1261/1184/668 1347/1184/668 1257/1184/654
s 1
f 1202/1159/653 1282/1159/653 1348/1241/653
f 1202/1159/653 1348/1241/653 1258/1241/653
f 1271/1237/667 1359/1237/667 1357/1238/667
f 1271/1237/667 1357/1238/667 1267/1238/667
f 1254/1233/653 1304/1233/653 1300/1229/653
f 1254/1233/653 1300/1229/653 1248/1229/653
f 1249/1218/653 1301/1218/653 1302/1217/653
f 1249/1218/653 1302/1217/653 1250/1217/653
f 1248/1229/653 1300/1229/653 1301/1218/653
f 1248/1229/653 1301/1218/653 1249/1218/653
f 1231/1210/665 1332/1210/665 1341/1225/665
f 1231/1210/665 1341/1225/665 1246/1225/665
f 1247/1225/664 1342/1225/664 1339/1202/664
f 1247/1225/664 1339/1202/664 1241/1202/664
f 1242/1202/663 1340/1202/663 1337/1203/663
f 1242/1202/663 1337/1203/663 1239/1203/663
f 1240/1203/654 1338/1203/654 1344/1219/654
f 1240/1203/654 1344/1219/654 1253/1219/654
f 1455/1174/674 1458/1174/674 1521/1259/674
f 1455/1174/674 1521/1259/674 1525/1259/674
f 1232/1209/661 1333/1209/661 1331/1210/661
f 1232/1209/661 1331/1210/661 1230/1210/661
f 1512/1174/675 1517/1174/675 1567/1259/675
f 1512/1174/675 1567/1259/675 1569/1259/675
f 1256/1184/653 1346/1184/653 1322/1173/653
f 1256/1184/653 1322/1173/653 1217/1173/653
f 1208/1171/656 1286/1171/656 1288/1178/656
f 1208/1171/656 1288/1178/656 1210/1178/656
f 1205/1170/653 1283/1170/653 1285/1171/653
f 1205/1170/653 1285/1171/653 1207/1171/653
f 1201/1157/654 1314/1157/654 1316/1158/654
f 1201/1157/654 1316/1158/654 1204/1158/654
f 1203/1158/653 1315/1158/653 1282/1159/653
f 1203/1158/653 1282/1159/653 1202/1159/653
f 1277/1156/653 1363/1156/653 1313/1157/653
f 1277/1156/653 1313/1157/653 1200/1157/653
f 1140/1156/653 1420/1156/653 1368/1157/653
f 1140/1156/653 1368/1157/653 779/1157/653
f 786/1158/653 1370/1158/653 1423/1159/653
f 786/1158/653 1423/1159/653 790/1159/653
f 780/1157/654 1369/1157/654 1371/1158/654
f 780/1157/654 1371/1158/654 787/1158/654
f 811/1170/653 1424/1170/653 1426/1171/653
f 811/1170/653 1426/1171/653 825/1171/653
f 826/1171/656 1427/1171/656 1429/1178/656
f 826/1171/656 1429/1178/656 838/1178/656
f 1024/1184/653 1401/1184/653 1377/1173/653
f 1024/1184/653 1377/1173/653 865/1173/653
f 866/1173/658 1378/1173/658 1381/1174/658
f 866/1173/658 1381/1174/658 883/1174/658
f 913/1209/661 1388/1209/661 1386/1210/661
f 913/1209/661 1386/1210/661 900/1210/661
f 884/1174/662 1383/1174/662 1389/1209/662
f 884/1174/662 1389/1209/662 914/1209/662
f 931/1203/654 1393/1203/654 1399/1219/654
f 931/1203/654 1399/1219/654 989/1219/654
f 938/1202/663 1395/1202/663 1392/1203/663
f 938/1202/663 1392/1203/663 930/1203/663
f 958/1225/664 1397/1225/664 1394/1202/664
f 958/1225/664 1394/1202/664 937/1202/664
f 901/1210/665 1387/1210/665 1396/1225/665
f 901/1210/665 1396/1225/665 957/1225/665
f 980/1229/653 1441/1229/653 1442/1218/653
f 980/1229/653 1442/1218/653 968/1218/653
f 968/1218/653 1442/1218/653 1443/1217/653
f 968/1218/653 1443/1217/653 970/1217/653
f 963/1233/653 1445/1233/653 1441/1229/653
f 963/1233/653 1441/1229/653 980/1229/653
f 1049/1237/667 1415/1237/667 1413/1238/667
f 1049/1237/667 1413/1238/667 1042/1238/667
f 790/1159/653 1423/1159/653 1403/1241/653
f 790/1159/653 1403/1241/653 1027/1241/653
s 0
f 994/1184/668 1406/1184/668 1402/1184/668
f 994/1184/668 1402/1184/668 1025/1184/668
s 1
f 1041/1238/653 1412/1238/653 1409/1243/653
f 1041/1238/653 1409/1243/653 1038/1243/653
f 1005/1247/667 1407/1247/667 1414/1237/667
f 1005/1247/667 1414/1237/667 1048/1237/667
f 1039/1243/673 1410/1243/673 1416/1245/673
f 1039/1243/673 1416/1245/673 1063/1245/673
f 769/1145/653 1366/1145/653 1419/1251/653
f 769/1145/653 1419/1251/653 1138/1251/653
f 1138/1251/653 1419/1251/653 1420/1156/653
f 1138/1251/653 1420/1156/653 1140/1156/653
f 853/1182/654 1177/1183/654 1450/1183/654
f 853/1182/654 1450/1183/654 1375/1182/654
f 1209/1177/655 1280/1255/655 1421/1255/655
f 1209/1177/655 1421/1255/655 1428/1177/655
f 1269/1244/672 1447/1244/672 1449/1246/672
f 1269/1244/672 1449/1246/672 1275/1246/672
f 1274/1246/670 1448/1246/670 1418/1245/670
f 1274/1246/670 1418/1245/670 1273/1245/670
f 1260/1248/670 1405/1248/670 1446/1244/670
f 1260/1248/670 1446/1244/670 1268/1244/670
s 0
f 1263/1241/668 1408/1241/668 1404/1241/668
f 1263/1241/668 1404/1241/668 1259/1241/654
s 1
f 1255/1235/653 1400/1235/653 1398/1219/653
f 1255/1235/653 1398/1219/653 1252/1219/653
f 1237/1200/666 1436/1200/666 1444/1232/666
f 1237/1200/666 1444/1232/666 1251/1232/666
f 1229/1196/660 1434/1196/660 1440/1228/660
f 1229/1196/660 1440/1228/660 1245/1228/660
f 1245/1228/660 1440/1228/660 1438/1199/660
f 1245/1228/660 1438/1199/660 1243/1199/660
f 1221/1198/655 1432/1198/655 1435/1195/655
f 1221/1198/655 1435/1195/655 1236/1195/655
f 1244/1199/660 1439/1199/660 1437/1200/660
f 1244/1199/660 1437/1200/660 1238/1200/660
f 1206/1170/659 1425/1170/659 1431/1198/659
f 1206/1170/659 1431/1198/659 1220/1198/659
f 1236/1195/655 1435/1195/655 1433/1196/655
f 1236/1195/655 1433/1196/655 1228/1196/655
f 1199/1145/657 1367/1145/657 1373/1146/657
f 1199/1145/657 1373/1146/657 1213/1146/657
f 1212/1146/653 1372/1146/653 1374/1182/653
f 1212/1146/653 1374/1182/653 1214/1182/653
f 1209/1177/655 1428/1177/655 1430/1178/655
f 1209/1177/655 1430/1178/655 1211/1178/655
s 0
f 1380/1174/653 1222/1174/653 1456/1174/653
f 1380/1174/653 1456/1174/653 1453/1174/653
s 1
f 1226/1174/662 1234/1209/662 1460/1209/662
f 1226/1174/662 1460/1209/662 1457/1174/662
s 0
f 1235/1209/668 1391/1209/668 1469/1209/668
f 1235/1209/668 1469/1209/668 1462/1209/668
s 1
f 1390/1209/662 1384/1174/662 1454/1174/662
f 1390/1209/662 1454/1174/662 1467/1209/662
s 0
f 1376/1173/653 1216/1173/653 1474/1173/653
f 1376/1173/653 1474/1173/653 1471/1173/653
s 1
f 1218/1173/658 1224/1174/658 1479/1174/658
f 1218/1173/658 1479/1174/658 1475/1173/658
s 0
f 1227/1174/668 1385/1174/668 1485/1174/668
f 1227/1174/668 1485/1174/668 1480/1174/668
s 1
f 1382/1174/658 1379/1173/658 1472/1173/658
f 1382/1174/658 1472/1173/658 1484/1174/658
s 0
f 1222/1174/653 1325/1174/653 1490/1174/653
f 1222/1174/653 1490/1174/653 1487/1174/653
s 1
f 1329/1174/662 1335/1209/662 1494/1209/662
f 1329/1174/662 1494/1209/662 1491/1174/662
s 0
f 1336/1209/668 1235/1209/668 1503/1209/668
f 1336/1209/668 1503/1209/668 1496/1209/668
s 1
f 1233/1209/676 1223/1174/676 1488/1174/676
f 1233/1209/676 1488/1174/676 1501/1209/676
s 0
f 1216/1173/653 1321/1173/653 1508/1173/653
f 1216/1173/653 1508/1173/653 1505/1173/653
s 1
f 1324/1173/658 1327/1174/658 1513/1174/658
f 1324/1173/658 1513/1174/658 1509/1173/658
s 0
f 1330/1174/668 1227/1174/668 1519/1174/668
f 1330/1174/668 1519/1174/668 1514/1174/668
s 1
f 1225/1174/677 1219/1173/677 1506/1173/677
f 1225/1174/677 1506/1173/677 1518/1174/677
f 1524/1256/662 1520/1256/662 1531/1257/662
f 1524/1256/662 1531/1257/662 1529/1257/662
f 1538/1260/658 1534/1260/658 1544/1256/658
f 1538/1260/658 1544/1256/658 1542/1256/658
f 1550/1256/662 1546/1256/662 1557/1257/662
f 1550/1256/662 1557/1257/662 1555/1257/662
f 1564/1260/658 1560/1260/658 1570/1256/658
f 1564/1260/658 1570/1256/658 1568/1256/658
f 1489/1174/674 1492/1174/674 1547/1259/674
f 1489/1174/674 1547/1259/674 1551/1259/674
f 1482/1174/652 1470/1261/652 1537/1260/652
f 1482/1174/652 1537/1260/652 1540/1256/652
f 1507/1173/674 1510/1173/674 1561/1258/674
f 1507/1173/674 1561/1258/674 1565/1258/674
f 1459/1174/651 1463/1209/651 1532/1262/651
f 1459/1174/651 1532/1262/651 1522/1259/651
f 1500/1209/652 1486/1174/652 1549/1259/652
f 1500/1209/652 1549/1259/652 1553/1262/652
f 1477/1173/651 1481/1174/651 1545/1259/651
f 1477/1173/651 1545/1259/651 1536/1258/651
f 1516/1174/652 1504/1173/652 1563/1258/652
f 1516/1174/652 1563/1258/652 1566/1259/652
f 1554/1257/678 1556/1257/678 1591/1263/678
f 1554/1257/678 1591/1263/678 1595/1263/678
f 1493/1174/651 1498/1209/651 1559/1257/651
f 1493/1174/651 1559/1257/651 1548/1256/651
f 1478/1174/675 1483/1174/675 1541/1259/675
f 1478/1174/675 1541/1259/675 1543/1259/675
f 1511/1261/651 1515/1174/651 1571/1256/651
f 1511/1261/651 1571/1256/651 1562/1260/651
f 1465/1209/652 1526/1257/652 1587/1263/652
f 1465/1209/652 1587/1263/652 1575/1264/652
f 1572/1265/675 1576/1265/675 1588/1266/675
f 1572/1265/675 1588/1266/675 1584/1266/675
f 1578/1265/675 1582/1265/675 1594/1266/675
f 1578/1265/675 1594/1266/675 1590/1266/675
f 1558/1257/651 1497/1209/651 1580/1264/651
f 1558/1257/651 1580/1264/651 1592/1263/651
f 1495/1209/679 1502/1209/679 1583/1265/679
f 1495/1209/679 1583/1265/679 1579/1265/679
f 1499/1209/652 1552/1262/652 1593/1266/652
f 1499/1209/652 1593/1266/652 1581/1265/652
f 1528/1257/678 1530/1257/678 1585/1263/678
f 1528/1257/678 1585/1263/678 1589/1263/678
f 1533/1262/651 1464/1209/651 1574/1265/651
f 1533/1262/651 1574/1265/651 1586/1266/651
f 1461/1209/679 1468/1209/679 1577/1265/679
f 1461/1209/679 1577/1265/679 1573/1265/679
f 1451/1267/680 1178/1267/680 1168/1268/680
f 1451/1267/680 1168/1268/680 1422/1268/680
f 1422/1268/680 1281/1268/680 1279/1267/680
f 1422/1268/680 1279/1267/680 1451/1267/680
f 1310/1267/680 1279/1267/680 1281/1268/680
f 1310/1267/680 1281/1268/680 1365/1268/680
f 1365/1268/680 1170/1268/680 1180/1267/680
f 1365/1268/680 1180/1267/680 1310/1267/680
o mag
v -0.975999 -2.455806 -0.385648
v -0.975999 -2.455806 -0.385648
v -0.975999 -2.455806 -0.385648
v -1.918371 -2.455806 -0.385648
v -1.918371 -2.455806 -0.385648
v -1.918371 -2.455806 -0.385648
v -1.918371 -2.455806 1.270425
v -1.918371 -2.455806 1.270425
v -1.918371 -2.455806 1.270425
v -0.975999 -2.455806 1.270425
v -0.975999 -2.455806 1.270425
v -0.975999 -2.455806 1.270425
v -0.975999 -2.680869 -0.385648
v -0.975999 -2.680869 -0.385648
v -0.975999 -2.680869 -0.385648
v -1.918371 -2.680869 -0.385648
v -1.918371 -2.680869 -0.385648
v -1.918371 -2.680869 -0.385648
v -1.918371 -2.680869 1.342406
v -1.918371 -2.680869 1.342406
v -1.918371 -2.680869 1.342406
v -0.975999 -2.680869 1.342406
v -0.975999 -2.680869 1.342406
v -0.975999 -2.680869 1.342406
v -1.918371 -2.455806 -0.056429
v -0.975999 -2.455806 -0.056429
v -1.918371 -2.680869 -0.042119
v -1.918371 -2.680869 -0.042119
v -0.975999 -2.680869 -0.042119
v -0.975999 -2.680869 -0.042119
v -1.918371 -2.455806 -0.221039
v -1.918371 -2.680869 -0.213884
v -1.918371 -2.680869 -0.213884
v -0.975999 -2.455806 -0.221039
v -0.975999 -2.680869 -0.213884
v -0.975999 -2.680869 -0.213884
v -1.447185 -2.455806 -0.385648
v -1.447185 -2.455806 1.270425
v -1.447185 -2.680869 -0.385648
v -1.447185 -2.680869 -0.385648
v -1.447185 -2.680869 1.342406
v -1.447185 -2.680869 1.342406
v -1.447185 -2.680869 -0.042119
v -1.447185 -2.680869 -0.213884
v -1.682778 -2.455806 -0.385648
v -1.682778 -2.680869 -0.385648
v -1.682778 -2.680869 -0.385648
v -1.682778 -2.455806 1.270425
v -1.682778 -2.680869 1.342406
v -1.682778 -2.680869 1.342406
v -1.682778 -2.680869 -0.042119
v -1.682778 -2.680869 -0.213884
v -1.211592 -2.455806 1.270425
v -1.211592 -2.680869 1.342406
v -1.211592 -2.680869 1.342406
v -1.211592 -2.680869 -0.042119
v -1.211592 -2.680869 -0.213884
v -1.211592 -2.455806 -0.385648
v -1.211592 -2.680869 -0.385648
v -1.211592 -2.680869 -0.385648
v -1.918371 2.594932 0.421119
v -1.918371 2.594932 0.421119
v -1.918371 2.594932 0.256510
v -1.918371 2.594932 0.256510
v -1.918371 2.594932 0.256510
v -0.975999 2.594932 0.585728
v -0.975999 2.594932 0.585728
v -0.975999 2.594932 1.912582
v -0.975999 2.594932 1.912582
v -0.975999 2.594932 1.912582
v -1.918370 2.594932 1.912582
v -1.918370 2.594932 1.912582
v -1.918370 2.594932 1.912582
v -1.918371 2.594932 0.585729
v -1.918371 2.594932 0.585729
v -0.975999 2.594932 0.421119
v -0.975999 2.594932 0.421119
v -0.975999 2.594932 0.256509
v -0.975999 2.594932 0.256509
v -0.975999 2.594932 0.256509
vn 1.0000 -0.0000 -0.0000
vn -0.0000 -1.0000 -0.0000
vn -0.0000 -0.0000 -1.0000
vn -0.0000 0.3046 0.9525
vn -1.0000 -0.0000 -0.0000
vn -0.0000 -0.1261 0.9920
vn -0.0000 1.0000 -0.0000
vn -0.0000 0.1261 -0.9920
vt 0.088018 0.129259
vt 0.125574 0.129259
vt 0.127611 0.121662
vt 0.088423 0.121662
vt 0.083561 0.121662
vt 0.078699 0.121662
vt 0.078699 0.129259
vt 0.083358 0.129259
vt 0.143750 0.299747
vt 0.106194 0.299747
vt 0.101535 0.299747
vt 0.096875 0.299747
s 1
usemtl Material.001
f 1621/1269/681 1605/1270/681 1617/1271/681
f 1621/1269/681 1617/1271/681 1624/1272/681
f 1647/1273/682 1627/1273/682 1611/1274/682
f 1647/1273/682 1611/1274/682 1641/1274/682
f 1653/1275/683 1597/1275/683 1610/1274/683
f 1653/1275/683 1610/1274/683 1655/1274/683
f 1643/1270/684 1603/1270/684 1615/1271/684
f 1643/1270/684 1615/1271/684 1645/1271/684
f 1626/1276/685 1601/1275/685 1613/1274/685
f 1626/1276/685 1613/1274/685 1628/1273/685
f 1604/1270/685 1620/1269/685 1623/1272/685
f 1604/1270/685 1623/1272/685 1616/1271/685
f 1644/1271/682 1614/1271/682 1622/1272/682
f 1644/1271/682 1622/1272/682 1646/1272/682
f 1629/1276/681 1621/1269/681 1624/1272/681
f 1629/1276/681 1624/1272/681 1630/1273/681
f 1596/1275/681 1629/1276/681 1630/1273/681
f 1596/1275/681 1630/1273/681 1608/1274/681
f 1620/1269/685 1626/1276/685 1628/1273/685
f 1620/1269/685 1628/1273/685 1623/1272/685
f 1646/1272/682 1622/1272/682 1627/1273/682
f 1646/1272/682 1627/1273/682 1647/1273/682
f 1651/1272/682 1638/1272/682 1639/1273/682
f 1651/1272/682 1639/1273/682 1652/1273/682
f 1649/1271/682 1636/1271/682 1638/1272/682
f 1649/1271/682 1638/1272/682 1651/1272/682
f 1648/1270/684 1633/1270/684 1637/1271/684
f 1648/1270/684 1637/1271/684 1650/1271/684
f 1640/1275/683 1632/1275/683 1635/1274/683
f 1640/1275/683 1635/1274/683 1642/1274/683
f 1652/1273/682 1639/1273/682 1634/1274/682
f 1652/1273/682 1634/1274/682 1654/1274/682
f 1599/1275/683 1640/1275/683 1642/1274/683
f 1599/1275/683 1642/1274/683 1612/1274/683
f 1638/1272/682 1646/1272/682 1647/1273/682
f 1638/1272/682 1647/1273/682 1639/1273/682
f 1636/1271/682 1644/1271/682 1646/1272/682
f 1636/1271/682 1646/1272/682 1638/1272/682
f 1633/1270/684 1643/1270/684 1645/1271/684
f 1633/1270/684 1645/1271/684 1637/1271/684
f 1639/1273/682 1647/1273/682 1641/1274/682
f 1639/1273/682 1641/1274/682 1634/1274/682
f 1631/1273/682 1652/1273/682 1654/1274/682
f 1631/1273/682 1654/1274/682 1609/1274/682
f 1607/1270/684 1648/1270/684 1650/1271/684
f 1607/1270/684 1650/1271/684 1619/1271/684
f 1618/1271/682 1649/1271/682 1651/1272/682
f 1618/1271/682 1651/1272/682 1625/1272/682
f 1625/1272/682 1651/1272/682 1652/1273/682
f 1625/1272/682 1652/1273/682 1631/1273/682
f 1632/1275/683 1653/1275/683 1655/1274/683
f 1632/1275/683 1655/1274/683 1635/1274/683
f 1620/1269/685 1604/1270/685 1668/1277/685
f 1620/1269/685 1668/1277/685 1670/1278/685
f 1601/1275/685 1626/1276/685 1657/1279/685
f 1601/1275/685 1657/1279/685 1660/1280/685
f 1602/1270/686 1606/1270/686 1664/1277/686
f 1602/1270/686 1664/1277/686 1666/1277/686
f 1669/1278/687 1667/1277/687 1665/1277/687
f 1669/1278/687 1665/1277/687 1662/1278/687
f 1656/1279/687 1669/1278/687 1662/1278/687
f 1656/1279/687 1662/1278/687 1672/1279/687
f 1672/1279/687 1675/1280/687 1659/1280/687
f 1672/1279/687 1659/1280/687 1656/1279/687
f 1629/1276/681 1596/1275/681 1673/1280/681
f 1629/1276/681 1673/1280/681 1671/1279/681
f 1626/1276/685 1620/1269/685 1670/1278/685
f 1626/1276/685 1670/1278/685 1657/1279/685
f 1605/1270/681 1621/1269/681 1661/1278/681
f 1605/1270/681 1661/1278/681 1663/1277/681
f 1621/1269/681 1629/1276/681 1671/1279/681
f 1621/1269/681 1671/1279/681 1661/1278/681
f 1598/1275/688 1600/1275/688 1658/1280/688
f 1598/1275/688 1658/1280/688 1674/1280/688
o slide
v -0.893411 3.481154 4.880376
v -0.893411 3.481154 4.880376
v -0.893411 3.481154 4.880376
v -0.893411 3.481154 4.880376
v -0.893411 3.481154 8.096983
v -0.893411 3.481154 8.096983
v -0.893411 3.481154 8.096983
v -0.893411 3.481154 8.096983
v -2.000958 3.481154 4.880376
v -2.000958 3.481154 4.880376
v -2.000958 3.481154 4.880376
v -2.000958 3.481154 4.880376
v -2.000958 3.481154 8.096984
v -2.000958 3.481154 8.096984
v -2.000958 3.481154 8.096984
v -2.000958 3.481154 8.096984
v -0.893411 3.481154 5.996342
v -0.893411 3.481154 5.996342
v -0.893411 3.481154 5.996342
v -0.893411 3.481154 5.996342
v -2.000958 3.481154 5.996342
v -2.000958 3.481154 5.996342
v -2.000958 3.481154 5.996342
v -2.000958 3.481154 5.996342
v -1.287582 3.724481 0.103948
v -1.287582 3.724481 0.103948
v -1.287582 3.724481 0.103948
v -1.287582 3.724481 0.103948
v -1.606788 3.724481 0.103948
v -1.606788 3.724481 0.103948
v -1.606788 3.724481 0.103948
v -1.606788 3.724481 0.103948
v -1.287582 3.641777 -0.205786
v -1.287582 3.641777 -0.205786
v -1.287582 3.641777 -0.205786
v -1.287582 3.641777 -0.205786
v -1.606788 3.641777 -0.205786
v -1.606788 3.641777 -0.205786
v -1.606788 3.641777 -0.205786
v -1.606788 3.641777 -0.205786
v -1.287582 3.490861 -0.562086
v -1.287582 3.490861 -0.562086
v -1.287582 3.490861 -0.562086
v -1.287582 3.490861 -0.562086
v -1.606788 3.490861 -0.562086
v -1.606788 3.490861 -0.562086
v -1.606788 3.490861 -0.562086
v -1.606788 3.490861 -0.562086
v -0.893412 2.918263 -0.838524
v -0.893412 2.918263 -0.838524
v -0.893412 2.918263 -0.838524
v -0.893412 2.918263 -0.838524
v -2.000959 2.918263 -0.838524
v -2.000959 2.918263 -0.838524
v -2.000959 2.918263 -0.838524
v -2.000959 2.918263 -0.838524
v -0.893412 2.524061 -0.961386
v -0.893412 2.524061 -0.961386
v -0.893412 2.524061 -0.961386
v -2.000959 2.524061 -0.961386
v -2.000959 2.524061 -0.961386
v -2.000959 2.524061 -0.961386
v -0.893411 3.384504 8.173771
v -0.893411 3.384504 8.173771
v -0.893411 3.384504 8.173771
v -0.893411 3.384504 8.173771
v -2.000958 3.384504 8.173772
v -2.000958 3.384504 8.173772
v -2.000958 3.384504 8.173772
v -2.000958 3.384504 8.173772
v -0.893411 3.384504 8.204487
v -0.893411 3.384504 8.204487
v -0.893411 3.384504 8.204487
v -2.000958 3.384504 8.204487
v -2.000958 3.384504 8.204487
v -2.000958 3.384504 8.204487
v -0.893411 3.481154 2.492162
v -0.893411 3.481154 2.492162
v -0.893411 3.481154 2.492162
v -2.000958 3.481154 2.492162
v -2.000958 3.481154 2.492162
v -2.000958 3.481154 2.492162
v -0.893411 3.481154 3.988392
v -0.893411 3.481154 3.988392
v -0.893411 3.481154 3.988392
v -2.000958 3.481154 3.988392
v -2.000958 3.481154 3.988392
v -2.000958 3.481154 3.988392
v -0.893411 3.481154 4.276129
v -0.893411 3.481154 4.276129
v -0.893411 3.481154 4.276129
v -2.000958 3.481154 4.276129
v -2.000958 3.481154 4.276129
v -2.000958 3.481154 4.276129
v -2.000958 3.481155 0.103948
v -2.000958 3.481155 0.103948
v -2.000958 3.481155 0.103948
v -2.000958 3.481155 0.103948
v -0.893411 3.481155 0.103948
v -0.893411 3.481155 0.103948
v -0.893411 3.481155 0.103948
v -0.893411 3.481155 0.103948
v -0.893412 3.398451 -0.205786
v -0.893412 3.398451 -0.205786
v -0.893412 3.398451 -0.205786
v -2.000958 3.398451 -0.205786
v -2.000958 3.398451 -0.205786
v -2.000958 3.398451 -0.205786
v -2.000958 3.398451 -0.205786
v -2.000958 3.247535 -0.562086
v -2.000958 3.247535 -0.562086
v -2.000958 3.247535 -0.562086
v -2.000958 3.247535 -0.562086
v -2.000958 3.247535 -0.562086
v -0.893412 3.247535 -0.562086
v -0.893412 3.247535 -0.562086
v -0.893412 3.247535 -0.562086
v -0.893412 3.247535 -0.562086
v -1.583207 3.846127 -0.373213
v -1.583207 3.846127 -0.373213
v -1.583207 3.846127 -0.373213
v -1.583207 3.846127 -0.373213
v -1.311163 3.846127 -0.373213
v -1.311163 3.846127 -0.373213
v -1.311163 3.846127 -0.373213
v -1.311163 3.846127 -0.373213
v -1.583207 3.916611 -0.251609
v -1.583207 3.916611 -0.251609
v -1.583207 3.916611 -0.251609
v -1.311163 3.916611 -0.251609
v -1.311163 3.916611 -0.251609
v -1.311163 3.916611 -0.251609
v -1.583207 3.717508 -0.513099
v -1.583207 3.717508 -0.513099
v -1.583207 3.717508 -0.513099
v -1.311163 3.717508 -0.513099
v -1.311163 3.717508 -0.513099
v -1.311163 3.717508 -0.513099
v -0.893411 3.481155 0.578713
v -0.893411 3.481155 0.578713
v -0.893411 3.481155 0.578713
v -2.000958 3.481155 0.578713
v -2.000958 3.481155 0.578713
v -2.000958 3.481155 0.578713
v -0.893411 3.481155 0.341331
v -0.893411 3.481155 0.341331
v -0.893411 3.481155 0.341331
v -2.000958 3.481155 0.341331
v -2.000958 3.481155 0.341331
v -2.000958 3.481155 0.341331
v -1.347210 3.724481 7.980926
v -1.347210 3.724481 7.980926
v -1.347210 3.724481 7.980926
v -1.347210 3.724481 7.980926
v -1.547158 3.724481 7.980926
v -1.547158 3.724481 7.980926
v -1.547158 3.724481 7.980926
v -1.547158 3.724481 7.980926
v -1.547159 3.724481 7.652085
v -1.547159 3.724481 7.652085
v -1.547159 3.724481 7.652085
v -1.547159 3.724481 7.652085
v -1.347210 3.724481 7.652085
v -1.347210 3.724481 7.652085
v -1.347210 3.724481 7.652085
v -1.347210 3.724481 7.652085
v -0.893411 3.481154 7.652085
v -0.893411 3.481154 7.652085
v -0.893411 3.481154 7.652085
v -0.893411 3.481154 7.652085
v -0.893411 3.481154 7.652085
v -0.893411 3.481154 7.980926
v -0.893411 3.481154 7.980926
v -0.893411 3.481154 7.980926
v -0.893411 3.481154 7.980926
v -0.893411 3.481154 7.980926
v -2.000958 3.481154 7.980927
v -2.000958 3.481154 7.980927
v -2.000958 3.481154 7.980927
v -2.000958 3.481154 7.980927
v -2.000958 3.481154 7.980927
v -2.000958 3.481154 7.652085
v -2.000958 3.481154 7.652085
v -2.000958 3.481154 7.652085
v -2.000958 3.481154 7.652085
v -2.000958 3.481154 7.652085
v -1.383287 3.905376 7.690975
v -1.383287 3.905376 7.690975
v -1.383287 3.905376 7.690975
v -1.383287 3.873073 7.924679
v -1.383287 3.873073 7.924679
v -1.383287 3.873073 7.924679
v -1.511082 3.873073 7.924680
v -1.511082 3.873073 7.924680
v -1.511082 3.873073 7.924680
v -1.511082 3.905376 7.690976
v -1.511082 3.905376 7.690976
v -1.511082 3.905376 7.690976
v -0.893411 2.569456 4.880376
v -0.893411 2.569456 4.880376
v -0.893411 2.569456 8.096983
v -0.893411 2.569456 8.096983
v -2.000958 2.569456 8.096983
v -2.000958 2.569456 8.096983
v -2.000958 2.569456 4.880376
v -2.000958 2.569456 4.880376
v -2.000958 2.569456 5.996342
v -2.000958 2.569456 5.996342
v -0.893411 2.569456 5.996342
v -0.893411 2.569456 5.996342
v -0.893411 2.569456 0.103948
v -2.000958 2.569456 0.103948
v -0.893412 2.555672 -0.205787
v -2.000958 2.555672 -0.205786
v -2.000958 2.555672 -0.205786
v -0.893412 2.530519 -0.480178
v -2.000958 2.530519 -0.480178
v -2.000958 2.530519 -0.480178
v -0.893412 2.475641 -0.838524
v -0.893412 2.475641 -0.838524
v -2.000959 2.475641 -0.838524
v -2.000959 2.475641 -0.838524
v -0.893412 2.501638 -0.961386
v -0.893412 2.501638 -0.961386
v -2.000959 2.501638 -0.961386
v -2.000959 2.501638 -0.961386
v -0.893411 2.633889 8.173771
v -0.893411 2.633889 8.173771
v -2.000958 2.633889 8.173771
v -2.000958 2.633889 8.173771
v -0.893411 2.633889 8.204487
v -0.893411 2.633889 8.204487
v -2.000958 2.633889 8.204487
v -2.000958 2.633889 8.204487
v -2.000958 2.569456 2.492162
v -0.893411 2.569456 2.492162
v -0.893411 2.569456 3.988392
v -2.000958 2.569456 3.988392
v -2.000958 2.569456 4.276129
v -0.893411 2.569456 4.276129
v -2.000958 2.569456 0.578713
v -0.893411 2.569456 0.578713
v -2.000958 2.569456 0.341331
v -0.893411 2.569456 0.341331
v -2.000958 2.569456 7.980926
v -2.000958 2.569456 7.980926
v -0.893411 2.569456 7.980926
v -0.893411 2.569456 7.980926
v -0.893411 2.569456 7.652085
v -0.893411 2.569456 7.652085
v -2.000958 2.569456 7.652085
v -2.000958 2.569456 7.652085
v -1.447184 3.724481 8.096983
v -1.447184 3.724481 8.096983
v -1.447185 3.724481 4.880376
v -1.447185 3.724481 4.880376
v -1.447184 3.724481 5.996342
v -1.447185 3.724481 0.103948
v -1.447185 3.490861 -0.562086
v -1.447185 3.490861 -0.562086
v -1.447185 3.161590 -0.838524
v -1.447185 3.161590 -0.838524
v -1.447185 2.767387 -0.961386
v -1.447185 2.767387 -0.961386
v -1.447184 3.627830 8.173771
v -1.447184 3.627830 8.173771
v -1.447184 3.627830 8.204487
v -1.447184 3.627830 8.204487
v -1.447185 3.724481 2.492162
v -1.447185 3.724481 2.492162
v -1.447185 3.724481 3.988392
v -1.447185 3.724481 4.276129
v -1.447185 3.724481 4.276129
v -1.447185 3.724481 0.103948
v -1.447185 3.724481 0.103948
v -1.447185 3.490861 -0.562086
v -1.447185 3.490861 -0.562086
v -1.447185 3.846127 -0.373213
v -1.447185 3.846127 -0.373213
v -1.447185 3.916611 -0.251609
v -1.447185 3.916611 -0.251609
v -1.447185 3.717508 -0.513099
v -1.447185 3.717508 -0.513099
v -1.447185 3.724481 0.578713
v -1.447185 3.724481 0.341331
v -1.447185 3.724481 0.341331
v -1.447184 3.724481 7.980926
v -1.447184 3.724481 7.652085
v -1.447184 3.724481 7.980926
v -1.447184 3.724481 7.980926
v -1.447184 3.724481 7.652085
v -1.447184 3.724481 7.652085
v -1.447184 3.873073 7.924680
v -1.447184 3.873073 7.924680
v -1.447184 3.905376 7.690976
v -1.447184 3.905376 7.690976
v -1.447184 2.633889 8.204487
v -1.447185 2.501638 -0.961386
v -1.724071 3.724481 8.096984
v -1.724071 3.724481 8.096984
v -1.724071 3.724481 8.096984
v -1.724071 3.724481 8.096984
v -1.724071 3.724481 5.996342
v -1.724071 3.724481 5.996342
v -1.724071 3.724481 5.996342
v -1.724071 3.627830 8.173772
v -1.724071 3.627830 8.173772
v -1.724071 3.627830 8.173772
v -1.724071 3.627830 8.173772
v -1.724071 3.627830 8.204487
v -1.724071 3.627830 8.204487
v -1.724071 3.627830 8.204487
v -1.724072 3.724481 2.492162
v -1.724072 3.724481 2.492162
v -1.724072 3.724481 2.492162
v -1.724072 3.724481 2.492162
v -1.724071 3.724481 3.988392
v -1.724071 3.724481 3.988392
v -1.724071 3.724481 3.988392
v -1.724071 3.724481 4.276129
v -1.724071 3.724481 4.276129
v -1.724071 3.724481 4.276129
v -1.724071 3.724481 4.276129
v -1.724072 3.724481 0.578713
v -1.724072 3.724481 0.578713
v -1.724072 3.724481 0.578713
v -1.724072 3.724481 0.341331
v -1.724072 3.724481 0.341331
v -1.724072 3.724481 0.341331
v -1.724072 3.724481 0.341331
v -1.724071 3.724481 7.980927
v -1.724071 3.724481 7.980927
v -1.724071 3.724481 7.980927
v -1.724071 3.724481 7.652085
v -1.724071 3.724481 7.652085
v -1.724071 3.724481 7.652085
v -1.497171 3.724481 7.980926
v -1.497171 3.724481 7.980926
v -1.497171 3.724481 7.980926
v -1.497171 3.724481 7.652085
v -1.497171 3.724481 7.652085
v -1.497171 3.724481 7.652085
v -1.497171 3.724481 7.652085
v -1.479133 3.873073 7.924680
v -1.479133 3.873073 7.924680
v -1.479133 3.905376 7.690976
v -1.479133 3.905376 7.690976
v -1.479133 3.905376 7.690976
v -1.724071 2.633889 8.204487
v -1.724071 3.724481 4.880376
v -1.724071 3.724481 4.880376
v -1.724071 3.724481 4.880376
v -1.724071 3.724481 4.880376
v -1.724072 3.724481 0.103948
v -1.724072 3.724481 0.103948
v -1.724072 3.724481 0.103948
v -1.724072 3.490861 -0.562086
v -1.724072 3.490861 -0.562086
v -1.724072 3.490861 -0.562086
v -1.724072 3.490861 -0.562086
v -1.724072 3.161590 -0.838524
v -1.724072 3.161590 -0.838524
v -1.724072 3.161590 -0.838524
v -1.724072 3.161590 -0.838524
v -1.724072 2.767387 -0.961386
v -1.724072 2.767387 -0.961386
v -1.724072 2.767387 -0.961386
v -1.526987 3.724481 0.103948
v -1.526987 3.724481 0.103948
v -1.526987 3.724481 0.103948
v -1.526987 3.490861 -0.562086
v -1.526987 3.490861 -0.562086
v -1.526987 3.490861 -0.562086
v -1.515196 3.846127 -0.373213
v -1.515196 3.846127 -0.373213
v -1.515196 3.916611 -0.251609
v -1.515196 3.916611 -0.251609
v -1.515196 3.717508 -0.513099
v -1.515196 3.717508 -0.513099
v -1.724072 2.501638 -0.961386
v -1.170298 3.724481 4.880376
v -1.170298 3.724481 4.880376
v -1.170298 3.724481 4.880376
v -1.170298 3.724481 4.880376
v -1.170298 3.724481 0.103948
v -1.170298 3.724481 0.103948
v -1.170298 3.724481 0.103948
v -1.170298 3.490861 -0.562086
v -1.170298 3.490861 -0.562086
v -1.170298 3.490861 -0.562086
v -1.170298 3.490861 -0.562086
v -1.170298 3.161590 -0.838524
v -1.170298 3.161590 -0.838524
v -1.170298 3.161590 -0.838524
v -1.170298 3.161590 -0.838524
v -1.170298 2.767387 -0.961386
v -1.170298 2.767387 -0.961386
v -1.170298 2.767387 -0.961386
v -1.367383 3.724481 0.103948
v -1.367383 3.724481 0.103948
v -1.367383 3.724481 0.103948
v -1.367383 3.724481 0.103948
v -1.367383 3.490861 -0.562086
v -1.367383 3.490861 -0.562086
v -1.367383 3.490861 -0.562086
v -1.379174 3.846127 -0.373213
v -1.379174 3.846127 -0.373213
v -1.379174 3.916611 -0.251609
v -1.379174 3.916611 -0.251609
v -1.379174 3.916611 -0.251609
v -1.379174 3.717508 -0.513099
v -1.379174 3.717508 -0.513099
v -1.170298 2.501638 -0.961386
v -1.170298 3.724481 8.096983
v -1.170298 3.724481 8.096983
v -1.170298 3.724481 8.096983
v -1.170298 3.724481 8.096983
v -1.170298 3.724481 5.996342
v -1.170298 3.724481 5.996342
v -1.170298 3.724481 5.996342
v -1.170298 3.627830 8.173771
v -1.170298 3.627830 8.173771
v -1.170298 3.627830 8.173771
v -1.170298 3.627830 8.173771
v -1.170298 3.627830 8.204487
v -1.170298 3.627830 8.204487
v -1.170298 3.627830 8.204487
v -1.170298 3.627830 8.204487
v -1.170298 3.724481 2.492162
v -1.170298 3.724481 2.492162
v -1.170298 3.724481 2.492162
v -1.170298 3.724481 2.492162
v -1.170298 3.724481 3.988392
v -1.170298 3.724481 3.988392
v -1.170298 3.724481 3.988392
v -1.170298 3.724481 4.276129
v -1.170298 3.724481 4.276129
v -1.170298 3.724481 4.276129
v -1.170298 3.724481 4.276129
v -1.170298 3.724481 0.578713
v -1.170298 3.724481 0.578713
v -1.170298 3.724481 0.578713
v -1.170298 3.724481 0.341331
v -1.170298 3.724481 0.341331
v -1.170298 3.724481 0.341331
v -1.170298 3.724481 7.980926
v -1.170298 3.724481 7.980926
v -1.170298 3.724481 7.980926
v -1.170298 3.724481 7.652085
v -1.170298 3.724481 7.652085
v -1.170298 3.724481 7.652085
v -1.397197 3.724481 7.980926
v -1.397197 3.724481 7.980926
v -1.397197 3.724481 7.980926
v -1.397197 3.724481 7.652085
v -1.397197 3.724481 7.652085
v -1.397197 3.724481 7.652085
v -1.415236 3.873073 7.924679
v -1.415236 3.873073 7.924679
v -1.415236 3.905376 7.690976
v -1.415236 3.905376 7.690976
v -1.170298 2.633889 8.204487
v -1.170298 2.633889 8.204487
v -1.686645 3.724481 0.551032
v -1.686645 3.724481 0.551032
v -1.686645 3.724481 0.551032
v -1.538697 3.724481 0.551032
v -1.538697 3.724481 0.551032
v -1.538697 3.724481 0.551032
v -1.538697 3.724481 0.369012
v -1.538697 3.724481 0.369012
v -1.538697 3.724481 0.369012
v -1.538697 3.724481 0.369012
v -1.686645 3.724481 0.369012
v -1.686645 3.724481 0.369012
v -1.686645 3.724481 0.369012
v -1.686645 3.724481 0.369012
v -1.355672 3.724481 0.551032
v -1.355672 3.724481 0.551032
v -1.355672 3.724481 0.551032
v -1.207725 3.724481 0.551032
v -1.207725 3.724481 0.551032
v -1.207725 3.724481 0.551032
v -1.207725 3.724481 0.369012
v -1.207725 3.724481 0.369012
v -1.207725 3.724481 0.369012
v -1.355672 3.724481 0.369012
v -1.355672 3.724481 0.369012
v -1.355672 3.724481 0.369012
v -1.538697 3.919418 0.551032
v -1.538697 3.919418 0.551032
v -1.538697 3.919418 0.551032
v -1.686645 3.919418 0.551032
v -1.686645 3.919418 0.551032
v -1.686645 3.919418 0.551032
v -1.686645 3.994556 0.369012
v -1.686645 3.994556 0.369012
v -1.686645 3.994556 0.369012
v -1.538697 3.994556 0.369012
v -1.538697 3.994556 0.369012
v -1.538697 3.994556 0.369012
v -1.207725 3.919418 0.551032
v -1.207725 3.919418 0.551032
v -1.207725 3.919418 0.551032
v -1.355672 3.919418 0.551032
v -1.355672 3.919418 0.551032
v -1.355672 3.919418 0.551032
v -1.355672 3.994556 0.369012
v -1.355672 3.994556 0.369012
v -1.355672 3.994556 0.369012
v -1.207725 3.994556 0.369012
v -1.207725 3.994556 0.369012
v -1.207725 3.994556 0.369012
vn 1.0000 -0.0000 -0.0000
vn -1.0000 -0.0000 -0.0000
vn 0.6601 0.7512 -0.0000
vn 0.9941 0.0942 -0.0531
vn 0.9963 0.0808 -0.0287
vn 0.9963 0.0807 -0.0287
vn 0.2530 0.2879 -0.9236
vn 0.4919 0.5598 -0.6668
vn 0.4920 0.5598 -0.6668
vn -0.0000 -0.0000 -1.0000
vn -0.4797 0.5458 0.6870
vn -0.0000 -0.0000 1.0000
vn -0.6601 0.7512 -0.0000
vn 0.5122 0.8298 -0.2216
vn -0.5122 0.8298 -0.2216
vn 0.4942 0.8005 -0.3391
vn -0.4942 0.8005 -0.3391
vn -0.0000 0.7361 -0.6768
vn -0.0000 0.8652 -0.5015
vn -0.9963 0.0807 -0.0285
vn -0.9963 0.0807 -0.0287
vn -0.0000 0.8798 0.4754
vn -0.9941 0.0942 -0.0531
vn -0.9941 0.0942 -0.0530
vn -0.0000 0.2113 -0.9774
vn -0.0000 0.3540 0.9352
vn 0.4726 0.8813 -0.0000
vn -0.4726 0.8813 -0.0000
vn -0.0000 0.9906 0.1369
vn -0.9766 0.2145 0.0123
vn 0.9766 0.2145 0.0123
vn -0.0000 0.2102 -0.9777
vn -0.0000 1.0000 -0.0000
vn -0.0000 0.6221 0.7830
vn -0.0000 0.6430 -0.7659
vn -0.0000 0.2976 -0.9547
vn -0.2530 0.2879 -0.9236
vn -0.4919 0.5598 -0.6668
vn -0.4920 0.5598 -0.6668
vn 0.4797 0.5458 0.6870
vn -0.0000 0.9243 0.3816
vt 0.954457 0.765426
vt 0.954457 0.892363
vt 0.966568 0.892363
vt 0.966568 0.765426
vt 0.743056 0.765426
vt 0.743056 0.892363
vt 0.626592 0.892363
vt 0.626592 0.765426
vt 0.743056 0.926241
vt 0.626592 0.926241
vt 0.920139 0.926241
vt 0.920139 0.892363
vt 0.920139 0.765426
vt 0.152889 0.926241
vt 0.152889 0.892363
vt 0.128116 0.892363
vt 0.128116 0.926241
vt 0.152889 0.765426
vt 0.128116 0.765426
vt 0.095791 0.914726
vt 0.058607 0.893714
vt 0.063719 0.925270
vt 0.078318 0.943178
vt 0.091009 0.952991
vt 0.095791 0.880848
vt 0.095791 0.763507
vt 0.058607 0.859836
vt 0.067155 0.760005
vt 0.029758 0.752364
vt 0.029758 0.813991
vt 0.016936 0.759106
vt 0.016936 0.755984
vt 0.031965 0.841529
vt 0.031965 0.816981
vt 0.022674 0.777212
vt 0.022674 0.801760
vt 0.052869 0.874748
vt 0.052869 0.850200
vt 0.022674 0.774950
vt 0.966568 0.926241
vt 0.974582 0.878906
vt 0.974582 0.912785
vt 0.974582 0.774397
vt 0.960119 0.860391
vt 0.964834 0.860391
vt 0.963679 0.876732
vt 0.960119 0.876732
vt 0.977788 0.878906
vt 0.977788 0.912785
vt 0.977788 0.774397
vt 0.533503 0.765426
vt 0.533503 0.892363
vt 0.377354 0.892363
vt 0.377354 0.765426
vt 0.533503 0.926241
vt 0.377354 0.926241
vt 0.563532 0.926241
vt 0.563532 0.892363
vt 0.563532 0.765426
vt 0.177663 0.892363
vt 0.177663 0.765426
vt 0.177663 0.926241
vt 0.954457 0.926241
vt 0.948587 0.946930
vt 0.924197 0.951427
vt 0.141197 0.922684
vt 0.151939 0.922684
vt 0.151939 0.961107
vt 0.141197 0.975918
vt 0.423967 0.926241
vt 0.417445 0.926241
vt 0.414340 0.926241
vt 0.398191 0.926241
vt 0.960119 0.827710
vt 0.964834 0.827710
vt 0.964834 0.844050
vt 0.960119 0.844050
vt 0.960119 0.811369
vt 0.963679 0.811369
vt 0.174774 0.926241
vt 0.155778 0.926241
s 1
usemtl Material.001
f 1922/1281/689 1847/1282/689 1680/1283/689
f 1922/1281/689 1680/1283/689 1876/1284/689
f 1882/1285/690 1698/1286/690 1686/1287/690
f 1882/1285/690 1686/1287/690 1880/1288/690
f 2093/1289/691 1694/1286/691 1678/1287/691
f 2093/1289/691 1678/1287/691 2056/1290/691
f 2124/1291/691 1844/1292/691 1695/1286/691
f 2124/1291/691 1695/1286/691 2094/1289/691
f 1927/1293/690 1861/1292/690 1699/1286/690
f 1927/1293/690 1699/1286/690 1883/1285/690
f 1875/1288/689 1677/1287/689 1693/1286/689
f 1875/1288/689 1693/1286/689 1885/1285/689
f 2119/1294/691 1822/1295/691 1775/1296/691
f 2119/1294/691 1775/1296/691 2060/1297/691
f 1918/1298/690 1825/1295/690 1773/1296/690
f 1918/1298/690 1773/1296/690 1887/1299/690
f 1709/1300/692 1716/1301/692 1811/1302/692
f 1709/1300/692 1811/1302/692 1799/1303/692
f 1700/1297/693 1708/1300/694 1798/1303/694
f 1700/1297/693 1798/1303/694 1805/1304/694
f 1887/1299/690 1773/1296/690 1784/1305/690
f 1887/1299/690 1784/1305/690 1890/1306/690
f 1889/1306/690 1783/1305/690 1788/1307/690
f 1889/1306/690 1788/1307/690 1892/1308/690
f 1896/1309/690 1730/1310/690 1737/1311/690
f 1896/1309/690 1737/1311/690 1901/1312/690
f 2068/1313/695 1727/1314/695 1733/1315/695
f 2068/1313/695 1733/1315/695 2071/1316/695
f 2063/1317/696 1792/1318/697 1726/1314/696
f 2063/1317/696 1726/1314/696 2067/1313/696
f 1893/1308/690 1789/1307/690 1731/1310/690
f 1893/1308/690 1731/1310/690 1897/1309/690
f 2088/1319/698 2072/1316/698 1734/1315/698
f 2088/1319/698 1734/1315/698 1899/1319/698
f 1976/1320/699 1688/1283/699 1742/1321/699
f 1976/1320/699 1742/1321/699 1983/1322/699
f 1877/1284/689 1681/1283/689 1739/1321/689
f 1877/1284/689 1739/1321/689 1903/1323/689
f 2024/1324/700 1985/1325/700 1749/1326/700
f 2024/1324/700 1749/1326/700 1908/1327/700
f 1984/1322/701 1743/1321/701 1750/1328/701
f 1984/1322/701 1750/1328/701 1987/1329/701
f 1902/1323/689 1738/1321/689 1746/1328/689
f 1902/1323/689 1746/1328/689 1906/1330/689
f 1913/1331/690 1763/1332/690 1757/1333/690
f 1913/1331/690 1757/1333/690 1910/1334/690
f 2109/1335/691 1760/1332/691 1753/1333/691
f 2109/1335/691 1753/1333/691 2104/1336/691
f 2111/1337/691 1765/1338/691 1759/1332/691
f 2111/1337/691 1759/1332/691 2108/1335/691
f 1914/1339/690 1769/1338/690 1763/1332/690
f 1914/1339/690 1763/1332/690 1913/1331/690
f 1881/1288/690 1687/1287/690 1769/1338/690
f 1881/1288/690 1769/1338/690 1914/1339/690
f 2057/1290/691 1679/1287/691 1766/1338/691
f 2057/1290/691 1766/1338/691 2112/1337/691
s 0
f 2043/1297/698 1704/1297/698 2029/1297/698
s 1
f 1704/1297/698 1770/1296/698 2029/1297/698
f 1710/1300/702 1701/1297/702 1776/1296/702
f 1710/1300/702 1776/1296/702 1779/1305/702
f 1706/1297/703 1713/1300/703 1782/1305/703
f 1706/1297/703 1782/1305/703 1771/1296/703
s 0
f 2078/1301/700 1718/1301/700 2064/1301/700
s 1
f 1718/1301/700 1793/1307/700 2064/1301/700
f 1717/1301/704 1711/1300/704 1780/1305/704
f 1717/1301/704 1780/1305/704 1791/1307/704
f 1712/1300/705 1722/1301/705 1787/1307/705
f 1712/1300/705 1787/1307/705 1781/1305/705
f 2081/1303/706 1800/1303/706 1813/1302/706
f 2081/1303/706 1813/1302/706 2087/1302/706
f 2083/1304/707 1806/1304/707 1801/1303/707
f 2083/1304/707 1801/1303/707 2082/1303/707
f 1715/1300/708 1707/1297/709 1804/1304/709
f 1715/1300/708 1804/1304/709 1797/1303/709
f 2075/1297/710 1703/1297/710 1807/1304/710
f 2075/1297/710 1807/1304/710 2084/1304/710
f 1723/1301/711 1714/1300/711 1796/1303/712
f 1723/1301/711 1796/1303/712 1810/1302/711
f 2047/1301/713 1721/1301/713 1808/1302/713
f 2047/1301/713 1808/1302/713 2053/1302/713
f 1910/1334/690 1757/1333/690 1819/1340/690
f 1910/1334/690 1819/1340/690 1916/1341/690
f 2105/1336/691 1754/1333/691 1816/1340/691
f 2105/1336/691 1816/1340/691 2116/1342/691
f 1916/1341/690 1819/1340/690 1825/1295/690
f 1916/1341/690 1825/1295/690 1918/1298/690
f 2115/1342/691 1815/1340/691 1821/1295/691
f 2115/1342/691 1821/1295/691 2118/1294/691
f 1878/1284/690 1690/1283/690 1856/1282/690
f 1878/1284/690 1856/1282/690 1921/1281/690
f 2089/1320/691 1682/1283/691 1849/1282/691
f 2089/1320/691 1849/1282/691 2121/1343/691
f 1925/1293/689 1843/1292/689 1848/1282/689
f 1925/1293/689 1848/1282/689 1923/1281/689
f 1884/1285/689 1692/1286/689 1842/1292/689
f 1884/1285/689 1842/1292/689 1924/1293/689
f 1920/1281/690 1855/1282/690 1860/1292/690
f 1920/1281/690 1860/1292/690 1926/1293/690
f 2128/1343/714 1829/1343/714 1866/1344/714
f 2128/1343/714 1866/1344/714 2133/1344/714
f 1839/1291/715 1827/1343/715 1850/1282/715
f 1839/1291/715 1850/1282/715 1845/1292/715
s 0
f 2012/1343/698 1830/1343/698 2006/1343/698
s 1
f 1830/1343/698 1852/1282/698 2006/1343/698
f 1832/1343/716 1836/1291/716 1858/1292/716
f 1832/1343/716 1858/1292/716 1853/1282/716
s 0
f 2130/1291/700 1840/1291/700 2125/1291/700
s 1
f 1840/1291/700 1846/1292/700 2125/1291/700
f 2134/1344/717 1867/1344/717 1864/1345/717
f 2134/1344/717 1864/1345/717 2136/1345/717
f 1837/1291/718 1833/1343/718 1870/1344/718
f 1837/1291/718 1870/1344/718 1873/1345/718
f 1826/1343/719 1838/1291/719 1862/1345/719
f 1826/1343/719 1862/1345/719 1865/1344/719
f 2017/1291/720 1835/1291/720 1871/1345/720
f 2017/1291/720 1871/1345/720 2022/1345/720
f 1814/1340/689 1917/1341/689 1919/1298/689
f 1814/1340/689 1919/1298/689 1820/1295/689
f 1752/1333/689 1911/1334/689 1917/1341/689
f 1752/1333/689 1917/1341/689 1814/1340/689
f 1676/1287/689 1874/1288/689 1915/1339/689
f 1676/1287/689 1915/1339/689 1764/1338/689
f 1764/1338/689 1915/1339/689 1912/1331/689
f 1764/1338/689 1912/1331/689 1758/1332/689
f 1758/1332/689 1912/1331/689 1911/1334/689
f 1758/1332/689 1911/1334/689 1752/1333/689
f 1744/1321/690 1904/1323/690 1909/1330/690
f 1744/1321/690 1909/1330/690 1751/1328/690
f 1724/1310/689 1894/1309/689 1898/1312/689
f 1724/1310/689 1898/1312/689 1732/1311/689
f 1778/1305/689 1888/1306/689 1891/1308/689
f 1778/1305/689 1891/1308/689 1790/1307/689
f 1790/1307/689 1891/1308/689 1895/1309/689
f 1790/1307/689 1895/1309/689 1725/1310/689
f 1774/1296/689 1886/1299/689 1888/1306/689
f 1774/1296/689 1888/1306/689 1778/1305/689
f 1820/1295/689 1919/1298/689 1886/1299/689
f 1820/1295/689 1886/1299/689 1774/1296/689
f 1691/1283/690 1879/1284/690 1905/1323/690
f 1691/1283/690 1905/1323/690 1745/1321/690
f 2131/1291/720 1966/1291/720 1970/1345/720
f 2131/1291/720 1970/1345/720 2135/1345/720
f 2020/1344/717 1969/1344/717 1971/1345/717
f 2020/1344/717 1971/1345/717 2023/1345/717
s 0
f 2018/1291/721 1967/1291/700 1963/1291/721
f 2018/1291/721 1963/1291/721 2010/1291/721
f 2129/1343/721 1965/1343/700 1962/1343/721
f 2129/1343/721 1962/1343/721 2123/1343/721
s 1
f 2013/1343/714 1964/1343/714 1968/1344/714
f 2013/1343/714 1968/1344/714 2019/1344/714
f 1975/1320/721 1929/1320/721 1962/1343/721
f 1975/1320/721 1962/1343/721 2007/1343/721
f 2152/1346/690 2141/1347/690 2170/1348/690
f 2152/1346/690 2170/1348/690 2173/1349/690
f 1989/1336/721 1945/1336/721 1959/1342/721
f 1989/1336/721 1959/1342/721 1999/1342/721
f 2079/1301/713 1951/1301/713 1957/1302/713
f 2079/1301/713 1957/1302/713 2086/1302/713
f 2044/1297/710 1949/1297/710 1956/1304/710
f 2044/1297/710 1956/1304/710 2052/1304/710
f 2051/1304/707 1955/1304/707 1954/1303/707
f 2051/1304/707 1954/1303/707 2050/1303/707
f 2049/1303/706 1953/1303/706 1958/1302/706
f 2049/1303/706 1958/1302/706 2054/1302/706
s 0
f 2048/1301/721 1952/1301/700 1935/1301/721
f 2048/1301/721 1935/1301/721 2034/1301/721
f 2077/1297/721 1950/1297/700 1933/1297/721
f 2077/1297/721 1933/1297/721 2062/1297/721
s 1
f 2025/1350/721 1930/1350/721 1948/1351/721
f 2025/1350/721 1948/1351/721 1996/1351/721
f 1995/1351/721 1947/1351/721 1946/1352/721
f 1995/1351/721 1946/1352/721 1992/1352/721
f 1992/1352/721 1946/1352/721 1944/1353/721
f 1992/1352/721 1944/1353/721 1988/1353/721
f 2099/1322/721 1941/1322/721 1943/1329/721
f 2099/1322/721 1943/1329/721 2103/1329/721
f 2138/1354/700 2102/1355/700 1942/1356/700
f 2138/1354/700 1942/1356/700 1972/1357/700
f 2091/1320/722 1928/1320/722 1940/1322/722
f 2091/1320/722 1940/1322/722 2098/1322/722
f 2055/1319/698 2040/1316/698 1938/1316/698
f 2055/1319/698 1938/1316/698 1973/1319/698
f 2033/1317/723 1934/1317/723 1937/1313/723
f 2033/1317/723 1937/1313/723 2037/1313/723
f 2036/1313/724 1936/1313/724 1939/1316/724
f 2036/1313/724 1939/1316/724 2041/1316/724
f 2003/1294/721 1961/1294/721 1933/1297/721
f 2003/1294/721 1933/1297/721 2030/1297/721
f 2010/1291/721 1963/1291/721 1932/1289/721
f 2010/1291/721 1932/1289/721 1978/1289/721
f 1978/1289/721 1932/1289/721 1931/1290/721
f 1978/1289/721 1931/1290/721 2026/1290/721
f 1697/1286/701 1980/1289/701 2028/1290/701
f 1697/1286/701 2028/1290/701 1685/1287/701
f 1859/1292/701 2011/1291/701 1979/1289/701
f 1859/1292/701 1979/1289/701 1696/1286/701
f 1823/1295/701 2004/1294/701 2031/1297/701
f 1823/1295/701 2031/1297/701 1772/1296/701
f 1728/1314/725 2038/1313/725 2042/1316/725
f 1728/1314/725 2042/1316/725 1736/1315/725
f 1786/1318/726 2035/1317/727 2039/1313/726
f 1786/1318/726 2039/1313/726 1729/1314/726
f 1900/1319/698 1735/1315/698 2040/1316/698
f 1900/1319/698 2040/1316/698 2055/1319/698
f 1762/1332/701 1994/1335/701 1991/1336/701
f 1762/1332/701 1991/1336/701 1756/1333/701
f 1768/1338/701 1998/1337/701 1993/1335/701
f 1768/1338/701 1993/1335/701 1761/1332/701
f 1684/1287/701 2027/1290/701 1997/1337/701
f 1684/1287/701 1997/1337/701 1767/1338/701
s 0
f 1720/1301/700 2046/1301/700 2032/1301/700
s 1
f 1720/1301/700 2032/1301/700 1785/1307/700
f 1794/1303/706 2049/1303/706 2054/1302/706
f 1794/1303/706 2054/1302/706 1809/1302/706
f 1802/1304/707 2051/1304/707 2050/1303/707
f 1802/1304/707 2050/1303/707 1795/1303/707
f 1705/1297/710 2044/1297/710 2052/1304/710
f 1705/1297/710 2052/1304/710 1803/1304/710
f 1755/1333/701 1990/1336/701 2000/1342/701
f 1755/1333/701 2000/1342/701 1817/1340/701
f 1818/1340/701 2001/1342/701 2005/1294/701
f 1818/1340/701 2005/1294/701 1824/1295/701
f 1689/1283/701 1977/1320/701 2008/1343/701
f 1689/1283/701 2008/1343/701 1854/1282/701
f 1831/1343/714 2013/1343/714 2019/1344/714
f 1831/1343/714 2019/1344/714 1868/1344/714
s 0
f 1834/1291/700 2015/1291/700 2009/1291/700
s 1
f 1834/1291/700 2009/1291/700 1857/1292/700
f 1869/1344/717 2020/1344/717 2023/1345/717
f 1869/1344/717 2023/1345/717 1872/1345/717
f 1966/1291/720 2016/1291/720 2021/1345/720
f 1966/1291/720 2021/1345/720 1970/1345/720
s 0
f 1965/1343/721 2014/1343/721 2007/1343/721
f 1965/1343/721 2007/1343/721 1962/1343/700
s 1
f 1951/1301/713 2047/1301/713 2053/1302/713
f 1951/1301/713 2053/1302/713 1957/1302/713
s 0
f 1950/1297/721 2045/1297/721 2030/1297/721
f 1950/1297/721 2030/1297/721 1933/1297/700
s 1
f 1941/1322/721 1982/1322/721 1986/1329/721
f 1941/1322/721 1986/1329/721 1943/1329/721
f 1972/1357/700 1942/1356/700 1985/1325/700
f 1972/1357/700 1985/1325/700 2024/1324/700
f 1928/1320/722 1974/1320/722 1981/1322/722
f 1928/1320/722 1981/1322/722 1940/1322/722
f 1683/1283/728 2090/1320/728 2097/1322/728
f 1683/1283/728 2097/1322/728 1741/1321/728
f 1907/1358/700 1748/1359/700 2101/1355/700
f 1907/1358/700 2101/1355/700 2137/1354/700
f 1740/1321/691 2096/1322/691 2100/1329/691
f 1740/1321/691 2100/1329/691 1747/1328/691
s 0
f 1702/1297/698 2074/1297/698 2061/1297/698
s 1
f 1702/1297/698 2061/1297/698 1777/1296/698
f 1719/1301/713 2079/1301/713 2086/1302/713
f 1719/1301/713 2086/1302/713 1812/1302/713
s 0
f 1828/1343/698 2127/1343/698 2122/1343/698
s 1
f 1828/1343/698 2122/1343/698 1851/1282/698
f 1841/1291/720 2131/1291/720 2135/1345/720
f 1841/1291/720 2135/1345/720 1863/1345/720
f 1969/1344/717 2134/1344/717 2136/1345/717
f 1969/1344/717 2136/1345/717 1971/1345/717
s 0
f 1967/1291/721 2132/1291/721 2126/1291/721
f 1967/1291/721 2126/1291/721 1963/1291/700
s 1
f 1964/1343/714 2128/1343/714 2133/1344/714
f 1964/1343/714 2133/1344/714 1968/1344/714
f 1929/1320/721 2092/1320/721 2123/1343/721
f 1929/1320/721 2123/1343/721 1962/1343/721
f 2146/1346/698 2149/1346/698 2171/1349/698
f 2146/1346/698 2171/1349/698 2175/1349/698
f 1945/1336/721 2107/1336/721 2117/1342/721
f 1945/1336/721 2117/1342/721 1959/1342/721
f 1949/1297/710 2076/1297/710 2085/1304/710
f 1949/1297/710 2085/1304/710 1956/1304/710
f 1955/1304/707 2083/1304/707 2082/1303/707
f 1955/1304/707 2082/1303/707 1954/1303/707
f 1953/1303/706 2081/1303/706 2087/1302/706
f 1953/1303/706 2087/1302/706 1958/1302/706
s 0
f 1952/1301/721 2080/1301/721 2066/1301/721
f 1952/1301/721 2066/1301/721 1935/1301/700
s 1
f 1930/1350/721 2058/1350/721 2114/1351/721
f 1930/1350/721 2114/1351/721 1948/1351/721
f 1947/1351/721 2113/1351/721 2110/1352/721
f 1947/1351/721 2110/1352/721 1946/1352/721
f 1946/1352/721 2110/1352/721 2106/1353/721
f 1946/1352/721 2106/1353/721 1944/1353/721
f 1973/1319/698 1938/1316/698 2072/1316/698
f 1973/1319/698 2072/1316/698 2088/1319/698
f 1934/1317/723 2065/1317/723 2070/1313/723
f 1934/1317/723 2070/1313/723 1937/1313/723
f 1936/1313/724 2069/1313/724 2073/1316/724
f 1936/1313/724 2073/1316/724 1939/1316/724
f 1961/1294/721 2120/1294/721 2062/1297/721
f 1961/1294/721 2062/1297/721 1933/1297/721
f 1963/1291/721 2126/1291/721 2095/1289/721
f 1963/1291/721 2095/1289/721 1932/1289/721
f 1932/1289/721 2095/1289/721 2059/1290/721
f 1932/1289/721 2059/1290/721 1931/1290/721
f 1999/1342/721 1959/1342/721 2144/1360/721
f 1999/1342/721 2144/1360/721 2140/1360/721
f 1959/1342/721 1961/1294/721 2148/1361/721
f 1959/1342/721 2148/1361/721 2144/1360/721
f 1960/1294/721 2002/1294/721 2150/1361/721
f 1960/1294/721 2150/1361/721 2147/1361/721
f 2003/1294/721 1999/1342/721 2140/1360/721
f 2003/1294/721 2140/1360/721 2151/1361/721
f 1959/1342/721 2117/1342/721 2158/1360/721
f 1959/1342/721 2158/1360/721 2154/1360/721
f 2117/1342/721 2120/1294/721 2161/1361/721
f 2117/1342/721 2161/1361/721 2158/1360/721
f 2120/1294/721 1961/1294/721 2163/1361/721
f 2120/1294/721 2163/1361/721 2161/1361/721
f 1961/1294/721 1959/1342/721 2154/1360/721
f 1961/1294/721 2154/1360/721 2163/1361/721
f 2169/1348/729 2167/1348/729 2176/1349/729
f 2169/1348/729 2176/1349/729 2172/1349/729
f 2181/1348/729 2179/1348/729 2188/1349/729
f 2181/1348/729 2188/1349/729 2184/1349/729
f 2156/1347/689 2159/1346/689 2186/1349/689
f 2156/1347/689 2186/1349/689 2177/1348/689
f 2153/1347/700 2157/1347/700 2178/1348/700
f 2153/1347/700 2178/1348/700 2180/1348/700
f 2142/1347/689 2145/1346/689 2174/1349/689
f 2142/1347/689 2174/1349/689 2165/1348/689
f 2160/1346/698 2162/1346/698 2183/1349/698
f 2160/1346/698 2183/1349/698 2187/1349/698
f 2139/1347/700 2143/1347/700 2166/1348/700
f 2139/1347/700 2166/1348/700 2168/1348/700
f 2164/1346/690 2155/1347/690 2182/1348/690
f 2164/1346/690 2182/1348/690 2185/1349/690
