# Blender 5.2.1 LTS
# www.blender.org
mtllib RiggedLowpolyHand.mtl
o mesh
v -2.660172 1.418238 -2.598542
v -3.776206 0.400850 -0.516026
v -3.267076 1.608515 -0.277026
v -2.730540 0.370668 -2.606882
v -2.533617 -0.785973 -2.794929
v -3.549737 -0.626497 -0.660412
v -2.753808 -1.989699 -1.050287
v -1.873413 -1.702139 -2.843719
v -1.191988 2.553510 -1.841938
v -2.195849 0.473101 -4.041967
v -2.007679 -0.606773 -4.120242
v -1.529013 -1.636680 -3.834104
v -0.446291 1.813217 -1.619844
v -1.179079 2.784644 -1.210577
v -2.528383 2.242357 -0.360669
v -2.102499 2.067322 0.514923
v -2.900220 1.768629 2.034884
v -2.526377 2.247075 1.941261
v -2.075671 1.929372 1.825909
v -0.577927 2.486802 -1.558725
v -0.829728 2.862015 -1.144679
v -1.231177 2.607639 -0.956216
v -0.238767 2.506444 -1.236221
v -0.661917 2.848061 -0.986466
v -1.087634 2.660760 -0.761171
v -3.136046 1.138369 0.861540
v -2.824981 1.298874 2.002593
v -2.824274 1.760631 2.447488
v -2.466584 2.220996 2.404986
v -2.046788 1.958623 2.201149
v -2.749737 1.266076 2.343612
v -2.706288 1.702698 2.777827
v -2.349927 2.122095 2.753405
v -1.948623 1.831143 2.537302
v -2.594801 1.206164 2.674222
v -2.188209 1.217353 2.540153
v -2.447439 1.538561 3.418266
v -2.148023 1.897065 3.405947
v -1.832872 1.631599 3.184453
v -2.378794 1.065600 3.258233
v -1.948042 1.119727 3.075842
v -2.367133 1.479478 3.630142
v -2.056620 1.869092 3.574660
v -1.785200 1.583445 3.343038
v -2.313655 1.019112 3.486745
v -1.900745 1.058010 3.263425
v -2.242153 1.429012 3.778140
v -1.981484 1.834002 3.704072
v -1.746260 1.565796 3.481028
v -2.196510 0.961998 3.615143
v -1.867329 1.018463 3.433457
v -1.842873 1.366439 3.937577
v -1.491876 1.683998 3.693902
v -1.472887 1.473662 3.423570
v -1.684557 0.886924 3.854575
v -1.626679 0.893364 3.486685
v -0.916363 1.482390 3.578070
v -0.882831 1.203436 3.382115
v -0.992449 0.844730 3.511198
v -0.221149 1.840616 -1.317523
v -0.785243 1.470767 -0.914366
v -1.284307 1.865740 -0.727567
v -0.077341 2.373456 -0.342248
v -0.325371 2.831298 -0.391872
v -0.561118 2.859280 -0.379458
v -0.711384 2.656148 -0.096881
v -0.352049 2.098141 -0.053797
v -0.673332 2.378629 0.022820
v -3.363997 1.775654 0.432287
v -2.689747 2.291456 0.389721
v -3.369339 1.145507 0.136339
v -3.564478 0.888491 0.019876
v -3.817094 -0.062046 -0.107269
v -3.756425 -0.298685 -0.207596
v -3.368606 -1.221328 -0.476021
v -3.263330 -1.486230 -0.507456
v -2.246702 -2.416094 -1.024859
v -1.489021 -2.187602 -2.688184
v -2.673695 1.148925 0.830369
v -1.049483 0.787091 3.777379
v -0.667619 1.101229 3.791722
v -1.884591 2.206319 -0.157804
v -1.318951 1.487719 3.780650
v -1.484317 1.282878 3.906762
v -1.439658 1.009451 3.900032
v -0.799716 0.885309 3.797186
v -0.747633 1.346577 3.666795
v -3.002741 1.570763 -1.285289
v -1.870222 -2.237930 -1.756035
v -2.348262 -1.847197 -1.833368
v -3.063571 -0.734169 -1.769389
v -3.333942 0.381366 -1.549582
v -1.879573 -2.311773 -0.844213
v -2.220645 1.584062 0.685119
v -2.811786 -0.762714 0.480907
v -2.966206 1.233626 1.133934
v -3.124634 1.770298 1.000998
v -2.724161 2.292280 0.834297
v -2.165019 2.074097 0.905537
v -0.868306 0.993332 3.351251
v -1.526645 1.172509 3.271045
v -1.723461 1.261211 3.414011
v -1.745091 1.305453 3.270920
v -1.818205 1.318904 3.089152
v -1.912103 1.450289 2.515693
v -2.027038 1.518728 2.182598
v -2.079592 1.477037 1.856936
v -0.744102 1.051044 3.686448
v -2.359384 1.237124 1.871485
v -2.300039 1.261501 2.154851
v -2.170729 1.578915 1.019480
v -2.477560 1.279602 1.085311
v -3.346705 0.876728 1.069569
v -2.766267 0.764001 2.132597
v -3.164159 0.413576 2.281093
v -3.814937 0.537620 1.193999
v -3.009169 0.667014 0.943899
v -2.420460 0.437890 1.810863
v -3.196885 -0.106977 2.284832
v -3.815615 -0.019756 1.111139
v -3.847847 -0.110588 0.714963
v -3.375010 -0.098875 0.937452
v -3.274588 -0.084411 0.731012
v -2.609896 0.758172 2.401847
v -2.967425 0.400737 2.597147
v -2.476072 0.445467 2.016395
v -2.980044 -0.118994 2.591023
v -2.761443 -0.204177 1.959276
v -2.333492 0.675521 2.413814
v -2.554045 0.316062 2.749811
v -2.236128 0.386657 2.003583
v -2.572258 -0.216599 2.711742
v -1.795714 0.577954 2.372687
v -1.930401 0.198980 2.706982
v -1.810573 0.286457 2.029557
v -1.977488 -0.287473 2.621698
v -2.399502 -0.256316 2.204896
v -1.943304 -0.262019 2.173518
v -1.607721 0.524930 2.451579
v -1.736580 0.151665 2.761843
v -1.657176 0.231920 2.107743
v -1.772514 -0.317449 2.665327
v -1.768034 -0.286854 2.220157
v -1.441770 0.497840 2.504942
v -1.562814 0.093062 2.770519
v -1.503108 0.248841 2.159949
v -1.632596 -0.359725 2.616119
v -1.625599 -0.285625 2.254128
v -1.075789 0.422249 2.369973
v -1.241708 -0.036053 2.562188
v -1.239033 0.368824 2.120036
v -1.376876 -0.358731 2.243969
v -1.484709 -0.183800 2.012725
v -0.936783 0.194299 1.653894
v -0.737810 0.268033 1.894656
v -1.010647 -0.370821 1.732679
v -1.082656 -0.170046 1.596292
v -1.007947 0.053827 1.510840
v -1.434078 0.191265 1.937059
v -1.568902 -0.044564 2.115014
v -1.701239 -0.042768 2.067946
v -1.869975 -0.028978 2.003887
v -2.255805 -0.063579 2.042798
v -2.512133 0.008662 2.049055
v -2.652718 -0.210657 2.182267
v -2.501770 -0.006062 1.836649
v -3.083053 0.232914 0.779776
v -0.698263 -0.125935 1.740243
v -1.154649 -0.282166 2.142842
v -1.080134 -0.069690 2.299179
v -0.954729 0.192496 2.241248
v -0.776018 -0.309691 1.681854
v -0.602050 -0.165785 1.703031
v -0.608723 0.075200 1.781255
v -4.047603 0.408350 0.488495
v -3.528663 0.957820 0.760494
v -3.002136 0.822534 0.812033
v -2.940011 0.423918 0.682571
v -3.649542 -0.380955 0.938478
v -2.665896 -0.422850 1.481122
v -2.771122 -0.901671 1.523243
v -3.885063 -0.825117 0.833644
v -3.238026 -0.440314 0.610857
v -2.360074 -0.510936 0.978082
v -2.649985 -1.342413 1.400579
v -3.731503 -1.258427 0.662591
v -3.590975 -1.349129 0.303688
v -3.186430 -1.161859 0.650517
v -3.017332 -1.233160 0.508305
v -2.409152 -0.431322 1.621357
v -2.495639 -0.900908 1.743967
v -2.120241 -0.527539 1.177278
v -2.358106 -1.354242 1.586340
v -2.428353 -1.218504 1.029598
v -2.118330 -0.449251 1.804912
v -2.234214 -0.904231 1.950382
v -1.866768 -0.552049 1.375121
v -2.048847 -1.346238 1.787494
v -2.145966 -1.211724 1.201355
v -1.530174 -0.480308 2.034497
v -1.525884 -0.915739 2.177072
v -1.443226 -0.639728 1.592051
v -1.443014 -1.349095 1.981504
v -1.871939 -1.190169 1.420588
v -1.411543 -1.177104 1.567309
v -1.342730 -0.481249 2.074118
v -1.322285 -0.917454 2.231777
v -1.298238 -0.650253 1.653274
v -1.246220 -1.334840 2.038918
v -1.256083 -1.195973 1.639548
v -1.182670 -0.474369 2.087264
v -1.152765 -0.915369 2.229527
v -1.164786 -0.638677 1.706060
v -1.090274 -1.316713 2.007285
v -1.123944 -1.165875 1.690967
v -0.866868 -0.487335 1.755730
v -0.810437 -0.912621 1.975029
v -1.060762 -0.609534 1.558365
v -0.837970 -1.283396 1.730002
v -1.056566 -1.185655 1.538305
v -0.750158 -0.716129 1.102320
v -0.582939 -0.541702 1.274161
v -0.570118 -1.227192 1.227987
v -0.728655 -1.108518 1.103180
v -0.770889 -0.882654 0.999319
v -1.164957 -0.856629 1.437941
v -1.141195 -0.908542 1.608205
v -1.257089 -0.914237 1.555913
v -1.406504 -0.920846 1.481850
v -1.786078 -0.896528 1.285244
v -2.037018 -0.887385 1.083694
v -2.322211 -0.846712 0.887710
v -3.076537 -0.760760 0.663357
v -0.450397 -0.886910 1.106817
v -0.682482 -1.140034 1.589844
v -0.687425 -0.910127 1.692522
v -0.697241 -0.655852 1.590423
v -0.403963 -1.096065 1.133774
v -0.317261 -0.882643 1.113147
v -0.410580 -0.671875 1.164541
v -3.988126 -0.799817 0.215379
v -3.787766 -0.291883 0.648040
v -3.238680 -0.361935 0.626970
v -3.104161 -1.846168 0.681617
v -2.680286 -1.900738 1.117841
v -2.696063 -2.355153 1.046019
v -3.019637 -2.301811 0.530030
v -2.537385 -1.822072 0.584614
v -2.297145 -1.860389 0.859528
v -2.468553 -2.734359 0.839339
v -2.758753 -2.665570 0.312545
v -2.689892 -2.596841 -0.045721
v -2.381013 -2.459006 0.349340
v -2.351156 -2.438026 0.172134
v -2.500020 -1.932267 1.322934
v -2.573438 -2.384762 1.253173
v -2.112495 -1.898922 1.047858
v -2.340715 -2.764507 1.062205
v -2.331302 -1.963331 1.558645
v -2.437588 -2.404064 1.499791
v -1.973349 -1.984351 1.232371
v -2.194029 -2.764150 1.277620
v -1.701899 -1.964993 1.813914
v -1.732403 -2.385013 1.895324
v -1.576614 -2.024556 1.423061
v -1.643345 -2.755313 1.665443
v -1.941034 -2.558907 1.071352
v -1.552382 -2.567961 1.325555
v -1.502494 -1.943342 1.853854
v -1.525387 -2.368517 1.982829
v -1.435255 -2.032623 1.478543
v -1.439231 -2.728637 1.763848
v -1.386004 -2.564462 1.412172
v -1.370460 -1.935093 1.896555
v -1.366794 -2.341776 2.013902
v -1.309425 -2.044020 1.545365
v -1.311020 -2.695152 1.763036
v -1.261434 -2.565074 1.470435
v -1.060656 -1.892604 1.689296
v -1.048586 -2.278192 1.922937
v -1.128108 -2.019938 1.441967
v -0.903930 -2.613466 1.708711
v -1.029552 -2.560469 1.442879
v -0.680796 -2.035690 1.209623
v -0.627314 -1.879658 1.414903
v -0.495866 -2.480207 1.433566
v -0.588970 -2.398610 1.254749
v -0.605888 -2.219595 1.133984
v -1.128698 -2.276541 1.297246
v -1.260653 -2.297152 1.426921
v -1.368132 -2.287822 1.367251
v -1.501192 -2.278745 1.295835
v -1.877270 -2.251826 1.066151
v -1.957422 -2.222096 0.935787
v -2.104065 -2.620352 0.892819
v -2.159047 -2.175417 0.698531
v -2.205002 -2.563331 0.673335
v -2.248480 -2.055462 0.415623
v -0.394013 -2.166046 1.358407
v -0.745669 -2.444752 1.672930
v -0.832677 -2.238491 1.744838
v -0.837983 -2.006845 1.645842
v -0.343661 -2.327224 1.416229
v -0.290642 -2.137395 1.419548
v -0.421393 -1.963665 1.406885
v -3.177417 -2.255809 -0.087220
v -3.392113 -1.610922 0.332963
v -2.657125 -1.663910 0.507950
v -2.077978 -2.002012 0.325646
v -2.107664 -0.564934 -0.275094
v -1.774746 -1.893580 -0.465505
v -1.501758 -2.135128 -1.627577
v -1.525928 -0.336167 -1.126389
v -1.326405 -1.681255 -1.292225
v -0.957302 1.448750 -1.260239
v -0.843560 2.146082 -2.764995
v -1.450927 1.740383 -1.115645
v -1.052831 -2.007246 -2.491673
v -0.834419 0.358111 -1.841786
v -1.015011 1.713238 -1.272874
v -0.335603 -0.469024 -2.706958
v 0.032853 0.518951 -3.406386
v -0.917422 -1.459514 -4.960973
v -0.197627 -0.666396 -3.518944
v -0.008207 1.348136 -4.646404
v -1.103606 0.535447 -5.528377
v -1.200371 -0.592150 -5.397023
v 0.108577 -1.623577 -6.967179
v -0.403703 -0.820579 -7.162100
v -0.460056 0.567089 -7.166370
v -0.025462 1.390949 -6.840480
v 1.078872 1.337337 -6.336586
v 1.687702 0.276200 -6.051242
v 1.471199 -0.926824 -6.116442
v -0.558697 1.744481 -1.995910
v -2.102682 0.553364 -0.195825
v -1.777411 1.498928 -0.164935
v -1.341410 1.020606 -1.319207
v -1.485347 2.007501 -1.061874
v -0.714212 1.280244 -5.201911
v -1.778876 1.884192 -3.725553
v -1.649718 2.257857 -2.747638
v -1.890116 2.447920 -1.372771
v -0.289928 2.747827 0.072270
v 0.016812 2.474636 0.124369
v -0.219310 2.213295 0.084841
v -0.650568 2.675798 -0.050265
v -0.721049 2.352957 -0.023961
v -0.383412 2.735608 0.342568
v 0.111324 2.540351 0.303042
v -0.042677 2.073267 0.276971
v -0.830083 2.527738 0.209606
v -0.743463 2.105287 0.205236
v -0.450208 2.610460 0.640713
v 0.116975 2.389699 0.824888
v -0.007852 1.922302 0.800187
v -0.975900 2.352450 0.848899
v -0.788633 1.906311 0.812093
v -0.012591 2.265441 1.444150
v -0.122828 2.011138 1.499175
v -0.779701 2.017341 1.444098
v -0.870336 2.219108 1.483916
v -0.404261 1.640962 0.955280
v -0.461490 1.960912 1.612570
v -0.412936 1.865633 0.323593
v -0.471433 2.150779 0.071680
v -0.489688 2.289476 1.645117
v -0.807641 2.464884 1.039721
v -0.435596 2.537359 0.984037
v -0.108665 2.459380 1.040933
v -0.757214 2.359145 1.648191
v -0.461813 2.455250 1.726617
v -0.162925 2.411460 1.633247
v -1.292531 1.355680 -4.594327
v -1.992284 1.372620 -3.971072
v 0.321355 0.469499 -4.256605
v -1.234264 -1.617305 -4.374648
v -1.543353 -0.624662 -4.718973
v -1.544971 0.510900 -4.809347
v -1.070148 -1.946516 -3.502467
v -1.546814 2.447684 -0.800296
v -1.441861 2.557166 -1.081278
v -0.507931 1.100699 -1.711255
v -0.339658 0.129451 -2.633616
v -0.151332 0.881384 -2.414531
v -2.135297 2.062436 -2.788178
v -0.505196 -1.477955 -3.207030
v -0.878091 -0.389930 -1.894361
v -0.634726 1.857075 -3.441767
v -0.121483 1.267334 -2.842603
v -1.399736 2.102634 -3.334600
v -0.453335 1.587196 -4.007892
v 0.223514 -0.795338 -4.186344
v -0.712844 -1.689532 -3.987414
v -0.549927 -1.071619 -2.587974
v -0.864518 -1.521395 -1.998771
v -0.316527 -1.595098 -4.501076
v 0.958634 -1.692616 -6.426234
v 0.443584 -1.274548 -7.313357
v 1.104697 -1.328242 -6.892647
v 0.045169 -0.650034 -7.464951
v 0.001343 0.429194 -7.468274
v 0.339339 1.069933 -7.214819
v 1.198210 1.028238 -6.822926
v 1.671714 0.202962 -6.601006
v 1.503334 -0.732664 -6.651715
vn -0.8739 0.3720 -0.3129
vn -0.9109 -0.1456 -0.3861
vn -0.8154 -0.4258 -0.3921
vn -0.8352 -0.3532 -0.4215
vn -0.4181 0.9070 -0.0503
vn -0.9107 0.1439 -0.3872
vn -0.9232 -0.1153 -0.3665
vn -0.7893 -0.5046 -0.3499
vn 0.6253 0.4356 -0.6475
vn -0.7591 0.6301 0.1635
vn 0.4692 0.8829 0.0163
vn 0.1599 0.8693 -0.4677
vn 0.7278 0.1522 -0.6687
vn 0.4109 0.7969 -0.4428
vn -0.3689 0.9018 0.2252
vn 0.4470 -0.8701 -0.2076
vn -0.4425 -0.8176 0.3684
vn -0.9601 -0.2038 0.1913
vn 0.0844 -0.9358 0.3424
vn -0.7704 0.6211 0.1435
vn 0.5382 0.8407 -0.0601
vn -0.9669 -0.1762 0.1844
vn -0.0716 -0.9974 0.0020
vn -0.7032 0.5998 0.3817
vn 0.5857 0.8063 0.0828
vn -0.9115 -0.2409 0.3334
vn -0.0409 -0.9908 -0.1288
vn -0.6830 0.5957 0.4227
vn 0.6447 0.7591 0.0904
vn -0.9218 -0.2515 0.2949
vn -0.0020 -0.9783 -0.2073
vn -0.1271 0.8142 -0.5665
vn -0.8717 -0.0113 -0.4899
vn -0.7673 -0.4400 -0.4666
vn 0.8896 0.4165 -0.1875
vn -0.6760 0.5910 0.4402
vn 0.6414 0.7612 -0.0955
vn -0.9425 -0.2083 0.2613
vn -0.0127 -0.9686 -0.2484
vn -0.6017 0.5300 0.5975
vn 0.6696 0.7290 -0.1419
vn -0.7738 -0.2717 0.5721
vn -0.0362 -0.9559 -0.2914
vn -0.0469 0.4351 0.8991
vn 0.1821 0.7510 -0.6346
vn -0.4201 -0.3120 0.8521
vn -0.1668 -0.9594 -0.2273
vn 0.1840 0.6884 -0.7016
vn -0.1203 -0.9853 -0.1214
vn -0.8896 0.1915 0.4146
vn 0.9628 0.2315 -0.1394
vn 0.4138 0.8860 -0.2092
vn -0.4501 0.8777 0.1643
vn 0.6995 -0.6826 0.2116
vn -0.3254 -0.6595 0.6777
vn -0.8358 0.1969 0.5125
vn -0.9944 -0.0380 0.0988
vn -0.6273 0.7466 -0.2216
vn -0.9060 0.4129 0.0938
vn -0.6140 0.7853 0.0794
vn -0.7597 0.6370 -0.1306
vn -0.9518 -0.2596 -0.1633
vn -0.9424 -0.1569 -0.2954
vn -0.9426 0.2394 -0.2327
vn -0.9642 -0.2617 -0.0422
vn -0.7767 -0.4876 -0.3987
vn -0.8374 -0.4825 -0.2567
vn -0.8978 -0.2840 -0.3365
vn -0.5478 -0.7150 -0.4343
vn -0.5397 -0.7352 -0.4100
vn -0.0420 -0.1721 0.9842
vn -0.0516 -0.6435 -0.7637
vn -0.3156 -0.2632 -0.9117
vn 0.8164 -0.5057 -0.2788
vn 0.7940 -0.4908 -0.3587
vn 0.6813 -0.6487 -0.3391
vn 0.6339 -0.7081 -0.3111
vn 0.6686 -0.7424 -0.0423
vn 0.6578 -0.7380 -0.1504
vn 0.9237 0.2321 -0.3048
vn -0.0162 -0.1226 0.9923
vn 0.1533 0.4655 0.8717
vn 0.5087 -0.5898 -0.6272
vn 0.2443 0.4365 0.8659
vn 0.1421 -0.0280 0.9895
vn 0.0585 -0.4014 0.9140
vn 0.3344 0.6857 0.6465
vn 0.4615 -0.3368 0.8207
vn -0.0095 -0.3509 0.9364
vn -0.6216 -0.7034 -0.3447
vn -0.7682 -0.4984 -0.4019
vn -0.8756 -0.0951 -0.4736
vn 0.2990 -0.9514 -0.0740
vn 0.3430 -0.9393 0.0127
vn 0.3132 -0.9483 0.0507
vn -0.2665 -0.1755 0.9477
vn 0.1776 0.9780 0.1091
vn 0.9157 0.0462 0.3992
vn 0.7480 -0.3797 0.5444
vn 0.2662 -0.1683 0.9491
vn -0.8928 -0.0817 0.4431
vn -0.6737 0.7258 0.1395
vn 0.3549 0.9343 0.0327
vn 0.1457 0.3241 -0.9347
vn -0.2546 0.3410 -0.9049
vn 0.9731 0.1474 -0.1772
vn 0.9377 0.1724 -0.3016
vn 0.9850 0.0968 -0.1429
vn 0.9563 0.0793 -0.2813
vn 0.9930 0.0160 -0.1170
vn 0.9940 -0.0263 -0.1058
vn 0.6678 -0.7406 -0.0745
vn 0.6100 -0.0453 -0.7911
vn -0.0135 -0.9998 0.0159
vn 0.9926 -0.1206 0.0175
vn 0.6714 -0.7305 -0.1247
vn -0.5028 0.7795 0.3737
vn 0.5332 0.8274 -0.1765
vn -0.8723 -0.0089 0.4890
vn -0.0328 -0.9920 0.1220
vn -0.5482 0.7574 0.3549
vn 0.7025 0.6953 -0.1516
vn -0.8317 0.0350 0.5542
vn -0.1735 -0.9822 0.0724
vn -0.0388 0.6150 0.7876
vn 0.2204 0.8078 -0.5467
vn -0.3218 -0.0303 0.9463
vn -0.2163 -0.9761 0.0219
vn 0.1695 0.6164 0.7689
vn 0.1530 0.7909 -0.5925
vn 0.0884 -0.1253 0.9882
vn -0.0728 -0.9973 -0.0009
vn -0.0850 0.6653 0.7417
vn 0.4775 0.6466 -0.5949
vn -0.2655 -0.1579 0.9511
vn -0.1266 -0.9896 -0.0676
vn 0.0030 0.5943 0.8043
vn 0.2297 0.7466 -0.6244
vn 0.0387 -0.2666 0.9630
vn -0.1495 -0.9803 -0.1293
vn 0.4939 0.2736 0.8254
vn -0.1729 0.9028 -0.3937
vn 0.5355 -0.5382 0.6509
vn -0.2785 -0.9015 -0.3311
vn 0.0606 0.9545 -0.2921
vn -0.5458 -0.7048 -0.4532
vn -0.7155 -0.0379 -0.6976
vn -0.8104 -0.0620 -0.5827
vn 0.2364 -0.5437 -0.8053
vn 0.1877 -0.5866 -0.7879
vn -0.0462 -0.5992 -0.7993
vn -0.0968 -0.5348 -0.8394
vn 0.6713 -0.7282 -0.1379
vn 0.5100 -0.7519 -0.4177
vn 0.6773 0.3268 -0.6591
vn 0.5526 -0.6636 0.5042
vn 0.7752 -0.0967 0.6243
vn -0.2601 0.3906 -0.8830
vn 0.7517 -0.2027 0.6275
vn 0.5535 -0.6471 0.5243
vn 0.3691 -0.8732 0.3183
vn 0.8183 0.1698 0.5491
vn -0.9556 -0.1423 0.2582
vn -0.6690 0.7034 0.2400
vn 0.3749 0.8706 0.3184
vn -0.3044 0.7941 -0.5261
vn -0.7227 0.5812 -0.3740
vn 0.3228 0.0783 -0.9432
vn 0.4090 0.0295 -0.9121
vn -0.0172 -0.0159 -0.9997
vn -0.0586 -0.0770 -0.9953
vn 0.9796 -0.1199 0.1610
vn 0.8453 -0.0659 -0.5301
vn 0.3592 -0.4339 -0.8262
vn -0.2844 0.3115 -0.9067
vn -0.1870 -0.9822 0.0188
vn 0.9142 -0.1461 0.3779
vn 0.8005 -0.5270 0.2852
vn -0.4973 0.1252 0.8585
vn 0.1026 0.9909 -0.0873
vn -0.5173 -0.4142 0.7489
vn 0.1121 -0.9232 0.3677
vn -0.5412 0.2489 0.8032
vn 0.1265 0.9856 -0.1123
vn -0.5413 -0.3901 0.7449
vn 0.1484 -0.9563 -0.2519
vn -0.5334 0.3412 0.7740
vn 0.1623 0.9791 -0.1226
vn -0.5173 -0.4477 0.7294
vn 0.2305 -0.9394 -0.2538
vn -0.3041 0.3275 0.8946
vn 0.2042 0.9565 -0.2083
vn -0.2787 -0.4358 0.8558
vn 0.1227 -0.9263 -0.3563
vn -0.2208 0.3120 0.9241
vn 0.1337 0.9329 -0.3345
vn -0.2294 -0.4394 0.8685
vn 0.1173 -0.9287 -0.3517
vn -0.0400 0.3212 0.9462
vn 0.0277 0.9238 -0.3818
vn 0.1199 -0.4327 0.8935
vn 0.1780 -0.9083 -0.3785
vn 0.6253 0.3528 0.6961
vn -0.3887 0.8672 -0.3112
vn 0.6290 -0.3815 0.6774
vn -0.3329 -0.9017 -0.2759
vn -0.3398 0.8671 -0.3643
vn -0.2708 -0.9140 -0.3022
vn -0.6922 -0.4072 -0.5958
vn -0.9552 -0.2528 -0.1542
vn 0.4041 -0.2573 -0.8778
vn 0.4067 -0.2767 -0.8707
vn 0.3425 -0.3983 -0.8509
vn 0.5623 -0.4589 -0.6879
vn 0.4720 -0.4323 -0.7683
vn 0.3390 -0.2464 -0.9079
vn 0.2948 0.4959 -0.8168
vn 0.8416 -0.2939 0.4531
vn 0.8465 0.2928 0.4446
vn -0.2061 -0.1700 -0.9637
vn 0.8118 0.2382 0.5331
vn 0.8290 -0.2459 0.5024
vn 0.7439 -0.5594 0.3657
vn 0.7647 0.4663 0.4447
vn -0.8724 -0.4889 -0.0007
vn -0.9231 0.2654 0.2785
vn 0.2639 0.8769 0.4017
vn -0.6396 0.5058 -0.5788
vn -0.9565 0.2267 -0.1837
vn 0.3412 0.3590 -0.8687
vn 0.3911 0.3758 -0.8402
vn 0.4671 0.3477 -0.8130
vn 0.5995 0.3295 -0.7294
vn 0.5943 0.3007 -0.7459
vn 0.3499 0.1596 -0.9231
vn 0.3199 -0.3874 -0.8646
vn -0.1980 0.2882 -0.9369
vn 0.1163 -0.9435 -0.3103
vn 0.4583 0.2637 0.8488
vn 0.5670 -0.1919 0.8010
vn -0.7812 -0.2039 0.5901
vn -0.0139 0.9897 0.1423
vn -0.6906 -0.6430 0.3312
vn 0.4705 -0.8803 -0.0607
vn -0.8067 -0.0129 0.5908
vn 0.0166 0.9869 0.1604
vn -0.7184 -0.6104 0.3336
vn 0.3259 -0.8813 -0.3422
vn -0.8377 0.0910 0.5385
vn 0.1270 0.9759 0.1775
vn -0.6659 -0.6414 0.3809
vn 0.4504 -0.8658 -0.2182
vn -0.4374 0.0929 0.8945
vn 0.0690 0.9955 -0.0654
vn -0.4105 -0.6077 0.6798
vn 0.2933 -0.8542 -0.4293
vn -0.3110 0.2480 0.9175
vn 0.0133 0.9822 -0.1875
vn -0.2952 -0.5506 0.7808
vn 0.2673 -0.8804 -0.3918
vn -0.2677 0.2792 0.9221
vn 0.1148 0.9633 -0.2426
vn 0.0263 -0.5461 0.8373
vn 0.2036 -0.9024 -0.3797
vn 0.3416 0.3863 0.8568
vn -0.3357 0.8774 -0.3427
vn 0.2642 -0.4858 0.8332
vn 0.0862 -0.9432 -0.3209
vn -0.2624 0.8479 -0.4607
vn 0.1336 -0.9284 -0.3467
vn -0.1841 -0.5245 -0.8313
vn -0.3492 -0.3589 -0.8656
vn 0.4419 -0.1585 -0.8829
vn 0.4574 -0.1709 -0.8727
vn 0.5236 -0.1501 -0.8386
vn 0.7796 -0.2008 -0.5932
vn 0.8085 -0.1487 -0.5694
vn 0.8847 -0.1485 -0.4418
vn 0.5678 0.5453 -0.6166
vn 0.5632 -0.1846 0.8054
vn 0.4642 0.4303 0.7742
vn 0.3206 -0.2295 -0.9190
vn 0.4290 0.3709 0.8237
vn 0.5401 -0.1121 0.8341
vn 0.5832 -0.4513 0.6755
vn 0.3721 0.6267 0.6846
vn -0.6882 -0.7252 -0.0226
vn -0.8744 -0.3886 0.2904
vn -0.0254 0.7216 0.6918
vn -0.3646 0.3667 -0.8559
vn -0.5940 0.3240 -0.7363
vn 0.4561 0.4508 -0.7673
vn 0.3931 0.4778 -0.7856
vn 0.4365 0.5458 -0.7152
vn 0.7843 0.5040 -0.3619
vn 0.6782 0.5296 -0.5095
vn 0.7004 0.6786 -0.2214
vn 0.7331 -0.3564 -0.5793
vn 0.2078 0.2544 -0.9445
vn 0.4072 -0.8254 -0.3911
vn 0.5650 0.4225 0.7087
vn 0.7603 -0.4815 0.4360
vn 0.2463 0.0713 0.9666
vn 0.7312 -0.0439 0.6808
vn 0.7876 0.2514 0.5626
vn 0.8035 -0.5275 0.2759
vn 0.9213 -0.3212 0.2190
vn 0.8371 0.0949 0.5388
vn 0.8124 -0.5028 0.2954
vn -0.7765 0.0351 -0.6292
vn 0.3417 -0.1220 0.9318
vn 0.8306 -0.0760 0.5516
vn 0.7730 0.6344 0.0088
vn 0.4295 -0.3003 0.8517
vn -0.0079 -0.9735 -0.2284
vn 0.6428 -0.6146 0.4572
vn -0.7966 -0.5048 -0.3325
vn -0.9210 -0.0062 -0.3894
vn -0.7888 0.5380 -0.2974
vn -0.0194 0.9996 0.0197
vn 0.7164 0.5117 0.4744
vn 0.8101 -0.1020 0.5774
vn 0.9043 -0.1448 0.4016
vn 0.8325 -0.0384 0.5527
vn 0.9174 0.0421 0.3958
vn -0.9035 0.2079 -0.3748
vn -0.6862 0.7087 -0.1642
vn -0.6290 0.7459 -0.2191
vn -0.0044 0.9687 -0.2481
vn 0.9810 -0.0578 -0.1854
vn 0.0153 -0.7763 0.6302
vn 0.5085 0.8534 0.1146
vn -0.6622 0.7165 0.2194
vn 0.5031 0.8580 -0.1034
vn 0.7271 -0.3355 -0.5989
vn -0.3538 0.9301 0.0990
vn -0.9145 -0.0317 -0.4032
vn 0.3065 0.8951 0.3239
vn 0.9534 -0.2781 -0.1172
vn -0.4119 0.8908 0.1920
vn -0.9317 -0.2830 -0.2278
vn 0.9396 -0.2991 0.1663
vn -0.9131 -0.4006 0.0755
vn -0.4947 -0.8296 0.2588
vn -0.4760 -0.8277 -0.2972
vn -0.2395 -0.6596 -0.7125
vn 0.9220 -0.1181 -0.3687
vn 0.3600 -0.0147 0.9329
vn -0.3335 0.9417 0.0448
vn 0.2870 0.9511 0.1141
vn -0.1417 -0.5796 0.8025
vn 0.1959 0.9748 0.1068
vn -0.2470 0.9592 0.1378
vn -0.7865 0.5807 0.2103
vn 0.6423 0.7392 0.2025
vn 0.4824 -0.8199 0.3084
vn 0.4591 -0.8396 -0.2904
vn 0.2366 -0.6361 -0.7344
vn 0.6053 0.3873 -0.6954
vn -0.4133 -0.2134 0.8852
vn 0.2444 -0.5790 0.7778
vn -0.6924 0.4669 -0.5501
vn -0.7675 0.5091 -0.3897
vn 0.8132 0.4959 0.3046
vn 0.8241 -0.5625 -0.0668
vn -0.7450 -0.4451 -0.4969
vn -0.7723 -0.0696 -0.6315
vn -0.6889 0.2891 -0.6647
vn -0.5255 -0.7738 -0.3537
vn -0.3487 0.8013 0.4862
vn -0.1168 0.9740 0.1942
vn 0.7480 -0.3843 0.5411
vn -0.3038 0.9351 -0.1824
vn 0.8649 -0.4401 0.2414
vn 0.9626 -0.1422 0.2307
vn -0.2801 0.9085 -0.3102
vn 0.5633 -0.8242 -0.0592
vn 0.7351 -0.0346 0.6770
vn 0.7989 0.0031 0.6015
vn 0.7474 -0.5780 0.3276
vn 0.6785 0.5782 0.4532
vn 0.9021 0.2579 0.3461
vn -0.6671 0.7423 -0.0631
vn 0.8884 0.4397 -0.1323
vn 0.1943 0.9454 -0.2618
vn 0.1378 0.8704 -0.4726
vn -0.1226 -0.9359 -0.3302
vn 0.9462 -0.1500 0.2866
vn 0.8927 -0.1271 0.4324
vn 0.9331 -0.2730 0.2343
vn 0.8603 -0.0954 0.5008
vn 0.6589 -0.5847 0.4732
vn -0.1320 -0.9912 -0.0113
vn 0.8478 -0.5128 -0.1351
vn 0.4733 0.0264 -0.8805
vn -0.5526 -0.0250 -0.8331
vn -0.3811 -0.4404 -0.8129
vn 0.8741 0.4776 -0.0890
vn 0.2765 -0.7974 -0.5363
vn 0.2566 0.8430 -0.4728
vn -0.3634 0.5021 -0.7847
vn 0.9842 -0.1769 -0.0051
vt 0.255347 0.356274
vt 0.199761 0.362034
vt 0.192914 0.314034
vt 0.243928 0.301811
vt 0.538431 0.119514
vt 0.594270 0.111999
vt 0.577723 0.164951
vt 0.526368 0.169484
vt 0.652696 0.111287
vt 0.646432 0.148323
vt 0.613984 0.173383
vt 0.603248 0.174692
vt 0.311397 0.504954
vt 0.318576 0.525854
vt 0.283650 0.548357
vt 0.285573 0.534058
vt 0.182991 0.248495
vt 0.163484 0.180617
vt 0.207186 0.173176
vt 0.227912 0.240896
vt 0.552752 0.064576
vt 0.563934 0.002490
vt 0.616045 0.000000
vt 0.605286 0.062634
vt 0.671221 0.016127
vt 0.661219 0.063324
vt 0.132661 0.305093
vt 0.105885 0.312306
vt 0.077360 0.283153
vt 0.116642 0.243485
vt 0.162170 0.469976
vt 0.162458 0.415835
vt 0.195336 0.420917
vt 0.192246 0.472863
vt 0.296760 0.672795
vt 0.296692 0.626384
vt 0.326559 0.620533
vt 0.324472 0.674366
vt 0.129249 0.337298
vt 0.113402 0.339753
vt 0.093413 0.326548
vt 0.070049 0.297681
vt 0.906219 0.231979
vt 0.902458 0.240393
vt 0.875037 0.230564
vt 0.878068 0.212870
vt 0.226756 0.906875
vt 0.225927 0.918070
vt 0.198500 0.920979
vt 0.196972 0.910244
vt 0.767510 0.598029
vt 0.725183 0.589811
vt 0.723158 0.570638
vt 0.769078 0.581638
vt 0.656809 0.663622
vt 0.620901 0.666452
vt 0.614129 0.639894
vt 0.656131 0.644452
vt 0.350196 0.563595
vt 0.377390 0.572550
vt 0.371358 0.614609
vt 0.348472 0.615132
vt 0.468655 0.882059
vt 0.481220 0.882019
vt 0.485130 0.901621
vt 0.471736 0.903261
vt 0.190528 0.492894
vt 0.161832 0.490433
vt 0.324646 0.694781
vt 0.298722 0.689519
vt 0.371353 0.633559
vt 0.346812 0.635048
vt 0.908224 0.666564
vt 0.907739 0.681793
vt 0.884416 0.684210
vt 0.885231 0.665415
vt 0.188475 0.510233
vt 0.161607 0.508461
vt 0.320538 0.712338
vt 0.294629 0.707088
vt 0.372763 0.652265
vt 0.347547 0.652531
vt 0.908661 0.701655
vt 0.887826 0.702386
vt 0.186216 0.543623
vt 0.162991 0.542745
vt 0.312624 0.745922
vt 0.291127 0.740835
vt 0.375945 0.683791
vt 0.351993 0.686053
vt 0.913674 0.730363
vt 0.890765 0.733699
vt 0.774209 0.423100
vt 0.803615 0.452879
vt 0.790912 0.476823
vt 0.727975 0.446565
vt 0.188713 0.131487
vt 0.175766 0.093176
vt 0.226979 0.093533
vt 0.237837 0.129042
vt 0.624253 0.804154
vt 0.655981 0.799546
vt 0.647744 0.849002
vt 0.617253 0.858000
vt 0.730254 0.516387
vt 0.783683 0.528689
vt 0.186803 0.553373
vt 0.161406 0.551958
vt 0.310134 0.754687
vt 0.288424 0.749313
vt 0.376628 0.694029
vt 0.353264 0.695596
vt 0.913395 0.740421
vt 0.890822 0.743937
vt 0.186710 0.560946
vt 0.161219 0.559883
vt 0.308961 0.762460
vt 0.287422 0.757592
vt 0.379607 0.701437
vt 0.355150 0.703171
vt 0.913460 0.749185
vt 0.893651 0.751474
vt 0.185148 0.573583
vt 0.160639 0.581348
vt 0.300141 0.782921
vt 0.283650 0.780860
vt 0.381061 0.721193
vt 0.357830 0.716057
vt 0.912978 0.770807
vt 0.895268 0.771003
vt 0.536824 0.932778
vt 0.530981 0.960540
vt 0.515680 0.963218
vt 0.522050 0.933570
vt 0.913078 0.800922
vt 0.899400 0.799284
vt 0.592896 0.948759
vt 0.627770 0.927055
vt 0.631815 0.938874
vt 0.589811 0.976939
vt 0.079179 0.368923
vt 0.053034 0.347006
vt 0.906663 0.269288
vt 0.886313 0.273449
vt 0.232265 0.949711
vt 0.209498 0.944376
vt 0.753446 0.646336
vt 0.722128 0.641957
vt 0.644150 0.716033
vt 0.614281 0.721194
vt 0.593173 0.899156
vt 0.613323 0.893914
vt 0.351487 0.504953
vt 0.376587 0.522691
vt 0.383694 0.561227
vt 0.346812 0.536003
vt 0.199296 0.393835
vt 0.160220 0.396057
vt 0.161317 0.363482
vt 0.233389 0.380027
vt 0.221531 0.382852
vt 0.230408 0.419120
vt 0.218747 0.421074
vt 0.263397 0.404916
vt 0.547670 0.190135
vt 0.548912 0.229142
vt 0.521228 0.216475
vt 0.558471 0.186470
vt 0.850279 0.042956
vt 0.823724 0.064704
vt 0.823616 0.025320
vt 0.832165 0.000000
vt 0.557451 0.226706
vt 0.605074 0.210818
vt 0.575938 0.204461
vt 0.615866 0.212682
vt 0.644418 0.193154
vt 0.682255 0.965184
vt 0.652068 0.969420
vt 0.652571 0.931958
vt 0.684438 0.926292
vt 0.652068 0.886375
vt 0.681445 0.880389
vt 0.995849 0.651006
vt 0.980296 0.649250
vt 0.984095 0.626889
vt 0.995849 0.624706
vt 0.932980 0.172338
vt 0.929892 0.142153
vt 0.948439 0.144775
vt 0.944012 0.177414
vt 0.931741 0.120834
vt 0.946123 0.120769
vt 0.931911 0.112119
vt 0.946626 0.112556
vt 0.932971 0.102223
vt 0.944717 0.102800
vt 0.930220 0.072852
vt 0.946440 0.074362
vt 0.928353 0.052850
vt 0.945814 0.056623
vt 0.926704 0.037645
vt 0.943339 0.041098
vt 0.928982 0.000000
vt 0.948439 0.000708
vt 0.239766 0.982667
vt 0.248533 0.969930
vt 0.254944 0.992838
vt 0.236961 0.992838
vt 0.373336 0.731492
vt 0.361401 0.729287
vt 0.170273 0.591447
vt 0.184219 0.586640
vt 0.415411 0.969174
vt 0.425249 0.977475
vt 0.405596 0.971744
vt 0.403947 0.965223
vt 0.167887 0.618587
vt 0.181496 0.624259
vt 0.366561 0.767100
vt 0.376870 0.761757
vt 0.383258 0.750092
vt 0.161331 0.608994
vt 0.988987 0.156299
vt 0.988501 0.172967
vt 0.968692 0.189970
vt 0.968692 0.134800
vt 0.986606 0.332321
vt 0.990536 0.362202
vt 0.975101 0.362202
vt 0.977965 0.330963
vt 0.681118 0.116943
vt 0.691251 0.072478
vt 0.518921 0.570069
vt 0.539078 0.569445
vt 0.532810 0.613220
vt 0.511736 0.611419
vt 0.529097 0.671382
vt 0.507527 0.665139
vt 0.521546 0.519759
vt 0.546983 0.520794
vt 0.992734 0.310745
vt 0.975101 0.297458
vt 0.984479 0.267186
vt 0.992734 0.274362
vt 0.323169 0.600171
vt 0.291145 0.604609
vt 0.288523 0.574332
vt 0.322421 0.567678
vt 0.287997 0.086496
vt 0.312801 0.078750
vt 0.319553 0.126460
vt 0.286462 0.116544
vt 0.370809 0.076042
vt 0.358741 0.133980
vt 0.987593 0.535897
vt 0.969401 0.515777
vt 0.970446 0.500586
vt 0.987593 0.478024
vt 0.505671 0.965627
vt 0.505671 0.932707
vt 0.506815 0.908628
vt 0.522039 0.909755
vt 0.507296 0.900407
vt 0.521324 0.901191
vt 0.506751 0.890480
vt 0.522417 0.892259
vt 0.506286 0.861727
vt 0.524322 0.859394
vt 0.506604 0.843866
vt 0.527256 0.841875
vt 0.283650 0.002671
vt 0.304844 0.000000
vt 0.309328 0.015588
vt 0.287364 0.019138
vt 0.309488 0.057375
vt 0.285684 0.064126
vt 0.416035 0.986327
vt 0.403947 0.988851
vt 0.472846 0.519313
vt 0.472975 0.504954
vt 0.478814 0.505582
vt 0.478814 0.529421
vt 0.889779 0.624706
vt 0.913674 0.627881
vt 0.485130 0.929732
vt 0.467292 0.923784
vt 0.235375 0.497179
vt 0.232002 0.437406
vt 0.260997 0.432098
vt 0.263397 0.494192
vt 0.196331 0.736495
vt 0.199909 0.679587
vt 0.220284 0.675392
vt 0.226410 0.734923
vt 0.517494 0.243865
vt 0.545164 0.246448
vt 0.534631 0.308878
vt 0.509296 0.304920
vt 0.836091 0.410205
vt 0.835199 0.392792
vt 0.865851 0.399495
vt 0.860573 0.413437
vt 0.263080 0.511478
vt 0.235327 0.515575
vt 0.228734 0.753053
vt 0.202495 0.754982
vt 0.531038 0.325584
vt 0.505770 0.321696
vt 0.859579 0.474785
vt 0.858899 0.491639
vt 0.830029 0.491047
vt 0.830668 0.474048
vt 0.262727 0.527410
vt 0.235711 0.531710
vt 0.225941 0.769743
vt 0.200423 0.771324
vt 0.531767 0.343883
vt 0.505797 0.338288
vt 0.861255 0.509310
vt 0.833712 0.509005
vt 0.259370 0.555921
vt 0.233191 0.557162
vt 0.220876 0.795815
vt 0.198132 0.794359
vt 0.530556 0.371107
vt 0.505986 0.368589
vt 0.865851 0.532460
vt 0.842649 0.535336
vt 0.260599 0.565548
vt 0.234742 0.566214
vt 0.220841 0.805097
vt 0.197624 0.803319
vt 0.529449 0.381287
vt 0.505670 0.378203
vt 0.865259 0.542532
vt 0.842226 0.545674
vt 0.260737 0.572999
vt 0.235130 0.574110
vt 0.221253 0.813015
vt 0.198506 0.811783
vt 0.530557 0.389136
vt 0.505994 0.386006
vt 0.864906 0.551387
vt 0.845016 0.553205
vt 0.258150 0.585787
vt 0.233393 0.594745
vt 0.215025 0.834511
vt 0.199777 0.837478
vt 0.528447 0.410209
vt 0.506249 0.399877
vt 0.863418 0.575995
vt 0.847807 0.574136
vt 0.211462 0.864140
vt 0.196331 0.866608
vt 0.863658 0.604487
vt 0.851456 0.603646
vt 0.888191 0.584077
vt 0.886103 0.555591
vt 0.905424 0.557565
vt 0.899727 0.588780
vt 0.889063 0.531250
vt 0.903641 0.531213
vt 0.889549 0.522461
vt 0.904418 0.522938
vt 0.890908 0.512501
vt 0.905305 0.513399
vt 0.887009 0.488946
vt 0.900370 0.493566
vt 0.886417 0.471122
vt 0.901076 0.476664
vt 0.886301 0.454367
vt 0.904022 0.458130
vt 0.886103 0.393267
vt 0.909616 0.392792
vt 0.206716 0.987374
vt 0.196331 0.975546
vt 0.216709 0.969930
vt 0.216709 0.990703
vt 0.519110 0.418974
vt 0.506979 0.414020
vt 0.244113 0.604699
vt 0.257670 0.599099
vt 0.472575 0.956588
vt 0.482912 0.949951
vt 0.472777 0.966873
vt 0.467292 0.966515
vt 0.247017 0.632502
vt 0.258580 0.636252
vt 0.506674 0.452226
vt 0.517213 0.448570
vt 0.525821 0.439890
vt 0.238303 0.623119
vt 0.222624 0.656471
vt 0.198589 0.664378
vt 0.984997 0.110762
vt 0.975139 0.114582
vt 0.975046 0.083645
vt 0.991079 0.082225
vt 0.973262 0.057291
vt 0.988961 0.056727
vt 0.973089 0.049062
vt 0.987435 0.048288
vt 0.972897 0.039575
vt 0.989147 0.039609
vt 0.968692 0.019692
vt 0.990503 0.016537
vt 0.969806 0.002780
vt 0.991079 0.000000
vt 0.783259 0.990629
vt 0.782775 0.969583
vt 0.802611 0.968774
vt 0.802611 0.990667
vt 0.969401 0.457805
vt 0.969401 0.392792
vt 0.993282 0.399470
vt 0.991315 0.456444
vt 0.011721 0.991827
vt 0.000000 0.996034
vt 0.000000 0.975708
vt 0.018687 0.981692
vt 0.472470 0.977991
vt 0.482912 0.985356
vt 0.899002 0.983440
vt 0.884416 0.982106
vt 0.893318 0.959752
vt 0.912450 0.960610
vt 0.884416 0.939350
vt 0.899336 0.935835
vt 0.829659 0.130589
vt 0.828895 0.078254
vt 0.851097 0.068543
vt 0.852605 0.125691
vt 0.877067 0.068810
vt 0.877490 0.018512
vt 0.905408 0.013730
vt 0.905648 0.067811
vt 0.576614 0.230885
vt 0.601394 0.227912
vt 0.602831 0.293117
vt 0.579512 0.290451
vt 0.830344 0.642360
vt 0.835476 0.624706
vt 0.864163 0.638715
vt 0.857912 0.647186
vt 0.853671 0.143112
vt 0.829663 0.144609
vt 0.905617 0.082307
vt 0.879505 0.084256
vt 0.602726 0.310189
vt 0.577928 0.307628
vt 0.855011 0.707552
vt 0.853416 0.723926
vt 0.830424 0.724856
vt 0.830361 0.707733
vt 0.854784 0.159379
vt 0.830568 0.161207
vt 0.906451 0.099311
vt 0.881681 0.100407
vt 0.601394 0.328236
vt 0.576678 0.323720
vt 0.851496 0.742258
vt 0.830028 0.743022
vt 0.852663 0.192763
vt 0.830629 0.190664
vt 0.905169 0.130109
vt 0.881810 0.125676
vt 0.602319 0.359249
vt 0.578194 0.359147
vt 0.855317 0.766318
vt 0.834848 0.773714
vt 0.852058 0.201347
vt 0.829558 0.198370
vt 0.903547 0.138419
vt 0.880838 0.133728
vt 0.601936 0.368849
vt 0.578532 0.368253
vt 0.856616 0.775264
vt 0.836534 0.783215
vt 0.850749 0.207578
vt 0.828181 0.205144
vt 0.902084 0.145694
vt 0.880461 0.141725
vt 0.602619 0.376290
vt 0.579237 0.375220
vt 0.858301 0.783732
vt 0.840909 0.790304
vt 0.848114 0.218891
vt 0.824148 0.223236
vt 0.894424 0.166125
vt 0.878681 0.164763
vt 0.602176 0.395324
vt 0.580818 0.388030
vt 0.861699 0.805007
vt 0.845563 0.809026
vt 0.889420 0.191966
vt 0.875037 0.192651
vt 0.864163 0.832665
vt 0.853238 0.834434
vt 0.793097 0.946869
vt 0.788510 0.919283
vt 0.806477 0.917353
vt 0.805526 0.948555
vt 0.787574 0.897920
vt 0.800705 0.895122
vt 0.785513 0.889464
vt 0.799802 0.887424
vt 0.785604 0.880468
vt 0.798754 0.878556
vt 0.783110 0.856359
vt 0.799705 0.856685
vt 0.782775 0.838109
vt 0.800718 0.839455
vt 0.782934 0.821787
vt 0.803189 0.821905
vt 0.786047 0.761418
vt 0.806477 0.763959
vt 0.984483 0.679477
vt 0.996697 0.671224
vt 0.996697 0.691109
vt 0.980296 0.688291
vt 0.594369 0.404496
vt 0.582520 0.400391
vt 0.832349 0.233285
vt 0.845382 0.229706
vt 0.253727 0.662881
vt 0.262862 0.656471
vt 0.255461 0.673404
vt 0.248986 0.673343
vt 0.830130 0.256395
vt 0.839870 0.260592
vt 0.583803 0.433946
vt 0.594474 0.430299
vt 0.601614 0.421269
vt 0.823616 0.246956
vt 0.902680 0.000000
vt 0.875037 0.007408
vt 0.943388 0.573527
vt 0.934238 0.576830
vt 0.933365 0.545830
vt 0.947989 0.545743
vt 0.932159 0.523103
vt 0.946708 0.522372
vt 0.931867 0.515340
vt 0.946115 0.514269
vt 0.931533 0.506395
vt 0.946615 0.506165
vt 0.931198 0.484667
vt 0.949149 0.481189
vt 0.929868 0.467692
vt 0.948741 0.465233
vt 0.929966 0.450403
vt 0.947949 0.449969
vt 0.930256 0.392792
vt 0.949149 0.399759
vt 0.990905 0.716088
vt 0.996711 0.727081
vt 0.980296 0.730225
vt 0.980296 0.711328
vt 0.253681 0.683843
vt 0.262862 0.690357
vt 0.371659 0.986075
vt 0.359727 0.985685
vt 0.366791 0.966932
vt 0.383695 0.961872
vt 0.359727 0.948476
vt 0.369426 0.943276
vt 0.930123 0.246892
vt 0.929043 0.221257
vt 0.948978 0.212870
vt 0.951918 0.241853
vt 0.935384 0.656246
vt 0.933927 0.637120
vt 0.960044 0.624706
vt 0.959011 0.652749
vt 0.646306 0.219983
vt 0.670795 0.215699
vt 0.674937 0.243855
vt 0.651192 0.248927
vt 0.505670 0.684880
vt 0.527544 0.688805
vt 0.953568 0.253424
vt 0.931293 0.258855
vt 0.958399 0.665839
vt 0.934730 0.670059
vt 0.677058 0.256013
vt 0.653269 0.260339
vt 0.527816 0.708515
vt 0.528137 0.720617
vt 0.512602 0.725864
vt 0.510163 0.713668
vt 0.954849 0.266750
vt 0.932974 0.272262
vt 0.960044 0.679514
vt 0.936529 0.684091
vt 0.678695 0.268728
vt 0.654814 0.273436
vt 0.535471 0.732199
vt 0.516672 0.737941
vt 0.954105 0.299277
vt 0.932676 0.299247
vt 0.957132 0.709901
vt 0.937007 0.707020
vt 0.683727 0.302409
vt 0.662114 0.308122
vt 0.544721 0.758847
vt 0.527845 0.769737
vt 0.953691 0.308307
vt 0.931422 0.307056
vt 0.955720 0.719020
vt 0.936426 0.715040
vt 0.684802 0.312630
vt 0.663701 0.317684
vt 0.548680 0.767779
vt 0.532129 0.778990
vt 0.952603 0.314207
vt 0.931247 0.313411
vt 0.955824 0.725856
vt 0.936641 0.723004
vt 0.686270 0.318280
vt 0.665160 0.324395
vt 0.551687 0.774637
vt 0.537077 0.782907
vt 0.951197 0.323090
vt 0.929043 0.326873
vt 0.951634 0.742309
vt 0.937272 0.742330
vt 0.689060 0.338802
vt 0.668490 0.334794
vt 0.560317 0.793720
vt 0.546667 0.801021
vt 0.949774 0.766423
vt 0.936954 0.767316
vt 0.569558 0.817841
vt 0.559713 0.821656
vt 0.733653 0.371589
vt 0.726086 0.346896
vt 0.742475 0.343736
vt 0.744238 0.372573
vt 0.722059 0.326244
vt 0.735594 0.324693
vt 0.720957 0.318752
vt 0.734837 0.317625
vt 0.719373 0.309023
vt 0.733958 0.309483
vt 0.716498 0.280426
vt 0.732836 0.284440
vt 0.711504 0.267861
vt 0.732914 0.272862
vt 0.713386 0.255401
vt 0.733274 0.255337
vt 0.717428 0.234903
vt 0.739184 0.236514
vt 0.981892 0.758335
vt 0.992310 0.750444
vt 0.995796 0.768662
vt 0.980296 0.768662
vt 0.682953 0.348258
vt 0.671807 0.346296
vt 0.936970 0.336149
vt 0.949321 0.332912
vt 0.682496 0.478055
vt 0.691069 0.472445
vt 0.683854 0.486305
vt 0.677937 0.486620
vt 0.936123 0.357255
vt 0.945654 0.361115
vt 0.677605 0.377375
vt 0.685738 0.372272
vt 0.691251 0.363038
vt 0.929870 0.348535
vt 0.671740 0.198525
vt 0.626164 0.229163
vt 0.439524 0.892794
vt 0.447039 0.906319
vt 0.430429 0.926748
vt 0.421299 0.917033
vt 0.382324 0.918631
vt 0.372800 0.923057
vt 0.369300 0.895163
vt 0.383694 0.893311
vt 0.366508 0.874704
vt 0.380680 0.874200
vt 0.366312 0.867512
vt 0.380498 0.866199
vt 0.366090 0.859222
vt 0.380649 0.858113
vt 0.364471 0.834662
vt 0.381053 0.834968
vt 0.363831 0.823501
vt 0.382422 0.820647
vt 0.364754 0.806040
vt 0.383694 0.806596
vt 0.365415 0.789532
vt 0.383648 0.787319
vt 0.840667 0.989924
vt 0.844102 1.000000
vt 0.828540 1.000000
vt 0.831781 0.983886
vt 0.682385 0.496483
vt 0.691069 0.502914
vt 0.423267 0.945004
vt 0.403947 0.944845
vt 0.745103 0.220153
vt 0.719049 0.218084
vt 0.403947 0.882019
vt 0.422189 0.895144
vt 0.428849 0.094976
vt 0.413176 0.144390
vt 0.485418 0.119110
vt 0.476280 0.162962
vt 0.743211 0.175804
vt 0.717197 0.163607
vt 0.993747 0.586495
vt 0.969401 0.592772
vt 0.975470 0.556673
vt 0.993747 0.556116
vt 0.463183 0.209060
vt 0.396606 0.193552
vt 0.720087 0.122636
vt 0.748121 0.131888
vt 0.456614 0.744318
vt 0.454369 0.784284
vt 0.403947 0.774692
vt 0.439824 0.731534
vt 0.711504 0.807181
vt 0.715423 0.763804
vt 0.744620 0.761418
vt 0.762523 0.799452
vt 0.393836 0.292110
vt 0.363319 0.285982
vt 0.357043 0.237675
vt 0.396013 0.243060
vt 0.604520 0.600264
vt 0.602473 0.552740
vt 0.654321 0.551848
vt 0.657685 0.590179
vt 0.762523 0.849375
vt 0.718268 0.846459
vt 0.438952 0.541768
vt 0.439397 0.576088
vt 0.403947 0.571676
vt 0.408608 0.538370
vt 0.114288 0.792175
vt 0.116433 0.692048
vt 0.167221 0.691088
vt 0.162404 0.791918
vt 0.163553 0.912881
vt 0.114288 0.905557
vt 0.115652 0.816217
vt 0.163553 0.812394
vt 0.156270 0.008598
vt 0.214743 0.000000
vt 0.134445 0.110495
vt 0.110420 0.026010
vt 0.300052 0.810428
vt 0.339997 0.803140
vt 0.339997 0.901730
vt 0.283650 0.896319
vt 0.007745 0.793841
vt 0.057947 0.793841
vt 0.061043 0.889170
vt 0.000000 0.876040
vt 0.337242 0.369233
vt 0.400565 0.370565
vt 0.394374 0.484735
vt 0.334050 0.481157
vt 0.335933 0.193918
vt 0.302950 0.167536
vt 0.283650 0.143096
vt 0.143102 0.245500
vt 0.149392 0.323368
vt 0.711504 0.411189
vt 0.750388 0.392792
vt 0.749830 0.660861
vt 0.718834 0.654524
vt 0.645345 0.728567
vt 0.615857 0.733313
vt 0.072274 0.378859
vt 0.044385 0.359200
vt 0.906741 0.288988
vt 0.882538 0.285853
vt 0.746108 0.672936
vt 0.716613 0.664984
vt 0.676234 0.753532
vt 0.686454 0.756083
vt 0.690178 0.784693
vt 0.677263 0.783722
vt 0.067327 0.388791
vt 0.039232 0.370990
vt 0.908791 0.299873
vt 0.883489 0.296659
vt 0.742868 0.688097
vt 0.711663 0.693142
vt 0.852652 0.280811
vt 0.846493 0.308655
vt 0.823616 0.312738
vt 0.823616 0.285164
vt 0.048035 0.410554
vt 0.033323 0.385657
vt 0.900897 0.327140
vt 0.878011 0.323961
vt 0.845665 0.340658
vt 0.833856 0.346612
vt 0.885728 0.353363
vt 0.875037 0.352947
vt 0.711504 0.971650
vt 0.713598 0.940871
vt 0.736943 0.946984
vt 0.726341 0.981695
vt 0.711504 0.913933
vt 0.733858 0.919362
vt 0.975101 0.246967
vt 0.975101 0.224110
vt 0.983616 0.216837
vt 0.986789 0.240852
vt 1.000000 0.212870
vt 0.997931 0.235599
vt 0.688362 0.847983
vt 0.676234 0.852681
vt 0.676234 0.827299
vt 0.690936 0.831086
vt 0.033811 0.409965
vt 0.022669 0.399374
vt 0.721902 0.704993
vt 0.738716 0.704956
vt 0.950709 0.954907
vt 0.959039 0.946999
vt 0.957407 0.966151
vt 0.949215 0.970423
vt 0.719766 0.734065
vt 0.733725 0.741199
vt 0.000000 0.427603
vt 0.013711 0.433093
vt 0.025438 0.433953
vt 0.711504 0.725143
vt 0.064140 0.918717
vt 0.076994 0.909389
vt 0.089335 0.943433
vt 0.066357 0.954019
vt 0.088224 0.973918
vt 0.064140 0.980257
vt 0.691080 0.807080
vt 0.676234 0.803752
vt 0.589811 0.887677
vt 0.608787 0.880389
vt 0.969156 0.947679
vt 0.971180 0.961747
vt 0.957995 0.983451
vt 0.971180 0.987668
vt 0.146317 0.145060
vt 0.135994 0.194111
vt 0.657685 0.484901
vt 0.654649 0.520399
vt 0.589811 0.509632
vt 0.608718 0.472445
vt 0.787214 0.006328
vt 0.746194 0.034337
vt 0.711504 0.028692
vt 0.725176 0.000000
vt 0.589811 0.860170
vt 0.589811 0.802735
vt 0.591965 0.753838
vt 0.638058 0.753532
vt 0.114288 0.933100
vt 0.145835 0.933546
vt 0.145835 0.977788
vt 0.118263 0.978133
vt 0.196331 0.894071
vt 0.232265 0.886827
vt 0.756627 0.893714
vt 0.717601 0.879017
vt 0.721187 0.078117
vt 0.771499 0.058784
vt 0.752996 0.094410
vt 0.000000 0.955489
vt 0.000000 0.909389
vt 0.043888 0.910565
vt 0.039211 0.941189
vt 0.809776 0.522943
vt 0.768974 0.496642
vt 0.532981 0.472445
vt 0.569558 0.474617
vt 0.452818 0.250801
vt 0.456614 0.823681
vt 0.406980 0.816126
vt 0.440304 0.858628
vt 0.410905 0.861800
vt 0.727988 0.478001
vt 0.416088 0.504953
vt 0.438002 0.510472
vt 0.399362 0.330808
vt 0.339052 0.325853
vt 0.803363 0.043389
vt 0.427365 0.283169
vt 0.114288 0.656471
vt 0.176078 0.662945
vt 0.452593 0.686043
vt 0.403947 0.685308
vt 0.949215 0.868301
vt 0.956654 0.821141
vt 0.982921 0.836270
vt 0.977135 0.872948
vt 0.067139 0.657276
vt 0.089574 0.687356
vt 0.094036 0.740810
vt 0.074745 0.773622
vt 0.027833 0.773622
vt 0.000000 0.733847
vt 0.006429 0.687099
vt 0.028184 0.656471
vt 0.828540 0.916399
vt 0.838408 0.854653
vt 0.864163 0.864334
vt 0.856489 0.912356
vt 0.838408 0.963667
vt 0.864163 0.949118
vt 0.311017 0.921949
vt 0.311017 0.983695
vt 0.283650 0.980118
vt 0.283650 0.932096
vt 0.445040 0.711315
vt 0.407206 0.710743
vt 0.928963 0.860017
vt 0.910904 0.915616
vt 0.884416 0.903427
vt 0.898461 0.860186
vt 0.910904 0.821141
vt 0.884416 0.829951
vt 0.956654 0.926780
vt 0.982921 0.918429
s 0
usemtl Hand_Skin_Mat
f 2/1/1 3/2/1 88/3/1 92/4/1
f 92/5/2 91/6/2 6/7/2 2/8/2
f 91/6/3 90/9/3 7/10/3 6/7/3
f 6/7/4 7/10/4 76/11/4 75/12/4
f 9/13/5 343/14/5 381/15/5 14/16/5
f 1/17/6 375/18/6 10/19/6 4/20/6
f 4/21/7 10/22/7 11/23/7 5/24/7
f 5/24/8 11/23/8 12/25/8 8/26/8
f 9/27/9 20/28/9 13/29/9 342/30/9
f 18/31/10 98/32/10 97/33/10 17/34/10
f 19/35/11 99/36/11 98/37/11 18/38/11
f 14/39/12 21/40/12 20/28/12 9/27/12
f 20/28/13 23/41/13 60/42/13 13/29/13
f 21/43/14 24/44/14 23/45/14 20/46/14
f 22/47/15 25/48/15 24/49/15 21/50/15
f 60/51/16 61/52/16 315/53/16 13/54/16
f 61/55/17 62/56/17 317/57/17 315/58/17
f 97/59/18 96/60/18 27/61/18 17/62/18
f 96/63/19 26/64/19 79/65/19 112/66/19
f 17/34/20 28/67/20 29/68/20 18/31/20
f 18/38/21 29/69/21 30/70/21 19/35/21
f 27/61/22 31/71/22 28/72/22 17/62/22
f 109/73/23 110/74/23 31/75/23 27/76/23
f 28/67/24 32/77/24 33/78/24 29/68/24
f 29/69/25 33/79/25 34/80/25 30/70/25
f 31/71/26 35/81/26 32/82/26 28/72/26
f 110/74/27 36/83/27 35/84/27 31/75/27
f 32/77/28 37/85/28 38/86/28 33/78/28
f 33/79/29 38/87/29 39/88/29 34/80/29
f 35/81/30 40/89/30 37/90/30 32/82/30
f 36/83/31 41/91/31 40/92/31 35/84/31
f 374/93/32 375/94/32 341/95/32 392/96/32
f 379/97/33 326/98/33 327/99/33 378/100/33
f 378/101/34 327/102/34 323/103/34 377/104/34
f 13/54/35 315/53/35 316/105/35 342/106/35
f 37/85/36 42/107/36 43/108/36 38/86/36
f 38/87/37 43/109/37 44/110/37 39/88/37
f 40/89/38 45/111/38 42/112/38 37/90/38
f 41/91/39 46/113/39 45/114/39 40/92/39
f 42/107/40 47/115/40 48/116/40 43/108/40
f 43/109/41 48/117/41 49/118/41 44/110/41
f 45/111/42 50/119/42 47/120/42 42/112/42
f 46/113/43 51/121/43 50/122/43 45/114/43
f 47/115/44 52/123/44 53/124/44 48/116/44
f 48/117/45 53/125/45 54/126/45 49/118/45
f 50/119/46 55/127/46 52/128/46 47/120/46
f 51/121/47 56/129/47 55/130/47 50/122/47
f 53/131/48 57/132/48 58/133/48 54/134/48
f 56/129/49 59/135/49 80/136/49 55/130/49
f 62/137/50 25/138/50 22/139/50 317/140/50
f 23/41/51 64/141/51 63/142/51 60/42/51
f 24/44/52 65/143/52 64/144/52 23/45/52
f 25/48/53 66/145/53 65/146/53 24/49/53
f 60/51/54 63/147/54 67/148/54 61/52/54
f 61/55/55 67/149/55 68/150/55 62/56/55
f 62/137/56 68/151/56 66/152/56 25/138/56
f 3/153/57 71/154/57 26/155/57 69/156/57
f 3/2/58 69/157/58 70/158/58 15/159/58
f 2/1/59 72/160/59 71/161/59 3/2/59
f 71/161/60 72/160/60 176/162/60 26/163/60
f 175/164/61 176/162/61 72/160/61 2/1/61
f 2/8/62 73/165/62 121/166/62 175/167/62
f 74/168/63 73/165/63 2/8/63 6/7/63
f 241/169/64 242/170/64 74/171/64 6/172/64
f 73/165/65 74/168/65 242/173/65 121/166/65
f 6/7/66 75/12/66 187/174/66 241/175/66
f 75/12/67 76/11/67 307/176/67 187/174/67
f 76/11/68 7/10/68 306/177/68 307/176/68
f 90/178/69 89/179/69 77/180/69 7/181/69
f 7/181/70 77/180/70 252/182/70 306/183/70
f 177/184/71 79/185/71 26/186/71 176/187/71
f 59/188/72 56/189/72 101/190/72 100/191/72
f 101/190/73 56/189/73 51/192/73 102/193/73
f 102/193/74 51/192/74 46/194/74 103/195/74
f 103/195/75 46/194/75 41/196/75 104/197/75
f 104/197/76 41/196/76 36/198/76 105/199/76
f 105/199/77 36/198/77 110/200/77 106/201/77
f 106/201/78 110/200/78 109/202/78 107/203/78
f 109/202/79 112/204/79 111/205/79 107/203/79
f 58/206/80 57/207/80 108/208/80 100/209/80
f 85/210/81 84/211/81 52/128/81 55/127/81
f 83/212/82 53/124/82 52/123/82 84/213/82
f 86/214/83 80/215/83 108/216/83 81/217/83
f 87/218/84 83/212/84 84/213/84 81/219/84
f 81/220/85 84/211/85 85/210/85 86/221/85
f 85/210/86 55/127/86 80/222/86 86/221/86
f 83/212/87 87/218/87 57/223/87 53/124/87
f 79/224/88 177/225/88 178/226/88 94/227/88
f 242/228/89 243/229/89 123/230/89 121/231/89
f 89/232/90 90/9/90 8/26/90 78/233/90
f 90/9/91 91/6/91 5/24/91 8/26/91
f 91/6/92 92/5/92 4/21/92 5/24/92
f 89/234/93 312/235/93 93/236/93 77/237/93
f 77/237/94 93/236/94 254/238/94 252/239/94
f 78/240/95 318/241/95 312/235/95 89/234/95
f 308/242/96 189/243/96 187/244/96 307/245/96
f 70/246/97 16/247/97 82/248/97 15/249/97
f 16/250/98 94/251/98 337/252/98 82/253/98
f 94/251/99 178/254/99 336/255/99 337/252/99
f 178/256/100 123/257/100 243/258/100 95/259/100
f 96/60/101 97/59/101 69/156/101 26/155/101
f 97/33/102 98/32/102 70/158/102 69/157/102
f 70/246/103 98/37/103 99/36/103 16/247/103
f 58/133/104 100/260/104 101/261/104 54/134/104
f 54/134/105 101/261/105 102/262/105 49/263/105
f 49/263/106 102/262/106 103/264/106 44/265/106
f 44/265/107 103/264/107 104/266/107 39/267/107
f 39/267/108 104/266/108 105/268/108 34/269/108
f 34/269/109 105/268/109 106/270/109 30/271/109
f 30/272/110 106/273/110 107/274/110 19/275/110
f 107/274/111 111/276/111 99/277/111 19/275/111
f 59/278/112 100/279/112 108/216/112 80/215/112
f 87/280/113 81/281/113 108/282/113 57/283/113
f 96/284/114 112/285/114 109/73/114 27/76/114
f 16/250/115 99/277/115 111/276/115 94/251/115
f 94/286/116 111/287/116 112/66/116 79/65/116
f 114/288/117 113/289/117 116/290/117 115/291/117
f 118/292/118 117/293/118 113/294/118 114/295/118
f 116/296/119 120/297/119 119/298/119 115/299/119
f 120/300/120 121/301/120 123/302/120 122/303/120
f 115/291/121 125/304/121 124/305/121 114/288/121
f 114/295/122 124/306/122 126/307/122 118/292/122
f 119/298/123 127/308/123 125/309/123 115/299/123
f 128/310/124 165/311/124 127/312/124 119/313/124
f 125/304/125 130/314/125 129/315/125 124/305/125
f 124/306/126 129/316/126 131/317/126 126/307/126
f 127/308/127 132/318/127 130/319/127 125/309/127
f 165/311/128 137/320/128 132/321/128 127/312/128
f 130/314/129 134/322/129 133/323/129 129/315/129
f 129/316/130 133/324/130 135/325/130 131/317/130
f 132/318/131 136/326/131 134/327/131 130/319/131
f 137/320/132 138/328/132 136/329/132 132/321/132
f 134/322/133 140/330/133 139/331/133 133/323/133
f 133/324/134 139/332/134 141/333/134 135/325/134
f 136/326/135 142/334/135 140/335/135 134/327/135
f 138/328/136 143/336/136 142/337/136 136/329/136
f 140/330/137 145/338/137 144/339/137 139/331/137
f 139/332/138 144/340/138 146/341/138 141/333/138
f 142/334/139 147/342/139 145/343/139 140/335/139
f 143/336/140 148/344/140 147/345/140 142/337/140
f 145/338/141 150/346/141 149/347/141 144/339/141
f 144/340/142 149/348/142 151/349/142 146/341/142
f 147/342/143 152/350/143 150/351/143 145/343/143
f 148/344/144 153/352/144 152/353/144 147/345/144
f 149/348/145 155/354/145 154/355/145 151/349/145
f 153/352/146 157/356/146 156/357/146 152/353/146
f 157/358/147 153/359/147 159/360/147 158/361/147
f 159/360/148 153/359/148 148/362/148 160/363/148
f 160/363/149 148/362/149 143/364/149 161/365/149
f 161/365/150 143/364/150 138/366/150 162/367/150
f 162/367/151 138/366/151 137/368/151 163/369/151
f 163/369/152 137/368/152 165/370/152 164/371/152
f 164/371/153 165/370/153 128/372/153 166/373/153
f 128/372/154 122/374/154 167/375/154 166/373/154
f 154/376/155 155/377/155 168/378/155 158/379/155
f 169/380/156 170/381/156 150/351/156 152/350/156
f 171/382/157 149/347/157 150/346/157 170/383/157
f 172/384/158 156/385/158 168/386/158 173/387/158
f 174/388/159 171/382/159 170/383/159 173/389/159
f 173/390/160 170/381/160 169/380/160 172/391/160
f 169/380/161 152/350/161 156/392/161 172/391/161
f 171/382/162 174/388/162 155/393/162 149/347/162
f 120/297/163 116/296/163 175/167/163 121/166/163
f 116/290/164 113/289/164 176/162/164 175/164/164
f 176/394/165 113/294/165 117/293/165 177/395/165
f 154/396/166 158/397/166 159/398/166 151/399/166
f 151/399/167 159/398/167 160/400/167 146/401/167
f 146/401/168 160/400/168 161/402/168 141/403/168
f 141/403/169 161/402/169 162/404/169 135/405/169
f 135/405/170 162/404/170 163/406/170 131/407/170
f 131/407/171 163/406/171 164/408/171 126/409/171
f 126/410/172 164/411/172 166/412/172 118/413/172
f 166/414/173 167/415/173 117/416/173 118/417/173
f 157/418/174 158/419/174 168/420/174 156/421/174
f 174/422/175 173/387/175 168/386/175 155/423/175
f 120/300/176 122/303/176 128/310/176 119/313/176
f 177/424/177 117/425/177 167/426/177 178/427/177
f 178/427/178 167/426/178 122/428/178 123/429/178
f 180/430/179 179/431/179 182/432/179 181/433/179
f 184/434/180 183/435/180 179/436/180 180/437/180
f 182/438/181 186/439/181 185/440/181 181/441/181
f 186/442/182 187/443/182 189/444/182 188/445/182
f 181/433/183 191/446/183 190/447/183 180/430/183
f 180/437/184 190/448/184 192/449/184 184/434/184
f 185/440/185 193/450/185 191/451/185 181/441/185
f 194/452/186 199/453/186 193/454/186 185/455/186
f 191/446/187 196/456/187 195/457/187 190/447/187
f 190/448/188 195/458/188 197/459/188 192/449/188
f 193/450/189 198/460/189 196/461/189 191/451/189
f 199/453/190 204/462/190 198/463/190 193/454/190
f 196/456/191 201/464/191 200/465/191 195/457/191
f 195/458/192 200/466/192 202/467/192 197/459/192
f 198/460/193 203/468/193 201/469/193 196/461/193
f 204/462/194 205/470/194 203/471/194 198/463/194
f 201/464/195 207/472/195 206/473/195 200/465/195
f 200/466/196 206/474/196 208/475/196 202/467/196
f 203/468/197 209/476/197 207/477/197 201/469/197
f 205/470/198 210/478/198 209/479/198 203/471/198
f 207/472/199 212/480/199 211/481/199 206/473/199
f 206/474/200 211/482/200 213/483/200 208/475/200
f 209/476/201 214/484/201 212/485/201 207/477/201
f 210/478/202 215/486/202 214/487/202 209/479/202
f 212/480/203 217/488/203 216/489/203 211/481/203
f 211/482/204 216/490/204 218/491/204 213/483/204
f 214/484/205 219/492/205 217/493/205 212/485/205
f 215/486/206 220/494/206 219/495/206 214/487/206
f 216/490/207 222/496/207 221/497/207 218/491/207
f 220/494/208 224/498/208 223/499/208 219/495/208
f 224/500/209 220/501/209 226/502/209 225/503/209
f 226/502/210 220/501/210 215/504/210 227/505/210
f 227/505/211 215/504/211 210/506/211 228/507/211
f 228/507/212 210/506/212 205/508/212 229/509/212
f 229/509/213 205/508/213 204/510/213 230/511/213
f 230/511/214 204/510/214 199/512/214 231/513/214
f 231/513/215 199/512/215 194/514/215 232/515/215
f 194/514/216 188/516/216 233/517/216 232/515/216
f 221/518/217 222/519/217 234/520/217 225/521/217
f 235/522/218 236/523/218 217/493/218 219/492/218
f 237/524/219 216/489/219 217/488/219 236/525/219
f 238/526/220 223/527/220 234/528/220 239/529/220
f 240/530/221 237/524/221 236/525/221 239/531/221
f 239/532/222 236/523/222 235/522/222 238/533/222
f 235/522/223 219/492/223 223/534/223 238/533/223
f 237/524/224 240/530/224 222/535/224 216/489/224
f 186/439/225 182/438/225 241/175/225 187/174/225
f 182/432/226 179/431/226 242/170/226 241/169/226
f 242/536/227 179/436/227 183/435/227 243/537/227
f 221/538/228 225/539/228 226/540/228 218/541/228
f 218/541/229 226/540/229 227/542/229 213/543/229
f 213/543/230 227/542/230 228/544/230 208/545/230
f 208/545/231 228/544/231 229/546/231 202/547/231
f 202/547/232 229/546/232 230/548/232 197/549/232
f 197/549/233 230/548/233 231/550/233 192/551/233
f 192/551/234 231/550/234 232/552/234 184/553/234
f 232/552/235 233/554/235 183/555/235 184/553/235
f 224/556/236 225/557/236 234/558/236 223/559/236
f 240/560/237 239/529/237 234/528/237 222/561/237
f 186/442/238 188/445/238 194/452/238 185/455/238
f 243/562/239 183/563/239 233/564/239 95/565/239
f 95/565/240 233/564/240 188/566/240 189/567/240
f 245/568/241 244/569/241 247/570/241 246/571/241
f 249/572/242 248/573/242 244/574/242 245/575/242
f 247/576/243 251/577/243 250/578/243 246/579/243
f 251/580/244 252/239/244 254/238/244 253/581/244
f 246/571/245 256/582/245 255/583/245 245/568/245
f 245/575/246 255/584/246 257/585/246 249/572/246
f 250/578/247 258/586/247 256/587/247 246/579/247
f 297/588/248 295/589/248 258/590/248 250/591/248
f 256/582/249 260/592/249 259/593/249 255/583/249
f 255/584/250 259/594/250 261/595/250 257/585/250
f 258/586/251 262/596/251 260/597/251 256/587/251
f 295/589/252 267/598/252 262/599/252 258/590/252
f 260/592/253 264/600/253 263/601/253 259/593/253
f 259/594/254 263/602/254 265/603/254 261/595/254
f 262/596/255 266/604/255 264/605/255 260/597/255
f 267/598/256 268/606/256 266/607/256 262/599/256
f 264/600/257 270/608/257 269/609/257 263/601/257
f 263/602/258 269/610/258 271/611/258 265/603/258
f 266/604/259 272/612/259 270/613/259 264/605/259
f 268/606/260 273/614/260 272/615/260 266/607/260
f 270/608/261 275/616/261 274/617/261 269/609/261
f 269/610/262 274/618/262 276/619/262 271/611/262
f 272/612/263 277/620/263 275/621/263 270/613/263
f 273/614/264 278/622/264 277/623/264 272/615/264
f 275/616/265 280/624/265 279/625/265 274/617/265
f 274/618/266 279/626/266 281/627/266 276/619/266
f 277/620/267 282/628/267 280/629/267 275/621/267
f 278/622/268 283/630/268 282/631/268 277/623/268
f 279/626/269 285/632/269 284/633/269 281/627/269
f 283/630/270 287/634/270 286/635/270 282/631/270
f 287/636/271 283/637/271 289/638/271 288/639/271
f 289/638/272 283/637/272 278/640/272 290/641/272
f 290/641/273 278/640/273 273/642/273 291/643/273
f 291/643/274 273/642/274 268/644/274 292/645/274
f 292/645/275 268/644/275 267/646/275 293/647/275
f 293/647/276 267/646/276 295/648/276 294/649/276
f 294/649/277 295/648/277 297/650/277 296/651/277
f 297/650/278 253/652/278 298/653/278 296/651/278
f 284/654/279 285/655/279 299/656/279 288/657/279
f 300/658/280 301/659/280 280/629/280 282/628/280
f 302/660/281 279/625/281 280/624/281 301/661/281
f 303/662/282 286/663/282 299/664/282 304/665/282
f 305/666/283 302/660/283 301/661/283 304/667/283
f 304/668/284 301/659/284 300/658/284 303/669/284
f 300/658/285 282/628/285 286/670/285 303/669/285
f 302/660/286 305/666/286 285/671/286 279/625/286
f 251/577/287 247/576/287 306/177/287 252/672/287
f 247/576/288 244/673/288 307/176/288 306/177/288
f 307/674/289 244/675/289 248/676/289 308/677/289
f 284/678/290 288/679/290 289/680/290 281/681/290
f 281/681/291 289/680/291 290/682/291 276/683/291
f 276/683/292 290/682/292 291/684/292 271/685/292
f 271/685/293 291/684/293 292/686/293 265/687/293
f 265/687/294 292/686/294 293/688/294 261/689/294
f 261/689/295 293/688/295 294/690/295 257/691/295
f 257/691/296 294/690/296 296/692/296 249/693/296
f 296/692/297 298/694/297 248/695/297 249/693/297
f 287/696/298 288/697/298 299/698/298 286/699/298
f 305/700/299 304/665/299 299/664/299 285/701/299
f 251/580/300 253/581/300 297/588/300 250/591/300
f 308/677/301 248/676/301 298/702/301 309/703/301
f 309/704/302 298/653/302 253/652/302 254/705/302
f 308/677/303 309/703/303 95/706/303 189/707/303
f 95/708/304 310/709/304 336/255/304 178/254/304
f 309/710/305 311/711/305 310/709/305 95/708/305
f 311/712/306 309/704/306 254/705/306 93/713/306
f 339/714/307 382/715/307 14/716/307 381/717/307
f 311/711/308 314/718/308 313/719/308 310/709/308
f 93/713/309 312/720/309 314/721/309 311/712/309
f 382/722/310 320/723/310 317/724/310 22/725/310
f 320/726/311 382/727/311 339/728/311 338/729/311
f 321/730/312 384/731/312 319/732/312 388/733/312
f 335/734/313 390/735/313 389/736/313 316/737/313
f 319/738/314 383/739/314 320/726/314 338/729/314
f 377/740/315 323/741/315 397/742/315 394/743/315
f 334/744/316 393/745/316 397/746/316 398/747/316
f 323/748/317 327/749/317 329/750/317 328/751/317
f 327/99/318 326/98/318 330/752/318 329/753/318
f 326/98/319 340/754/319 331/755/319 330/752/319
f 340/756/320 325/757/320 332/758/320 331/759/320
f 325/760/321 376/761/321 333/762/321 332/763/321
f 376/764/322 393/765/322 334/766/322 333/767/322
f 336/255/323 338/768/323 339/769/323 337/252/323
f 336/255/324 310/709/324 313/719/324 338/768/324
f 381/770/325 82/253/325 337/252/325 339/769/325
f 88/3/326 1/17/326 4/20/326 92/4/326
f 386/771/327 1/17/327 88/3/327 343/772/327
f 343/772/328 88/3/328 3/2/328 15/159/328
f 325/773/329 340/774/329 374/93/329 392/96/329
f 63/147/330 344/775/330 345/776/330 67/148/330
f 67/149/331 345/777/331 346/778/331 68/150/331
f 64/141/332 347/779/332 344/780/332 63/142/332
f 65/143/333 348/781/333 347/782/333 64/144/333
f 344/775/334 349/783/334 350/784/334 345/776/334
f 345/785/335 350/786/335 351/787/335 346/788/335
f 347/779/336 352/789/336 349/790/336 344/780/336
f 348/781/337 353/791/337 352/792/337 347/782/337
f 349/783/338 354/793/338 355/794/338 350/784/338
f 350/795/339 355/796/339 356/797/339 351/798/339
f 352/789/340 357/799/340 354/800/340 349/790/340
f 353/791/341 358/801/341 357/802/341 352/792/341
f 355/796/342 359/803/342 360/804/342 356/797/342
f 358/801/343 361/805/343 362/806/343 357/802/343
f 361/807/344 358/808/344 363/809/344 364/810/344
f 363/809/345 358/808/345 353/811/345 365/812/345
f 365/813/346 353/814/346 348/815/346 366/816/346
f 366/816/347 348/815/347 65/817/347 66/818/347
f 360/819/348 359/820/348 367/821/348 364/822/348
f 368/823/349 369/824/349 354/800/349 357/799/349
f 370/825/350 355/794/350 354/793/350 369/826/350
f 371/827/351 362/828/351 367/829/351 372/830/351
f 373/831/352 370/825/352 369/826/352 372/832/352
f 372/833/353 369/824/353 368/823/353 371/834/353
f 368/823/354 357/799/354 362/835/354 371/834/354
f 370/825/355 373/831/355 359/836/355 355/794/355
f 360/837/356 364/838/356 363/839/356 356/840/356
f 356/840/357 363/839/357 365/841/357 351/842/357
f 351/787/358 365/843/358 366/844/358 346/788/358
f 346/845/359 366/846/359 66/152/359 68/151/359
f 361/847/360 364/848/360 367/829/360 362/828/360
f 373/849/361 372/830/361 367/829/361 359/850/361
f 326/98/362 379/97/362 374/851/362 340/754/362
f 1/17/363 386/771/363 341/852/363 375/18/363
f 325/853/364 392/854/364 322/855/364 376/856/364
f 324/857/365 387/858/365 380/859/365 394/860/365
f 377/104/366 12/861/366 11/862/366 378/101/366
f 378/101/367 11/862/367 10/863/367 379/864/367
f 379/97/368 10/19/368 375/18/368 374/851/368
f 78/865/369 8/866/369 12/867/369 380/868/369
f 14/869/370 382/870/370 22/47/370 21/50/370
f 343/14/371 15/249/371 82/248/371 381/15/371
f 319/738/372 384/871/372 385/872/372 383/739/372
f 9/27/373 342/30/373 386/771/373 343/772/373
f 318/873/374 387/858/374 395/874/374 396/875/374
f 384/876/375 322/877/375 390/878/375 385/879/375
f 386/880/376 342/106/376 391/881/376 341/95/376
f 318/241/377 78/240/377 380/882/377 387/883/377
f 319/732/378 338/768/378 313/719/378 388/733/378
f 388/733/379 313/719/379 314/718/379 396/884/379
f 396/875/380 314/721/380 312/720/380 318/873/380
f 320/723/381 383/885/381 335/886/381 317/724/381
f 383/885/382 385/887/382 390/888/382 335/886/382
f 316/737/383 315/58/383 317/57/383 335/734/383
f 390/735/384 322/855/384 392/854/384 389/736/384
f 391/881/385 342/106/385 316/105/385 389/889/385
f 391/881/386 389/889/386 392/96/386 341/95/386
f 380/890/387 12/891/387 377/740/387 394/743/387
f 324/892/388 322/893/388 384/731/388 321/730/388
f 376/764/389 322/893/389 324/892/389 393/765/389
f 387/858/390 324/857/390 321/894/390 395/874/390
f 395/895/391 321/730/391 388/733/391 396/884/391
f 393/745/392 324/896/392 394/897/392 397/746/392
f 397/742/393 323/741/393 328/898/393 398/899/393
f 334/900/394 398/901/394 400/902/394 406/903/394
f 399/904/395 401/905/395 402/906/395 403/907/395 404/908/395 405/909/395 406/910/395 400/911/395
f 329/912/396 330/913/396 402/914/396 401/915/396
f 328/916/397 329/912/397 401/915/397 399/917/397
f 332/918/398 333/919/398 405/920/398 404/921/398
f 398/899/399 328/898/399 399/922/399 400/923/399
f 331/924/400 332/925/400 404/926/400 403/927/400
f 330/928/401 331/924/401 403/927/401 402/929/401
f 333/930/402 334/900/402 406/903/402 405/931/402
o barrel
v -1.447184 3.357079 8.288918
v -1.447184 3.357079 8.288918
v -1.447184 3.357079 8.288918
v -1.447184 3.357079 7.746175
v -1.447184 3.357079 7.746175
v -1.447184 3.357079 7.746175
v -1.447184 3.357079 7.746175
v -1.769457 3.147688 8.288918
v -1.769457 3.147688 8.288918
v -1.769457 3.147688 8.288918
v -1.769457 3.147688 7.746175
v -1.769457 3.147688 7.746175
v -1.769457 3.147688 7.746175
v -1.769457 3.147688 7.746175
v -1.646360 2.808887 8.288918
v -1.646360 2.808887 8.288918
v -1.646360 2.808887 8.288918
v -1.646360 2.808887 7.746175
v -1.646360 2.808887 7.746175
v -1.646360 2.808887 7.746175
v -1.646360 2.808887 7.746175
v -1.248009 2.808887 8.288918
v -1.248009 2.808887 8.288918
v -1.248009 2.808887 8.288918
v -1.248009 2.808887 7.746175
v -1.248009 2.808887 7.746175
v -1.248009 2.808887 7.746175
v -1.248009 2.808887 7.746175
v -1.124911 3.147688 8.288918
v -1.124911 3.147688 8.288918
v -1.124911 3.147688 8.288918
v -1.124911 3.147688 7.746175
v -1.124911 3.147688 7.746175
v -1.124911 3.147688 7.746175
v -1.124911 3.147688 7.746175
v -1.769458 3.147688 5.247637
v -1.769458 3.147688 5.247637
v -1.769458 3.147688 5.247637
v -1.447185 3.357079 5.247637
v -1.447185 3.357079 5.247637
v -1.447185 3.357079 5.247637
v -1.646360 2.808887 5.247637
v -1.646360 2.808887 5.247637
v -1.646360 2.808887 5.247637
v -1.248009 2.808887 5.247637
v -1.248009 2.808887 5.247637
v -1.248009 2.808887 5.247637
v -1.124911 3.147688 5.247637
v -1.124911 3.147688 5.247637
v -1.124911 3.147688 5.247637
vn -0.5448 0.8385 -0.0000
vn -0.9399 -0.3415 -0.0000
vn -0.0000 -1.0000 -0.0000
vn 0.9399 -0.3415 -0.0000
vn 0.5448 0.8385 -0.0000
vn -0.0000 -0.0000 1.0000
vn -0.0000 -0.0000 -1.0000
vt 0.984258 0.853201
vt 0.984258 0.830311
vt 0.985002 0.830311
vt 0.985002 0.853201
vt 0.985747 0.830311
vt 0.985747 0.853201
vt 0.986492 0.830311
vt 0.986492 0.853201
vt 0.987237 0.830311
vt 0.987237 0.853201
vt 0.987982 0.830311
vt 0.987982 0.853201
vt 0.986039 0.861250
vt 0.985189 0.853658
vt 0.984338 0.861250
vt 0.984663 0.873535
vt 0.985714 0.873535
vt 0.986526 0.873535
vt 0.986201 0.861250
vt 0.987051 0.853658
vt 0.987901 0.861250
vt 0.987576 0.873535
s 1
usemtl Material.001
f 409/932/403 413/933/403 418/934/403
f 409/932/403 418/934/403 415/935/403
f 416/935/404 419/934/404 426/936/404
f 416/935/404 426/936/404 423/937/404
f 422/937/405 424/936/405 433/938/405
f 422/937/405 433/938/405 430/939/405
f 438/940/406 431/938/406 451/938/406
f 438/940/406 451/938/406 454/940/406
f 428/939/406 432/938/406 439/940/406
f 428/939/406 439/940/406 435/941/406
f 436/941/407 440/940/407 410/942/407
f 436/941/407 410/942/407 407/943/407
f 437/944/408 408/945/408 414/946/408
f 414/946/408 421/947/408 429/948/408
f 414/946/408 429/948/408 437/944/408
f 449/949/409 442/950/409 446/951/409
f 446/951/409 456/952/409 453/953/409
f 446/951/409 453/953/409 449/949/409
f 427/936/404 420/934/404 444/934/404
f 427/936/404 444/934/404 450/936/404
f 411/942/407 441/940/407 455/940/407
f 411/942/407 455/940/407 445/942/407
f 417/934/403 412/933/403 447/933/403
f 417/934/403 447/933/403 443/934/403
f 434/938/405 425/936/405 448/936/405
f 434/938/405 448/936/405 452/938/405
o gun
v -0.893411 2.074288 4.880375
v -0.893411 2.074288 4.880375
v -0.893411 2.074288 8.096983
v -0.893411 2.074288 8.096983
v -0.893411 2.074288 8.096983
v -0.893411 2.074288 8.096983
v -2.000958 2.074288 4.880376
v -2.000958 2.074288 4.880376
v -2.000958 2.074288 8.096983
v -2.000958 2.074288 8.096983
v -2.000958 2.074288 8.096983
v -2.000958 2.074288 8.096983
v -0.893411 2.074288 5.996342
v -0.893411 2.074288 5.996342
v -0.893411 2.074288 5.996342
v -0.893411 2.074288 5.996342
v -2.000958 2.074288 5.996342
v -2.000958 2.074288 5.996342
v -2.000958 2.074288 5.996342
v -2.000958 2.074288 5.996342
v -0.893411 1.965065 5.996342
v -0.893411 1.965065 5.996342
v -0.893411 1.965065 5.996342
v -0.893411 1.965065 4.880375
v -0.893411 1.965065 4.880375
v -0.893411 1.965065 4.880375
v -2.000958 1.965065 4.880376
v -2.000958 1.965065 4.880376
v -2.000958 1.965065 4.880376
v -2.000958 1.965065 5.996342
v -2.000958 1.965065 5.996342
v -2.000958 1.965065 5.996342
v -0.893411 2.074288 0.103948
v -2.000958 2.074288 0.103948
v -0.893411 1.965066 0.103948
v -2.000958 1.965066 0.103948
v -0.893412 2.074288 -0.205787
v -0.893412 2.074288 -0.205787
v -2.000958 2.074288 -0.205786
v -0.893412 1.965066 -0.205787
v -2.000958 1.965066 -0.205786
v -0.893412 2.074288 -0.463796
v -0.893412 2.074288 -0.463796
v -2.000958 2.074288 -0.463796
v -2.000958 2.074288 -0.463796
v -0.893412 1.965066 -0.463796
v -0.893412 1.965066 -0.463796
v -0.893412 1.965066 -0.463796
v -2.000958 1.965066 -0.463796
v -2.000958 1.965066 -0.463796
v -2.000958 1.965066 -0.463796
v -0.893412 2.074288 -0.838524
v -0.893412 2.074288 -0.838524
v -0.893412 2.074288 -0.838524
v -2.000959 2.074288 -0.838524
v -2.000959 2.074288 -0.838524
v -2.000959 2.074288 -0.838524
v -2.000959 2.074288 -0.838524
v -0.893412 1.965066 -0.838524
v -0.893412 1.965066 -0.838524
v -0.893412 1.965066 -0.838524
v -0.893412 1.965066 -0.838524
v -2.000959 1.965066 -0.838524
v -2.000959 1.965066 -0.838524
v -2.000959 1.965066 -0.838524
v -2.000959 1.965066 -0.838524
v -0.893412 2.184325 -0.961386
v -0.893412 2.184325 -0.961386
v -0.893412 2.184325 -0.961386
v -2.000959 2.184325 -0.961386
v -2.000959 2.184325 -0.961386
v -2.000959 2.184325 -0.961386
v -0.893412 2.125755 -0.961386
v -0.893412 2.125755 -0.961386
v -0.893412 2.125755 -0.961386
v -2.000959 2.125755 -0.961386
v -2.000959 2.125755 -0.961386
v -2.000959 2.125755 -0.961386
v -0.893411 2.170938 8.173771
v -0.893411 2.170938 8.173771
v -0.893411 2.170938 8.173771
v -0.893411 2.170938 8.173771
v -2.000958 2.170938 8.173771
v -2.000958 2.170938 8.173771
v -2.000958 2.170938 8.173771
v -2.000958 2.170938 8.173771
v -0.893411 2.170938 8.204487
v -0.893411 2.170938 8.204487
v -0.893411 2.170938 8.204487
v -2.000958 2.170938 8.204487
v -2.000958 2.170938 8.204487
v -2.000958 2.170938 8.204487
v -0.893411 2.074288 2.492162
v -0.893411 2.074288 2.492162
v -2.000958 1.965065 2.492162
v -2.000958 1.965065 2.492162
v -2.000958 1.965065 2.492162
v -2.000958 1.965065 2.492162
v -0.893411 1.965065 2.492162
v -0.893411 1.965065 2.492162
v -0.893411 1.965065 2.492162
v -0.893411 1.965065 2.492162
v -2.000958 2.074288 2.492162
v -2.000958 2.074288 2.492162
v -0.893411 1.129119 0.103948
v -2.000958 1.129119 0.103948
v -2.000958 1.129119 2.247426
v -2.000958 1.129119 2.247426
v -2.000958 1.129119 2.247426
v -0.893411 1.129119 -0.034673
v -0.893412 1.129119 -0.149346
v -0.893412 1.129119 -0.149346
v -0.893412 1.129119 -0.149346
v -2.000958 1.129119 -0.034673
v -2.000958 1.129119 -0.149346
v -2.000958 1.129119 -0.149346
v -2.000958 1.129119 -0.149346
v -0.893411 1.129119 2.247426
v -0.893411 1.129119 2.247426
v -0.893411 1.129119 2.247426
v -0.893411 0.325324 0.103948
v -2.000958 0.325324 0.103948
v -2.000958 0.325324 0.103948
v -2.000958 0.325324 2.093642
v -2.000958 0.325324 2.093642
v -2.000958 0.325324 2.093642
v -0.893411 0.325324 -0.034673
v -0.893412 0.325324 -0.149346
v -0.893412 0.325324 -0.149346
v -0.893412 0.325324 -0.149346
v -2.000958 0.325324 -0.034673
v -2.000958 0.325324 -0.149346
v -2.000958 0.325324 -0.149346
v -2.000958 0.325324 -0.149346
v -0.893411 0.325324 2.093642
v -0.893411 0.325324 2.093642
v -0.893411 0.325324 2.093642
v -2.000958 0.727221 -0.149346
v -2.000958 0.727221 -0.149346
v -0.893412 0.727221 -0.149346
v -0.893412 0.727221 -0.149346
v -2.000958 0.727221 -0.034673
v -2.000958 0.727221 0.103948
v -0.893411 0.727221 -0.034673
v -2.000958 0.727221 2.376992
v -2.000958 0.727221 2.376992
v -2.000958 0.727221 2.376992
v -0.893411 0.727221 2.376992
v -0.893411 0.727221 2.376992
v -0.893411 0.727221 2.376992
v -0.893411 0.727221 0.103948
v -0.893412 -2.246820 -0.428713
v -2.000958 -2.246820 -0.428713
v -2.000958 -2.246820 1.441236
v -2.000958 -2.246820 1.441236
v -2.000958 -2.246820 1.441236
v -0.893412 -2.246820 -0.567334
v -0.893412 -2.246820 -0.682007
v -0.893412 -2.246820 -0.682007
v -0.893412 -2.246820 -0.682007
v -2.000958 -2.246820 -0.567334
v -2.000958 -2.246820 -0.682007
v -2.000958 -2.246820 -0.682007
v -2.000958 -2.246820 -0.682007
v -0.893411 -2.246820 1.441236
v -0.893411 -2.246820 1.441236
v -0.893411 -2.246820 1.441236
v -2.000958 -0.960748 1.657180
v -2.000958 -0.960748 1.657180
v -2.000958 -0.960748 1.657180
v -2.000958 -0.960748 -0.162383
v -0.893411 -0.960748 1.657180
v -0.893411 -0.960748 1.657180
v -0.893411 -0.960748 1.657180
v -0.893412 -0.960748 -0.162383
v -0.893412 -0.960748 -0.415676
v -0.893412 -0.960748 -0.415676
v -0.893412 -0.960748 -0.415676
v -2.000958 -0.960748 -0.415676
v -2.000958 -0.960748 -0.415676
v -2.000958 -0.960748 -0.415676
v -2.000958 -0.960748 -0.301003
v -0.893412 -0.960748 -0.301004
v -2.000958 -0.317712 1.808341
v -2.000958 -0.317712 1.808341
v -2.000958 -0.317712 1.808341
v -0.893411 -0.317712 -0.029218
v -2.000958 -0.317712 -0.282511
v -2.000958 -0.317712 -0.282511
v -2.000958 -0.317712 -0.029218
v -2.000958 -0.317712 -0.029218
v -0.893411 -0.317712 1.808340
v -0.893411 -0.317712 1.808340
v -0.893411 -0.317712 1.808340
v -0.893412 -0.317712 -0.282512
v -0.893412 -0.317712 -0.282512
v -2.000958 -0.317712 -0.167838
v -0.893412 -0.317712 -0.167839
v -0.975999 -2.455806 -0.385648
v -1.918371 -2.455806 -0.385648
v -1.918371 -2.455806 1.270425
v -1.918371 -2.455806 1.270425
v -0.893412 -2.455806 -0.567334
v -0.893412 -2.455806 -0.567334
v -0.893412 -2.455806 -0.638819
v -0.893412 -2.455806 -0.638819
v -0.893412 -2.455806 -0.638819
v -2.000958 -2.455806 -0.567334
v -2.000958 -2.455806 -0.567334
v -2.000958 -2.455806 -0.638818
v -2.000958 -2.455806 -0.638818
v -2.000958 -2.455806 -0.638818
v -0.975999 -2.455806 1.270425
v -0.975999 -2.455806 1.270425
v -0.893412 -2.455806 -0.428713
v -0.893412 -2.455806 -0.428713
v -2.000958 -2.455806 -0.428713
v -2.000958 -2.455806 -0.428713
v -2.000958 -2.455806 1.441236
v -2.000958 -2.455806 1.441236
v -2.000958 -2.455806 1.441236
v -2.000958 -2.455806 1.441236
v -0.893411 -2.455806 1.441236
v -0.893411 -2.455806 1.441236
v -0.893411 -2.455806 1.441236
v -0.893411 -2.455806 1.441236
v -1.307529 1.965065 3.988392
v -1.307529 1.965065 3.988392
v -1.307529 1.965065 3.988392
v -1.307529 1.965065 3.988392
v -2.000958 2.074288 3.988392
v -2.000958 2.074288 3.988392
v -0.893411 2.074288 3.988392
v -0.893411 2.074288 3.988392
v -1.586840 1.965065 3.988392
v -1.586840 1.965065 3.988392
v -1.586840 1.965065 3.988392
v -1.586840 1.965065 3.988392
v -1.307529 1.965065 4.276129
v -1.307529 1.965065 4.276129
v -1.307529 1.965065 4.276129
v -1.307529 1.965065 4.276129
v -2.000958 2.074288 4.276129
v -2.000958 2.074288 4.276129
v -0.893411 2.074288 4.276129
v -0.893411 2.074288 4.276129
v -1.586840 1.965065 4.276129
v -1.586840 1.965065 4.276129
v -1.586840 1.965065 4.276129
v -1.586840 1.965065 4.276129
v -2.000958 1.965065 4.276129
v -2.000958 1.965065 4.276129
v -2.000958 1.965065 4.276129
v -2.000958 1.965065 3.988392
v -2.000958 1.965065 3.988392
v -2.000958 1.965065 3.988392
v -2.000958 1.965065 3.988392
v -0.893411 1.965065 3.988392
v -0.893411 1.965065 3.988392
v -0.893411 1.965065 3.988392
v -0.893411 1.965065 3.988392
v -0.893411 1.965065 4.276129
v -0.893411 1.965065 4.276129
v -0.893411 1.965065 4.276129
v -1.586840 0.373551 4.016996
v -1.586840 0.373551 4.016996
v -1.586840 0.373551 4.016996
v -1.586840 0.373551 3.729260
v -1.586840 0.373551 3.729260
v -1.586840 0.373551 3.729260
v -1.586840 0.373551 3.729260
v -1.307529 0.373551 3.729260
v -1.307529 0.373551 3.729260
v -1.307529 0.373551 3.729260
v -1.307529 0.373551 3.729260
v -1.307529 0.373551 4.016996
v -1.307529 0.373551 4.016996
v -1.307529 0.373551 4.016996
v -1.586840 0.622995 4.057611
v -1.586840 0.622995 4.057611
v -1.586840 0.622995 4.057611
v -1.586840 0.622995 4.057611
v -1.307529 0.622995 4.057611
v -1.307529 0.622995 4.057611
v -1.307529 0.622995 4.057611
v -1.307529 0.622995 3.769875
v -1.307529 0.622995 3.769875
v -1.307529 0.622995 3.769875
v -1.307529 0.622995 3.769875
v -1.586840 0.622995 3.769875
v -1.586840 0.622995 3.769875
v -1.586840 0.622995 3.769875
v -1.586840 0.622995 3.769875
v -1.586840 0.622995 3.769875
v -1.635270 0.314224 2.037859
v -1.635270 0.314224 2.037859
v -1.635270 0.314224 2.037859
v -1.259100 0.314224 2.037859
v -1.259100 0.314224 2.037859
v -1.259100 0.314224 2.037859
v -1.259100 0.650170 2.092558
v -1.259100 0.650170 2.092558
v -1.259100 0.650170 2.092558
v -1.635270 0.650170 2.092558
v -1.635270 0.650170 2.092558
v -1.635270 0.650170 2.092558
v -0.893411 2.074288 0.578713
v -2.000958 1.965066 0.578713
v -0.893411 1.965066 0.578713
v -2.000958 2.074288 0.578713
v -2.000958 1.129119 0.530061
v -0.893411 1.129119 0.530061
v -2.000958 0.325324 0.499489
v -0.893411 0.325324 0.499489
v -0.893411 0.727221 0.555818
v -2.000958 0.727221 0.555818
v -2.000958 -2.246820 -0.056976
v -2.000958 -2.246820 -0.056976
v -0.893411 -2.246820 -0.056976
v -0.893411 -2.246820 -0.056976
v -2.000958 -0.960748 0.199337
v -0.893411 -0.960748 0.199337
v -0.893411 -0.317712 0.336080
v -2.000958 -0.317712 0.336080
v -2.000958 -2.455806 -0.056976
v -2.000958 -2.455806 -0.056976
v -2.000958 -2.455806 -0.056976
v -2.000958 -2.455806 -0.056976
v -0.893411 -2.455806 -0.056976
v -0.893411 -2.455806 -0.056976
v -0.893411 -2.455806 -0.056976
v -0.893411 -2.455806 -0.056976
v -1.918371 -2.455806 -0.056429
v -1.918371 -2.455806 -0.056429
v -0.975999 -2.455806 -0.056429
v -0.975999 -2.455806 -0.056429
v -0.893411 2.074288 0.341331
v -2.000958 1.965066 0.341331
v -2.000958 1.129119 0.317004
v -2.000958 0.325324 0.301719
v -2.000958 0.325324 0.301719
v -0.893411 0.727221 0.329883
v -2.000958 -2.246820 -0.242845
v -2.000958 -2.246820 -0.242845
v -0.893411 -0.960748 0.018477
v -0.893411 -0.317712 0.153431
v -2.000958 -2.455806 -0.242845
v -2.000958 -2.455806 -0.242845
v -2.000958 -2.455806 -0.242845
v -2.000958 -2.455806 -0.242845
v -1.918371 -2.455806 -0.221039
v -1.918371 -2.455806 -0.221039
v -0.893411 1.965066 0.341331
v -2.000958 2.074288 0.341331
v -0.893411 1.129119 0.317004
v -0.893411 0.325324 0.301719
v -2.000958 0.727221 0.329883
v -0.893412 -2.246820 -0.242845
v -0.893412 -2.246820 -0.242845
v -2.000958 -0.960748 0.018478
v -2.000958 -0.317712 0.153431
v -2.000958 -0.317712 0.153431
v -0.893412 -2.455806 -0.242845
v -0.893412 -2.455806 -0.242845
v -0.893412 -2.455806 -0.242845
v -0.893412 -2.455806 -0.242845
v -0.975999 -2.455806 -0.221039
v -0.975999 -2.455806 -0.221039
v -2.000958 2.074288 7.980926
v -2.000958 2.074288 7.980926
v -2.000958 2.074288 7.980926
v -0.893411 2.074288 7.980926
v -0.893411 2.074288 7.980926
v -0.893411 2.074288 7.980926
v -0.893411 2.074288 7.652085
v -0.893411 2.074288 7.652085
v -2.000958 2.074288 7.652085
v -2.000958 2.074288 7.652085
v -0.893411 2.569456 4.880376
v -0.893411 2.569456 4.880376
v -0.893411 2.569456 8.096983
v -0.893411 2.569456 8.096983
v -2.000958 2.569456 8.096983
v -2.000958 2.569456 8.096983
v -2.000958 2.569456 4.880376
v -2.000958 2.569456 4.880376
v -2.000958 2.569456 5.996342
v -0.893411 2.569456 5.996342
v -0.893411 2.569456 0.103948
v -2.000958 2.569456 0.103948
v -0.893412 2.555672 -0.205787
v -0.893412 2.555672 -0.205787
v -2.000958 2.555672 -0.205786
v -0.893412 2.530519 -0.480178
v -0.893412 2.530519 -0.480178
v -2.000958 2.530519 -0.480178
v -2.000958 2.530519 -0.480178
v -0.893412 2.475641 -0.838524
v -0.893412 2.475641 -0.838524
v -2.000959 2.475641 -0.838524
v -2.000959 2.475641 -0.838524
v -0.893412 2.501638 -0.961386
v -0.893412 2.501638 -0.961386
v -0.893412 2.501638 -0.961386
v -2.000959 2.501638 -0.961386
v -2.000959 2.501638 -0.961386
v -2.000959 2.501638 -0.961386
v -0.893411 2.633889 8.173771
v -0.893411 2.633889 8.173771
v -2.000958 2.633889 8.173771
v -2.000958 2.633889 8.173771
v -0.893411 2.633889 8.204487
v -0.893411 2.633889 8.204487
v -0.893411 2.633889 8.204487
v -2.000958 2.633889 8.204487
v -2.000958 2.633889 8.204487
v -2.000958 2.633889 8.204487
v -2.000958 2.569456 2.492162
v -0.893411 2.569456 2.492162
v -0.893411 2.569456 3.988392
v -2.000958 2.569456 3.988392
v -2.000958 2.569456 4.276129
v -0.893411 2.569456 4.276129
v -2.000958 2.569456 0.578713
v -0.893411 2.569456 0.578713
v -2.000958 2.569456 0.341331
v -0.893411 2.569456 0.341331
v -2.000958 2.569456 7.980926
v -2.000958 2.569456 7.980926
v -0.893411 2.569456 7.980926
v -0.893411 2.569456 7.980926
v -0.893411 2.569456 7.652085
v -2.000958 2.569456 7.652085
v -1.447184 2.074288 8.096983
v -1.447184 2.074288 8.096983
v -1.447184 2.074288 5.996342
v -1.447184 2.074288 5.996342
v -1.447185 1.965065 4.880376
v -1.447184 1.965065 5.996342
v -1.447184 1.965065 5.996342
v -1.447185 1.965066 -0.463796
v -1.447185 1.965066 -0.463796
v -1.447185 1.965066 -0.838524
v -1.447185 1.965066 -0.838524
v -1.447185 2.184325 -0.961386
v -1.447185 2.125755 -0.961386
v -1.447185 2.125755 -0.961386
v -1.447184 2.170938 8.173771
v -1.447184 2.170938 8.173771
v -1.447184 2.170938 8.204487
v -1.447184 2.170938 8.204487
v -1.447185 1.965065 2.492162
v -1.447185 1.965065 2.492162
v -1.447185 1.965065 2.492162
v -1.447185 1.965065 2.492162
v -1.447185 1.129119 -0.149346
v -1.447185 1.129119 -0.149346
v -1.447185 1.129119 2.247426
v -1.447185 1.129119 2.247426
v -1.447185 1.129119 2.247426
v -1.447185 1.129119 2.247426
v -1.447185 1.129119 2.247426
v -1.447185 1.129119 2.247426
v -1.447185 0.325324 -0.149346
v -1.447185 0.325324 -0.149346
v -1.447185 0.325324 2.093642
v -1.447185 0.325324 2.093642
v -1.447185 0.727221 2.376992
v -1.447185 0.727221 2.376992
v -1.447185 0.727221 2.376992
v -1.447185 0.727221 2.376992
v -1.447185 0.727221 -0.149346
v -1.447185 -2.246820 -0.682007
v -1.447185 -2.246820 -0.682007
v -1.447185 -2.246820 1.441236
v -1.447185 -2.246820 1.441236
v -1.447185 -0.960748 1.657180
v -1.447185 -0.960748 1.657180
v -1.447185 -0.960748 -0.415676
v -1.447185 -0.960748 -0.415676
v -1.447185 -0.317712 -0.282511
v -1.447185 -0.317712 1.808340
v -1.447185 -0.317712 1.808340
v -1.447185 -2.455806 -0.428713
v -1.447185 -2.455806 -0.567334
v -1.447185 -2.455806 -0.638818
v -1.447185 -2.455806 -0.638818
v -1.447185 -2.455806 1.441236
v -1.447185 -2.455806 1.441236
v -1.447185 -2.455806 -0.385648
v -1.447185 -2.455806 1.270425
v -1.447185 1.965065 3.988392
v -1.447185 1.965065 3.988392
v -1.447185 1.965065 4.276129
v -1.447185 1.965065 4.276129
v -1.447185 1.965065 3.988392
v -1.447185 1.965065 3.988392
v -1.447185 1.965065 4.276129
v -1.447185 1.965065 4.276129
v -1.447185 0.373551 3.729260
v -1.447185 0.373551 3.729260
v -1.447185 0.373551 4.016996
v -1.447185 0.373551 4.016996
v -1.447185 0.622995 3.769875
v -1.447185 0.622995 3.769875
v -1.447185 0.622995 4.057611
v -1.447185 0.622995 4.057611
v -1.447185 0.314224 2.037859
v -1.447185 0.314224 2.037859
v -1.447185 0.650170 2.092558
v -1.447185 0.650170 2.092558
v -1.447184 2.074288 7.980926
v -1.447184 2.074288 7.652085
v -1.447184 2.633889 8.204487
v -1.447184 2.633889 8.204487
v -1.447185 2.501638 -0.961386
v -1.447185 2.501638 -0.961386
v -1.724071 1.965065 4.880376
v -1.724072 1.965066 -0.463796
v -1.724072 1.965066 -0.463796
v -1.724072 1.965066 -0.838524
v -1.724072 1.965066 -0.838524
v -1.724072 2.184325 -0.961386
v -1.724072 2.125755 -0.961386
v -1.724072 2.125755 -0.961386
v -1.724072 1.129119 -0.149346
v -1.724072 1.129119 -0.149346
v -1.724072 0.325324 -0.149346
v -1.724072 0.325324 -0.149346
v -1.724072 0.727221 -0.149346
v -1.724072 -2.246820 -0.682007
v -1.724072 -2.246820 -0.682007
v -1.724072 -0.960748 -0.415676
v -1.724072 -0.960748 -0.415676
v -1.724072 -0.317712 -0.282511
v -1.724072 -2.455806 -0.428713
v -1.724072 -2.455806 -0.567334
v -1.724072 -2.455806 -0.638818
v -1.724072 -2.455806 -0.638818
v -1.682778 -2.455806 -0.385648
v -1.517012 0.622995 3.769875
v -1.517012 0.622995 3.769875
v -1.541227 0.650170 2.092558
v -1.541227 0.650170 2.092558
v -1.724071 2.633889 8.204487
v -1.724071 2.633889 8.204487
v -1.724071 2.074288 8.096983
v -1.724071 2.074288 8.096983
v -1.724071 2.074288 5.996342
v -1.724071 2.074288 5.996342
v -1.724071 1.965065 5.996342
v -1.724071 1.965065 5.996342
v -1.724071 2.170938 8.173771
v -1.724071 2.170938 8.173771
v -1.724071 2.170938 8.204487
v -1.724071 2.170938 8.204487
v -1.724072 1.965065 2.492162
v -1.724072 1.965065 2.492162
v -1.724072 1.965065 2.492162
v -1.724072 1.965065 2.492162
v -1.724072 1.129119 2.247426
v -1.724072 1.129119 2.247426
v -1.724072 1.129119 2.247426
v -1.724072 1.129119 2.247426
v -1.724072 1.129119 2.247426
v -1.724072 1.129119 2.247426
v -1.724072 0.325324 2.093642
v -1.724072 0.325324 2.093642
v -1.724072 0.727221 2.376992
v -1.724072 0.727221 2.376992
v -1.724072 0.727221 2.376992
v -1.724072 0.727221 2.376992
v -1.724072 -2.246820 1.441236
v -1.724072 -2.246820 1.441236
v -1.724072 -0.960748 1.657180
v -1.724072 -0.960748 1.657180
v -1.724072 -0.317712 1.808341
v -1.724072 -0.317712 1.808341
v -1.724072 -2.455806 1.441236
v -1.724072 -2.455806 1.441236
v -1.682778 -2.455806 1.270425
v -1.724071 1.965065 3.988392
v -1.724071 1.965065 3.988392
v -1.724071 1.965065 4.276129
v -1.724071 1.965065 4.276129
v -1.517012 1.965065 3.988392
v -1.517012 1.965065 3.988392
v -1.517012 1.965065 4.276129
v -1.517012 1.965065 4.276129
v -1.517012 0.373551 3.729260
v -1.517012 0.373551 3.729260
v -1.517012 0.373551 4.016996
v -1.517012 0.373551 4.016996
v -1.517012 0.622995 4.057611
v -1.517012 0.622995 4.057611
v -1.541227 0.314224 2.037859
v -1.541227 0.314224 2.037859
v -1.724071 2.074288 7.980926
v -1.724071 2.074288 7.652085
v -1.724072 2.501638 -0.961386
v -1.724072 2.501638 -0.961386
v -1.170298 2.074288 8.096983
v -1.170298 2.074288 8.096983
v -1.170298 2.074288 5.996342
v -1.170298 2.074288 5.996342
v -1.170298 1.965065 5.996342
v -1.170298 1.965065 5.996342
v -1.170298 2.170938 8.173771
v -1.170298 2.170938 8.173771
v -1.170298 2.170938 8.204487
v -1.170298 2.170938 8.204487
v -1.170298 1.965065 2.492162
v -1.170298 1.965065 2.492162
v -1.170298 1.965065 2.492162
v -1.170298 1.965065 2.492162
v -1.170298 1.129119 2.247426
v -1.170298 1.129119 2.247426
v -1.170298 1.129119 2.247426
v -1.170298 1.129119 2.247426
v -1.170298 1.129119 2.247426
v -1.170298 1.129119 2.247426
v -1.170298 0.325324 2.093642
v -1.170298 0.325324 2.093642
v -1.170298 0.727221 2.376992
v -1.170298 0.727221 2.376992
v -1.170298 0.727221 2.376992
v -1.170298 0.727221 2.376992
v -1.170298 -2.246820 1.441236
v -1.170298 -2.246820 1.441236
v -1.170298 -0.960748 1.657180
v -1.170298 -0.960748 1.657180
v -1.170298 -0.317712 1.808340
v -1.170298 -0.317712 1.808340
v -1.170298 -2.455806 1.441236
v -1.170298 -2.455806 1.441236
v -1.211592 -2.455806 1.270425
v -1.170298 1.965065 3.988392
v -1.170298 1.965065 3.988392
v -1.170298 1.965065 4.276129
v -1.170298 1.965065 4.276129
v -1.377357 1.965065 3.988392
v -1.377357 1.965065 3.988392
v -1.377357 1.965065 4.276129
v -1.377357 1.965065 4.276129
v -1.377357 0.373551 3.729260
v -1.377357 0.373551 3.729260
v -1.377357 0.373551 3.729260
v -1.377357 0.373551 4.016996
v -1.377357 0.373551 4.016996
v -1.377357 0.622995 4.057611
v -1.377357 0.622995 4.057611
v -1.353142 0.314224 2.037859
v -1.353142 0.314224 2.037859
v -1.353142 0.314224 2.037859
v -1.170298 2.074288 7.980926
v -1.170298 2.074288 7.652085
v -1.170298 2.501638 -0.961386
v -1.170298 2.501638 -0.961386
v -1.170298 1.965065 4.880376
v -1.170298 1.965066 -0.463796
v -1.170298 1.965066 -0.463796
v -1.170298 1.965066 -0.838524
v -1.170298 1.965066 -0.838524
v -1.170298 2.184325 -0.961386
v -1.170298 2.125755 -0.961386
v -1.170298 2.125755 -0.961386
v -1.170298 1.129119 -0.149346
v -1.170298 1.129119 -0.149346
v -1.170298 0.325324 -0.149346
v -1.170298 0.325324 -0.149346
v -1.170298 0.727221 -0.149346
v -1.170298 -2.246820 -0.682007
v -1.170298 -2.246820 -0.682007
v -1.170298 -0.960748 -0.415676
v -1.170298 -0.960748 -0.415676
v -1.170298 -0.317712 -0.282511
v -1.170298 -2.455806 -0.428713
v -1.170298 -2.455806 -0.567334
v -1.170298 -2.455806 -0.638819
v -1.170298 -2.455806 -0.638819
v -1.211592 -2.455806 -0.385648
v -1.377357 0.622995 3.769875
v -1.377357 0.622995 3.769875
v -1.353142 0.650170 2.092558
v -1.353142 0.650170 2.092558
v -1.170298 2.633889 8.204487
v -1.170298 2.633889 8.204487
v -1.344718 1.129119 2.247426
v -1.344718 1.129119 2.247426
v -1.344718 1.129119 2.247426
v -1.344718 1.129119 2.247426
v -1.447185 1.129119 2.247426
v -1.447185 1.129119 2.247426
v -1.447185 1.129119 2.247426
v -1.447185 1.129119 2.247426
v -1.447185 0.727221 2.376992
v -1.447185 0.727221 2.376992
v -1.447185 0.727221 2.376992
v -1.447185 0.727221 2.376992
v -1.447185 0.727221 2.376992
v -1.344718 0.727221 2.376992
v -1.344718 0.727221 2.376992
v -1.344718 0.727221 2.376992
v -1.344718 0.727221 2.376992
v -1.344718 0.727221 2.376992
v -1.344718 1.965065 2.492162
v -1.344718 1.965065 2.492162
v -1.344718 1.965065 2.492162
v -1.344718 1.965065 2.492162
v -1.447185 1.965065 2.492162
v -1.447185 1.965065 2.492162
v -1.447185 1.965065 2.492162
v -1.447185 1.965065 2.492162
v -1.447185 1.129119 2.247426
v -1.447185 1.129119 2.247426
v -1.447185 1.129119 2.247426
v -1.447185 1.129119 2.247426
v -1.344718 1.129119 2.247426
v -1.344718 1.129119 2.247426
v -1.344718 1.129119 2.247426
v -1.344718 1.129119 2.247426
v -1.447185 1.129119 2.247426
v -1.447185 1.129119 2.247426
v -1.447185 1.129119 2.247426
v -1.447185 1.129119 2.247426
v -1.549652 1.129119 2.247426
v -1.549652 1.129119 2.247426
v -1.549652 1.129119 2.247426
v -1.549652 1.129119 2.247426
v -1.549652 0.727221 2.376992
v -1.549652 0.727221 2.376992
v -1.549652 0.727221 2.376992
v -1.549652 0.727221 2.376992
v -1.549652 0.727221 2.376992
v -1.447185 0.727221 2.376992
v -1.447185 0.727221 2.376992
v -1.447185 0.727221 2.376992
v -1.447185 0.727221 2.376992
v -1.447185 0.727221 2.376992
v -1.447185 1.965065 2.492162
v -1.447185 1.965065 2.492162
v -1.447185 1.965065 2.492162
v -1.447185 1.965065 2.492162
v -1.549652 1.965065 2.492162
v -1.549652 1.965065 2.492162
v -1.549652 1.965065 2.492162
v -1.549652 1.965065 2.492162
v -1.549652 1.129119 2.247426
v -1.549652 1.129119 2.247426
v -1.549652 1.129119 2.247426
v -1.549652 1.129119 2.247426
v -1.447185 1.129119 2.247426
v -1.447185 1.129119 2.247426
v -1.447185 1.129119 2.247426
v -1.447185 1.129119 2.247426
v -1.447185 1.139007 2.796198
v -1.447185 1.139007 2.796198
v -1.447185 1.139007 2.796198
v -1.344718 1.139007 2.796198
v -1.344718 1.139007 2.796198
v -1.344718 1.139007 2.796198
v -1.344718 0.737110 2.925764
v -1.344718 0.737110 2.925764
v -1.344718 0.737110 2.925764
v -1.344718 0.737110 2.925764
v -1.447185 0.737110 2.925764
v -1.447185 0.737110 2.925764
v -1.447185 0.737110 2.925764
v -1.447185 0.737110 2.925764
v -1.447185 1.974954 3.040934
v -1.447185 1.974954 3.040934
v -1.447185 1.974954 3.040934
v -1.344718 1.974954 3.040934
v -1.344718 1.974954 3.040934
v -1.344718 1.974954 3.040934
v -1.344718 1.139007 2.796198
v -1.344718 1.139007 2.796198
v -1.344718 1.139007 2.796198
v -1.447185 1.139007 2.796198
v -1.447185 1.139007 2.796198
v -1.447185 1.139007 2.796198
v -1.549652 1.139007 2.796198
v -1.549652 1.139007 2.796198
v -1.549652 1.139007 2.796198
v -1.447185 1.139007 2.796198
v -1.447185 1.139007 2.796198
v -1.447185 1.139007 2.796198
v -1.447185 0.737110 2.925764
v -1.447185 0.737110 2.925764
v -1.447185 0.737110 2.925764
v -1.447185 0.737110 2.925764
v -1.549652 0.737110 2.925764
v -1.549652 0.737110 2.925764
v -1.549652 0.737110 2.925764
v -1.549652 0.737110 2.925764
v -1.549652 1.974954 3.040934
v -1.549652 1.974954 3.040934
v -1.549652 1.974954 3.040934
v -1.447185 1.974954 3.040934
v -1.447185 1.974954 3.040934
v -1.447185 1.974954 3.040934
v -1.447185 1.139007 2.796198
v -1.447185 1.139007 2.796198
v -1.447185 1.139007 2.796198
v -1.549652 1.139007 2.796198
v -1.549652 1.139007 2.796198
v -1.549652 1.139007 2.796198
v -1.447185 0.541581 2.171396
v -1.447185 0.541581 2.171396
v -1.447185 0.541581 2.171396
v -1.344718 0.541581 2.171396
v -1.344718 0.541581 2.171396
v -1.344718 0.541581 2.171396
v -1.549652 0.541581 2.171396
v -1.549652 0.541581 2.171396
v -1.549652 0.541581 2.171396
v -1.447185 0.541581 2.171396
v -1.447185 0.541581 2.171396
v -1.447185 0.541581 2.171396
v -1.447185 0.551470 2.720168
v -1.447185 0.551470 2.720168
v -1.447185 0.551470 2.720168
v -1.344718 0.551470 2.720168
v -1.344718 0.551470 2.720168
v -1.344718 0.551470 2.720168
v -1.549652 0.551470 2.720168
v -1.549652 0.551470 2.720168
v -1.549652 0.551470 2.720168
v -1.447185 0.551470 2.720168
v -1.447185 0.551470 2.720168
v -1.447185 0.551470 2.720168
vn -1.0000 -0.0000 -0.0000
vn 1.0000 -0.0000 -0.0000
vn -0.0000 -1.0000 -0.0000
vn -0.0000 -0.0000 1.0000
vn -0.0000 -0.0000 -1.0000
vn -0.0000 -0.6074 -0.7944
vn -0.0000 -0.6221 0.7830
vn -0.0000 -0.2810 0.9597
vn -0.0000 -0.3521 -0.9360
vn -0.0000 0.2028 -0.9792
vn -0.0000 -0.5762 0.8173
vn -0.0000 0.3068 0.9518
vn -0.0000 -0.1656 0.9862
vn -0.0000 -0.2288 0.9735
vn -0.0000 -0.4056 0.9141
vn -0.0000 -0.2024 -0.9793
vn -0.0000 -0.1607 0.9870
vn -0.0000 1.0000 -0.0000
vn 0.9996 -0.0047 0.0288
vn -0.0000 0.1607 -0.9870
vn -0.9996 -0.0047 0.0288
vn -0.0000 0.9999 0.0162
vn -0.0000 -0.9994 0.0351
vn -0.0000 0.9998 -0.0180
vn -0.0000 -0.9998 0.0180
vn -0.0000 -0.3068 -0.9518
vn -0.0000 0.2810 -0.9597
vn -0.0000 -0.7422 0.6702
vn -0.0000 0.7422 -0.6702
vn -0.0000 0.9999 -0.0144
vt 0.966568 0.765426
vt 0.966568 0.696483
vt 0.974582 0.709940
vt 0.974582 0.774397
vt 0.095791 0.681276
vt 0.128116 0.681276
vt 0.128116 0.564887
vt 0.113649 0.564887
vt 0.152889 0.765426
vt 0.152889 0.696483
vt 0.128116 0.696483
vt 0.128116 0.765426
vt 0.920139 0.696483
vt 0.743056 0.696483
vt 0.743056 0.681276
vt 0.626592 0.681276
vt 0.626592 0.696483
vt 0.068865 0.681276
vt 0.101681 0.564887
vt 0.095791 0.696483
vt 0.152889 0.681276
vt 0.068865 0.696483
vt 0.095791 0.763507
vt 0.067155 0.760005
vt 0.029758 0.696483
vt 0.029758 0.752364
vt 0.114439 0.710350
vt 0.109799 0.710350
vt 0.177663 0.681276
vt 0.377354 0.681276
vt 0.351813 0.564887
vt 0.172586 0.564887
vt 0.029758 0.681276
vt 0.108278 0.713972
vt 0.108278 0.713004
vt 0.016936 0.711804
vt 0.016936 0.703649
vt 0.016936 0.755984
vt 0.977788 0.709940
vt 0.977788 0.774397
vt 0.533503 0.681276
vt 0.533503 0.696483
vt 0.377354 0.696483
vt 0.533503 0.765426
vt 0.377354 0.765426
vt 0.101681 0.508930
vt 0.113649 0.508930
vt 0.113649 0.452974
vt 0.101681 0.452974
vt 0.128116 0.508930
vt 0.128116 0.452974
vt 0.118332 0.689902
vt 0.118332 0.683264
vt 0.150351 0.564887
vt 0.118332 0.696541
vt 0.115035 0.662020
vt 0.111737 0.640776
vt 0.138071 0.273913
vt 0.290214 0.273913
vt 0.267677 0.094852
vt 0.111321 0.094852
vt 0.119196 0.273913
vt 0.100321 0.273913
vt 0.072526 0.094852
vt 0.091924 0.094852
vt 0.365334 0.508930
vt 0.335764 0.452974
vt 0.151695 0.508930
vt 0.148755 0.452974
vt 0.175274 0.508930
vt 0.169395 0.452974
vt 0.058060 0.094852
vt 0.046092 0.094852
vt 0.050599 0.052879
vt 0.058060 0.052879
vt 0.267677 0.052879
vt 0.085854 0.273913
vt 0.073887 0.273913
vt 0.099751 0.363444
vt 0.114218 0.363444
vt 0.087784 0.363444
vt 0.305989 0.363444
vt 0.133280 0.363444
vt 0.152342 0.363444
vt 0.116683 0.672642
vt 0.072526 0.052879
vt 0.091924 0.052879
vt 0.111321 0.052879
vt 0.112272 0.635796
vt 0.077021 0.052879
vt 0.111378 0.052879
vt 0.249851 0.052879
vt 0.094200 0.052879
vt 0.558557 0.716023
vt 0.557767 0.709543
vt 0.563532 0.765426
vt 0.563532 0.696483
vt 0.563532 0.681276
vt 0.626592 0.765426
vt 0.552164 0.709543
vt 0.552955 0.716023
vt 0.519234 0.708002
vt 0.520299 0.716729
vt 0.562812 0.750882
vt 0.557210 0.750882
vt 0.177663 0.696483
vt 0.177663 0.765426
vt 0.954457 0.696483
vt 0.954457 0.765426
vt 0.920139 0.765426
vt 0.743056 0.765426
vt 0.108278 0.719213
vt 0.421683 0.566263
vt 0.434304 0.510307
vt 0.434625 0.682653
vt 0.409083 0.566263
vt 0.428775 0.652912
vt 0.377354 0.660999
vt 0.422605 0.510307
vt 0.449296 0.484460
vt 0.392025 0.483084
vt 0.343878 0.483084
vt 0.401149 0.484460
vt 0.581977 0.839224
vt 0.509803 0.834644
s 1
usemtl Material.001
f 840/954/410 468/955/410 542/956/410
f 840/954/410 542/956/410 867/957/410
f 496/958/411 491/959/411 561/960/411
f 496/958/411 561/960/411 566/961/411
f 883/962/411 793/963/411 489/964/411
f 883/962/411 489/964/411 845/965/411
f 1055/966/412 833/966/412 473/967/412
f 1055/966/412 473/967/412 1005/967/412
f 1007/968/412 486/968/412 483/969/412
f 1007/968/412 483/969/412 974/969/412
f 1006/967/413 474/967/413 487/968/413
f 1006/967/413 487/968/413 1008/968/413
f 457/970/411 469/967/411 477/968/411
f 457/970/411 477/968/411 480/969/411
f 476/967/410 464/970/410 485/969/410
f 476/967/410 485/969/410 488/968/410
f 497/958/410 507/971/410 573/972/410
f 497/958/410 573/972/410 570/961/410
f 492/959/410 490/964/410 495/973/410
f 492/959/410 495/973/410 497/958/410
f 793/963/411 809/974/411 491/959/411
f 793/963/411 491/959/411 489/964/411
f 794/974/410 810/963/410 490/964/410
f 794/974/410 490/964/410 492/959/410
f 493/973/411 496/958/411 502/971/411
f 493/973/411 502/971/411 498/975/411
f 845/965/411 489/964/411 493/973/411
f 845/965/411 493/973/411 847/976/411
f 489/964/411 491/959/411 496/958/411
f 489/964/411 496/958/411 493/973/411
f 850/977/411 498/975/411 509/978/411
f 850/977/411 509/978/411 855/979/411
f 975/980/412 505/980/412 519/981/412
f 975/980/412 519/981/412 977/981/412
f 497/958/410 495/973/410 501/975/410
f 497/958/410 501/975/410 507/971/410
f 765/982/411 555/983/411 574/984/411
f 765/982/411 574/984/411 768/985/411
f 848/976/411 494/973/411 499/975/411
f 848/976/411 499/975/411 851/977/411
f 498/975/411 502/971/411 515/986/411
f 498/975/411 515/986/411 509/978/411
f 507/971/410 501/975/410 514/978/410
f 507/971/410 514/978/410 522/986/410
f 1120/987/414 525/987/414 531/988/414
f 1120/987/414 531/988/414 1122/988/414
f 521/986/410 512/978/410 528/989/410
f 521/986/410 528/989/410 534/990/410
f 978/981/415 520/981/415 532/988/415
f 978/981/415 532/988/415 980/988/415
f 854/979/411 508/978/411 523/989/411
f 854/979/411 523/989/411 858/991/411
f 510/978/411 516/986/411 529/990/411
f 510/978/411 529/990/411 524/989/411
f 1064/956/412 537/956/412 544/992/412
f 1064/956/412 544/992/412 1066/992/412
f 1059/955/416 462/955/416 538/956/416
f 1059/955/416 538/956/416 1065/956/416
f 866/957/410 541/956/410 548/992/410
f 866/957/410 548/992/410 873/993/410
f 713/994/410 687/995/410 559/996/410
f 713/994/410 559/996/410 553/983/410
f 690/995/411 714/994/411 556/983/411
f 690/995/411 556/983/411 550/996/411
f 876/997/411 689/995/411 549/996/411
f 876/997/411 549/996/411 875/998/411
f 1038/994/412 711/994/412 551/983/412
f 1038/994/412 551/983/412 1014/983/412
f 596/999/411 600/1000/411 583/1001/411
f 596/999/411 583/1001/411 584/1002/411
f 599/1003/410 598/1000/410 587/1001/410
f 599/1003/410 587/1001/410 579/1004/410
f 1127/1005/414 597/1005/414 585/1006/414
f 1127/1005/414 585/1006/414 1125/1006/414
f 502/971/411 496/958/411 566/961/411
f 502/971/411 566/961/411 567/972/411
f 1015/983/417 552/983/417 563/984/417
f 1015/983/417 563/984/417 1018/984/417
f 794/974/410 492/959/410 562/960/410
f 794/974/410 562/960/410 795/1007/410
f 492/959/410 497/958/410 570/961/410
f 492/959/410 570/961/410 562/960/410
f 1117/980/418 504/980/418 568/1008/418
f 1117/980/418 568/1008/418 1123/1008/418
f 1131/1009/419 634/1009/419 616/1010/419
f 1131/1009/419 616/1010/419 1129/1010/419
f 778/1011/411 628/1012/411 621/1013/411
f 778/1011/411 621/1013/411 775/1014/411
f 816/1015/410 627/1016/410 609/1017/410
f 816/1015/410 609/1017/410 800/1018/410
f 1025/1019/420 601/1019/420 580/1020/420
f 1025/1019/420 580/1020/420 1023/1020/420
f 598/1000/410 595/999/410 590/1002/410
f 598/1000/410 590/1002/410 587/1001/410
f 600/1000/411 607/1003/411 577/1004/411
f 600/1000/411 577/1004/411 583/1001/411
f 813/1021/410 599/1003/410 579/1004/410
f 813/1021/410 579/1004/410 797/1022/410
f 771/1023/411 604/1019/411 591/1020/411
f 771/1023/411 591/1020/411 770/1024/411
f 768/985/411 574/984/411 604/1019/411
f 768/985/411 604/1019/411 771/1023/411
f 795/1007/410 562/960/410 599/1003/410
f 795/1007/410 599/1003/410 813/1021/410
f 566/961/411 561/960/411 607/1003/411
f 566/961/411 607/1003/411 600/1000/411
f 570/961/410 573/972/410 595/999/410
f 570/961/410 595/999/410 598/1000/410
f 1020/984/421 564/984/421 602/1019/421
f 1020/984/421 602/1019/421 1026/1019/421
f 1124/1008/414 569/1008/414 597/1005/414
f 1124/1008/414 597/1005/414 1127/1005/414
f 562/960/410 570/961/410 598/1000/410
f 562/960/410 598/1000/410 599/1003/410
f 567/972/411 566/961/411 600/1000/411
f 567/972/411 600/1000/411 596/999/411
f 617/1025/410 620/1026/410 668/1027/410
f 617/1025/410 668/1027/410 665/1028/410
f 1030/1013/413 611/1013/413 677/1029/413
f 1030/1013/413 677/1029/413 1036/1029/413
f 614/1026/411 613/1025/411 659/1028/411
f 614/1026/411 659/1028/411 661/1027/411
f 627/1016/410 638/1030/410 617/1025/410
f 627/1016/410 617/1025/410 609/1017/410
f 632/1031/411 639/1030/411 613/1025/411
f 632/1031/411 613/1025/411 614/1026/411
f 1032/1012/422 625/1012/422 610/1013/422
f 1032/1012/422 610/1013/422 1029/1013/422
f 638/1030/410 637/1031/410 620/1026/410
f 638/1030/410 620/1026/410 617/1025/410
f 639/1030/411 631/1016/411 608/1017/411
f 639/1030/411 608/1017/411 613/1025/411
f 654/1032/411 643/1033/411 631/1016/411
f 654/1032/411 631/1016/411 639/1030/411
f 653/1032/410 645/1034/410 637/1031/410
f 653/1032/410 637/1031/410 638/1030/410
f 1034/1035/423 641/1035/423 624/1012/423
f 1034/1035/423 624/1012/423 1031/1012/423
f 651/1034/411 654/1032/411 639/1030/411
f 651/1034/411 639/1030/411 632/1031/411
f 647/1033/410 653/1032/410 638/1030/410
f 647/1033/410 638/1030/410 627/1016/410
f 818/1036/410 647/1033/410 627/1016/410
f 818/1036/410 627/1016/410 816/1015/410
f 779/1037/411 648/1035/411 628/1012/411
f 779/1037/411 628/1012/411 778/1011/411
f 1132/1038/419 652/1038/419 633/1009/419
f 1132/1038/419 633/1009/419 1130/1009/419
f 1126/1006/419 586/1006/419 652/1038/419
f 1126/1006/419 652/1038/419 1132/1038/419
f 770/1024/411 591/1020/411 648/1035/411
f 770/1024/411 648/1035/411 779/1037/411
f 796/1022/410 578/1004/410 646/1033/410
f 796/1022/410 646/1033/410 817/1036/410
f 579/1004/410 587/1001/410 653/1032/410
f 579/1004/410 653/1032/410 647/1033/410
f 584/1002/411 583/1001/411 654/1032/411
f 584/1002/411 654/1032/411 651/1034/411
f 1024/1020/424 581/1020/424 640/1035/424
f 1024/1020/424 640/1035/424 1033/1035/424
f 587/1001/410 590/1002/410 645/1034/410
f 587/1001/410 645/1034/410 653/1032/410
f 583/1001/411 577/1004/411 643/1033/411
f 583/1001/411 643/1033/411 654/1032/411
f 992/1039/412 673/1039/412 664/1028/412
f 992/1039/412 664/1028/412 993/1028/412
f 993/1028/412 664/1028/412 666/1027/412
f 993/1028/412 666/1027/412 994/1027/412
f 613/1025/411 608/1017/411 671/1039/411
f 613/1025/411 671/1039/411 659/1028/411
f 800/1018/410 609/1017/410 674/1039/410
f 800/1018/410 674/1039/410 806/1040/410
f 775/1014/411 621/1013/411 679/1029/411
f 775/1014/411 679/1029/411 785/1041/411
f 1128/1010/425 615/1010/425 663/1042/425
f 1128/1010/425 663/1042/425 1136/1042/425
f 609/1017/410 617/1025/410 665/1028/410
f 609/1017/410 665/1028/410 674/1039/410
f 996/1043/412 656/1043/412 673/1039/412
f 996/1043/412 673/1039/412 992/1039/412
f 790/1044/412 657/1045/412 675/1029/412
f 790/1044/412 675/1029/412 782/1041/412
f 823/1046/412 655/1043/412 672/1039/412
f 823/1046/412 672/1039/412 821/1040/412
f 1092/1045/412 669/1045/412 680/1029/412
f 1092/1045/412 680/1029/412 1090/1029/412
f 1051/1047/426 736/1047/426 722/1048/426
f 1051/1047/426 722/1048/426 1049/1048/426
f 879/1049/411 701/1050/411 689/995/411
f 879/1049/411 689/995/411 876/997/411
f 702/1050/411 718/1051/411 714/994/411
f 702/1050/411 714/994/411 690/995/411
f 709/1051/410 699/1050/410 687/995/410
f 709/1051/410 687/995/410 713/994/410
f 484/969/410 463/970/410 699/1050/410
f 484/969/410 699/1050/410 709/1051/410
f 458/970/411 481/969/411 718/1051/411
f 458/970/411 718/1051/411 702/1050/411
f 835/1052/411 457/970/411 701/1050/411
f 835/1052/411 701/1050/411 879/1049/411
f 974/969/412 483/969/412 707/1051/412
f 974/969/412 707/1051/412 1040/1051/412
f 691/994/412 703/1051/412 707/1051/412
f 691/994/412 707/1051/412 710/994/412
s 0
f 1043/994/427 693/994/427 712/994/427
f 1043/994/427 712/994/427 1039/994/427
s 1
f 696/1051/412 684/994/412 715/994/412
f 696/1051/412 715/994/412 719/1051/412
s 0
f 1100/1051/427 698/1051/427 720/1051/427
f 1100/1051/427 720/1051/427 1096/1051/427
s 1
f 1048/1048/412 721/1048/412 724/1053/412
f 1048/1048/412 724/1053/412 1046/1053/412
f 743/1054/428 729/1053/428 754/1055/428
f 743/1054/428 754/1055/428 757/1056/428
f 742/1054/411 739/1047/411 732/1048/411
f 742/1054/411 732/1048/411 728/1053/411
f 737/1047/410 749/1054/410 727/1053/410
f 737/1047/410 727/1053/410 723/1048/410
f 706/1057/410 694/1058/410 750/1054/410
f 706/1057/410 750/1054/410 738/1047/410
f 683/1058/411 695/1057/411 739/1047/411
f 683/1058/411 739/1047/411 742/1054/411
f 1097/1058/429 685/1058/429 744/1054/429
f 1097/1058/429 744/1054/429 1138/1054/429
f 1044/1057/426 704/1057/426 735/1047/426
f 1044/1057/426 735/1047/426 1050/1047/426
f 1140/1056/429 758/1056/429 756/1055/429
f 1140/1056/429 756/1055/429 1110/1055/429
f 726/1053/430 748/1054/430 762/1056/430
f 726/1053/430 762/1056/430 753/1055/430
f 1139/1054/431 745/1054/431 759/1056/431
f 1139/1054/431 759/1056/431 1141/1056/431
f 1047/1053/432 725/1053/432 751/1055/432
f 1047/1053/432 751/1055/432 1052/1055/432
f 670/1045/412 791/1044/412 787/1041/412
f 670/1045/412 787/1041/412 682/1029/412
f 807/1046/412 789/1044/412 781/1041/412
f 807/1046/412 781/1041/412 803/1040/412
f 815/1018/411 776/1014/411 786/1041/411
f 815/1018/411 786/1041/411 820/1040/411
f 612/1013/410 774/1014/410 784/1041/410
f 612/1013/410 784/1041/410 678/1029/410
f 582/1020/410 769/1024/410 780/1037/410
f 582/1020/410 780/1037/410 642/1035/410
f 812/1022/411 770/1024/411 779/1037/411
f 812/1022/411 779/1037/411 802/1036/411
f 802/1036/411 779/1037/411 778/1011/411
f 802/1036/411 778/1011/411 801/1015/411
f 642/1035/410 780/1037/410 777/1011/410
f 642/1035/410 777/1011/410 626/1012/410
f 565/984/410 767/985/410 772/1023/410
f 565/984/410 772/1023/410 603/1019/410
f 811/1007/411 768/985/411 771/1023/411
f 811/1007/411 771/1023/411 798/1021/411
f 798/1021/411 771/1023/411 770/1024/411
f 798/1021/411 770/1024/411 812/1022/411
f 603/1019/410 772/1023/410 769/1024/410
f 603/1019/410 769/1024/410 582/1020/410
f 626/1012/410 777/1011/410 774/1014/410
f 626/1012/410 774/1014/410 612/1013/410
f 801/1015/411 778/1011/411 775/1014/411
f 801/1015/411 775/1014/411 814/1018/411
f 554/983/410 764/982/410 767/985/410
f 554/983/410 767/985/410 565/984/410
f 809/974/411 765/982/411 768/985/411
f 809/974/411 768/985/411 811/1007/411
f 554/983/410 560/996/410 766/1059/410
f 554/983/410 766/1059/410 764/982/410
f 549/996/411 555/983/411 765/982/411
f 549/996/411 765/982/411 763/1059/411
f 875/998/411 549/996/411 763/1059/411
f 875/998/411 763/1059/411 881/1060/411
f 491/959/411 809/974/411 811/1007/411
f 491/959/411 811/1007/411 561/960/411
f 631/1016/411 801/1015/411 814/1018/411
f 631/1016/411 814/1018/411 608/1017/411
f 607/1003/411 798/1021/411 812/1022/411
f 607/1003/411 812/1022/411 577/1004/411
f 561/960/411 811/1007/411 798/1021/411
f 561/960/411 798/1021/411 607/1003/411
f 643/1033/411 802/1036/411 801/1015/411
f 643/1033/411 801/1015/411 631/1016/411
f 577/1004/411 812/1022/411 802/1036/411
f 577/1004/411 802/1036/411 643/1033/411
f 608/1017/411 814/1018/411 819/1040/411
f 608/1017/411 819/1040/411 671/1039/411
f 656/1043/412 808/1046/412 804/1040/412
f 656/1043/412 804/1040/412 673/1039/412
f 792/1044/412 824/1046/412 822/1040/412
f 792/1044/412 822/1040/412 788/1041/412
f 773/1014/410 799/1018/410 805/1040/410
f 773/1014/410 805/1040/410 783/1041/410
f 769/1024/410 797/1022/410 818/1036/410
f 769/1024/410 818/1036/410 780/1037/410
f 780/1037/410 818/1036/410 816/1015/410
f 780/1037/410 816/1015/410 777/1011/410
f 767/985/410 795/1007/410 813/1021/410
f 767/985/410 813/1021/410 772/1023/410
f 772/1023/410 813/1021/410 797/1022/410
f 772/1023/410 797/1022/410 769/1024/410
f 777/1011/410 816/1015/410 800/1018/410
f 777/1011/410 800/1018/410 774/1014/410
f 764/982/410 794/974/410 795/1007/410
f 764/982/410 795/1007/410 767/985/410
f 764/982/410 766/1059/410 810/963/410
f 764/982/410 810/963/410 794/974/410
f 763/1059/411 765/982/411 809/974/411
f 763/1059/411 809/974/411 793/963/411
f 881/1060/411 763/1059/411 793/963/411
f 881/1060/411 793/963/411 883/962/411
f 1003/955/412 465/955/412 825/1061/412
f 1003/955/412 825/1061/412 1054/1061/412
f 1054/1061/412 825/1061/412 833/966/412
f 1054/1061/412 833/966/412 1055/966/412
f 826/1061/410 884/1062/410 889/1063/410
f 826/1061/410 889/1063/410 834/966/410
f 470/967/411 844/1064/411 888/1063/411
f 470/967/411 888/1063/411 831/966/411
f 831/966/411 888/1063/411 887/1062/411
f 831/966/411 887/1062/411 829/1061/411
f 467/955/410 839/954/410 885/1062/410
f 467/955/410 885/1062/410 827/1061/410
f 766/1059/410 880/1060/410 882/962/410
f 766/1059/410 882/962/410 810/963/410
f 560/996/410 874/998/410 880/1060/410
f 560/996/410 880/1060/410 766/1059/410
f 464/970/410 842/1052/410 878/1049/410
f 464/970/410 878/1049/410 700/1050/410
f 700/1050/410 878/1049/410 877/997/410
f 700/1050/410 877/997/410 688/995/410
f 688/995/410 877/997/410 874/998/410
f 688/995/410 874/998/410 560/996/410
f 535/956/411 864/957/411 868/993/411
f 535/956/411 868/993/411 543/992/411
f 1012/992/413 1001/993/413 871/993/413
f 1012/992/413 871/993/413 547/992/413
f 460/955/411 838/954/411 865/957/411
f 460/955/411 865/957/411 536/956/411
f 1120/987/414 1113/1065/414 859/1065/414
f 1120/987/414 859/1065/414 525/987/414
f 500/975/410 852/977/410 857/979/410
f 500/975/410 857/979/410 513/978/410
f 511/978/410 856/979/410 863/991/410
f 511/978/410 863/991/410 527/989/410
f 495/973/410 849/976/410 853/977/410
f 495/973/410 853/977/410 501/975/410
f 490/964/410 846/965/410 849/976/410
f 490/964/410 849/976/410 495/973/410
f 810/963/410 882/962/410 846/965/410
f 810/963/410 846/965/410 490/964/410
f 458/970/411 836/1052/411 844/1064/411
f 458/970/411 844/1064/411 470/967/411
f 834/966/410 889/1063/410 843/1064/410
f 834/966/410 843/1064/410 475/967/410
f 475/967/410 843/1064/410 841/1052/410
f 475/967/410 841/1052/410 463/970/410
f 828/1061/411 886/1062/411 837/954/411
f 828/1061/411 837/954/411 459/955/411
f 979/987/414 1056/1065/414 972/1065/414
f 979/987/414 972/1065/414 901/987/414
f 1067/992/413 1142/993/413 970/993/413
f 1067/992/413 970/993/413 907/992/413
f 1111/1061/412 968/1061/412 969/966/412
f 1111/1061/412 969/966/412 1112/966/412
f 1058/955/412 890/955/412 968/1061/412
f 1058/955/412 968/1061/412 1111/1061/412
f 1103/1053/432 957/1053/432 964/1055/432
f 1103/1053/432 964/1055/432 1109/1055/432
f 998/1054/431 961/1054/431 967/1056/431
f 998/1054/431 967/1056/431 1000/1056/431
f 999/1056/429 966/1056/429 965/1055/429
f 999/1056/429 965/1055/429 1053/1055/429
f 1099/1057/426 954/1057/426 962/1047/426
f 1099/1057/426 962/1047/426 1106/1047/426
f 1042/1058/429 952/1058/429 960/1054/429
f 1042/1058/429 960/1054/429 997/1054/429
f 1104/1048/412 958/1048/412 956/1053/412
f 1104/1048/412 956/1053/412 1101/1053/412
s 0
f 1045/1051/427 955/1051/413 951/1051/427
f 1045/1051/427 951/1051/427 1041/1051/427
f 1098/994/427 953/994/413 949/994/427
f 1098/994/427 949/994/427 1094/994/427
s 1
f 1115/969/412 894/969/412 950/1051/412
f 1115/969/412 950/1051/412 1095/1051/412
f 1107/1047/426 963/1047/426 959/1048/426
f 1107/1047/426 959/1048/426 1105/1048/426
f 1037/1045/412 947/1045/412 944/1029/412
f 1037/1045/412 944/1029/412 1035/1029/412
f 1137/1043/412 946/1043/412 940/1039/412
f 1137/1043/412 940/1039/412 1133/1039/412
f 987/1010/425 929/1010/425 943/1042/425
f 987/1010/425 943/1042/425 995/1042/425
f 1134/1028/412 941/1028/412 942/1027/412
f 1134/1028/412 942/1027/412 1135/1027/412
f 1133/1039/412 940/1039/412 941/1028/412
f 1133/1039/412 941/1028/412 1134/1028/412
f 1079/1020/424 923/1020/424 938/1035/424
f 1079/1020/424 938/1035/424 1088/1035/424
f 985/1006/419 921/1006/419 937/1038/419
f 985/1006/419 937/1038/419 991/1038/419
f 991/1038/419 937/1038/419 935/1009/419
f 991/1038/419 935/1009/419 989/1009/419
f 1089/1035/423 939/1035/423 933/1012/423
f 1089/1035/423 933/1012/423 1086/1012/423
f 1087/1012/422 934/1012/422 931/1013/422
f 1087/1012/422 931/1013/422 1084/1013/422
f 1085/1013/413 932/1013/413 945/1029/413
f 1085/1013/413 945/1029/413 1091/1029/413
f 983/1008/414 913/1008/414 928/1005/414
f 983/1008/414 928/1005/414 986/1005/414
f 1158/1019/411 1144/984/411 1215/1066/411
f 1158/1019/411 1215/1066/411 1219/1067/411
f 1080/1019/420 924/1019/420 922/1020/420
f 1080/1019/420 922/1020/420 1078/1020/420
f 990/1009/419 936/1009/419 930/1010/419
f 990/1009/419 930/1010/419 988/1010/419
f 976/980/418 898/980/418 912/1008/418
f 976/980/418 912/1008/418 982/1008/418
f 1165/983/433 1168/983/433 1227/1068/433
f 1165/983/433 1227/1068/433 1231/1068/433
f 986/1005/414 928/1005/414 920/1006/414
f 986/1005/414 920/1006/414 984/1006/414
f 1093/994/412 948/994/412 909/983/412
f 1093/994/412 909/983/412 1069/983/412
f 1004/955/416 891/955/416 905/956/416
f 1004/955/416 905/956/416 1010/956/416
f 1009/956/412 904/956/412 906/992/412
f 1009/956/412 906/992/412 1011/992/412
f 1119/981/415 900/981/415 902/988/415
f 1119/981/415 902/988/415 1121/988/415
f 979/987/414 901/987/414 903/988/414
f 979/987/414 903/988/414 981/988/414
f 1116/980/412 897/980/412 899/981/412
f 1116/980/412 899/981/412 1118/981/412
f 1061/967/413 893/967/413 896/968/413
f 1061/967/413 896/968/413 1063/968/413
f 1062/968/412 895/968/412 894/969/412
f 1062/968/412 894/969/412 1115/969/412
f 1112/966/412 969/966/412 892/967/412
f 1112/966/412 892/967/412 1060/967/412
f 526/987/414 979/987/414 981/988/414
f 526/987/414 981/988/414 533/988/414
f 539/956/412 1009/956/412 1011/992/412
f 539/956/412 1011/992/412 546/992/412
f 466/955/416 1004/955/416 1010/956/416
f 466/955/416 1010/956/416 540/956/416
f 594/1005/414 986/1005/414 984/1006/414
f 594/1005/414 984/1006/414 588/1006/414
f 506/980/418 976/980/418 982/1008/418
f 506/980/418 982/1008/418 571/1008/418
f 636/1009/419 990/1009/419 988/1010/419
f 636/1009/419 988/1010/419 619/1010/419
f 572/1008/414 983/1008/414 986/1005/414
f 572/1008/414 986/1005/414 594/1005/414
f 644/1038/419 991/1038/419 989/1009/419
f 644/1038/419 989/1009/419 635/1009/419
f 589/1006/419 985/1006/419 991/1038/419
f 589/1006/419 991/1038/419 644/1038/419
f 618/1010/425 987/1010/425 995/1042/425
f 618/1010/425 995/1042/425 667/1042/425
f 658/1045/412 1037/1045/412 1035/1029/412
f 658/1045/412 1035/1029/412 676/1029/412
s 0
f 705/1051/427 1045/1051/427 1041/1051/427
f 705/1051/427 1041/1051/427 708/1051/427
s 1
f 692/1058/429 1042/1058/429 997/1054/429
f 692/1058/429 997/1054/429 746/1054/429
f 760/1056/429 999/1056/429 1053/1055/429
f 760/1056/429 1053/1055/429 752/1055/429
f 747/1054/431 998/1054/431 1000/1056/431
f 747/1054/431 1000/1056/431 761/1056/431
f 526/987/414 861/1065/414 1056/1065/414
f 526/987/414 1056/1065/414 979/987/414
f 907/992/413 970/993/413 1001/993/413
f 907/992/413 1001/993/413 1012/992/413
f 968/1061/412 1054/1061/412 1055/966/412
f 968/1061/412 1055/966/412 969/966/412
f 890/955/412 1003/955/412 1054/1061/412
f 890/955/412 1054/1061/412 968/1061/412
f 957/1053/432 1047/1053/432 1052/1055/432
f 957/1053/432 1052/1055/432 964/1055/432
f 954/1057/426 1044/1057/426 1050/1047/426
f 954/1057/426 1050/1047/426 962/1047/426
f 958/1048/412 1048/1048/412 1046/1053/412
f 958/1048/412 1046/1053/412 956/1053/412
s 0
f 953/994/427 1043/994/427 1039/994/427
f 953/994/427 1039/994/427 949/994/413
s 1
f 894/969/412 974/969/412 1040/1051/412
f 894/969/412 1040/1051/412 950/1051/412
f 963/1047/426 1051/1047/426 1049/1048/426
f 963/1047/426 1049/1048/426 959/1048/426
f 946/1043/412 996/1043/412 992/1039/412
f 946/1043/412 992/1039/412 940/1039/412
f 941/1028/412 993/1028/412 994/1027/412
f 941/1028/412 994/1027/412 942/1027/412
f 940/1039/412 992/1039/412 993/1028/412
f 940/1039/412 993/1028/412 941/1028/412
f 923/1020/424 1024/1020/424 1033/1035/424
f 923/1020/424 1033/1035/424 938/1035/424
f 939/1035/423 1034/1035/423 1031/1012/423
f 939/1035/423 1031/1012/423 933/1012/423
f 934/1012/422 1032/1012/422 1029/1013/422
f 934/1012/422 1029/1013/422 931/1013/422
f 932/1013/413 1030/1013/413 1036/1029/413
f 932/1013/413 1036/1029/413 945/1029/413
f 1147/984/433 1150/984/433 1213/1069/433
f 1147/984/433 1213/1069/433 1217/1069/433
f 924/1019/420 1025/1019/420 1023/1020/420
f 924/1019/420 1023/1020/420 922/1020/420
f 1204/984/434 1209/984/434 1259/1069/434
f 1204/984/434 1259/1069/434 1261/1069/434
f 948/994/412 1038/994/412 1014/983/412
f 948/994/412 1014/983/412 909/983/412
f 900/981/415 978/981/415 980/988/415
f 900/981/415 980/988/415 902/988/415
f 897/980/412 975/980/412 977/981/412
f 897/980/412 977/981/412 899/981/412
f 893/967/413 1006/967/413 1008/968/413
f 893/967/413 1008/968/413 896/968/413
f 895/968/412 1007/968/412 974/969/412
f 895/968/412 974/969/412 894/969/412
f 969/966/412 1055/966/412 1005/967/412
f 969/966/412 1005/967/412 892/967/412
f 832/966/412 1112/966/412 1060/967/412
f 832/966/412 1060/967/412 471/967/412
f 478/968/412 1062/968/412 1115/969/412
f 478/968/412 1115/969/412 482/969/412
f 472/967/413 1061/967/413 1063/968/413
f 472/967/413 1063/968/413 479/968/413
f 503/980/412 1116/980/412 1118/981/412
f 503/980/412 1118/981/412 517/981/412
f 518/981/415 1119/981/415 1121/988/415
f 518/981/415 1121/988/415 530/988/415
f 716/994/412 1093/994/412 1069/983/412
f 716/994/412 1069/983/412 557/983/412
f 558/983/417 1070/983/417 1073/984/417
f 558/983/417 1073/984/417 575/984/417
f 605/1019/420 1080/1019/420 1078/1020/420
f 605/1019/420 1078/1020/420 592/1020/420
f 576/984/421 1075/984/421 1081/1019/421
f 576/984/421 1081/1019/421 606/1019/421
f 623/1013/413 1085/1013/413 1091/1029/413
f 623/1013/413 1091/1029/413 681/1029/413
f 630/1012/422 1087/1012/422 1084/1013/422
f 630/1012/422 1084/1013/422 622/1013/422
f 650/1035/423 1089/1035/423 1086/1012/423
f 650/1035/423 1086/1012/423 629/1012/423
f 593/1020/424 1079/1020/424 1088/1035/424
f 593/1020/424 1088/1035/424 649/1035/424
f 672/1039/412 1133/1039/412 1134/1028/412
f 672/1039/412 1134/1028/412 660/1028/412
f 660/1028/412 1134/1028/412 1135/1027/412
f 660/1028/412 1135/1027/412 662/1027/412
f 655/1043/412 1137/1043/412 1133/1039/412
f 655/1043/412 1133/1039/412 672/1039/412
f 741/1047/426 1107/1047/426 1105/1048/426
f 741/1047/426 1105/1048/426 734/1048/426
f 482/969/412 1115/969/412 1095/1051/412
f 482/969/412 1095/1051/412 719/1051/412
s 0
f 686/994/427 1098/994/427 1094/994/427
f 686/994/427 1094/994/427 717/994/427
s 1
f 733/1048/412 1104/1048/412 1101/1053/412
f 733/1048/412 1101/1053/412 730/1053/412
f 697/1057/426 1099/1057/426 1106/1047/426
f 697/1057/426 1106/1047/426 740/1047/426
f 731/1053/432 1102/1053/432 1108/1055/432
f 731/1053/432 1108/1055/432 755/1055/432
f 461/955/412 1058/955/412 1111/1061/412
f 461/955/412 1111/1061/412 830/1061/412
f 830/1061/412 1111/1061/412 1112/966/412
f 830/1061/412 1112/966/412 832/966/412
f 545/992/413 869/993/413 1142/993/413
f 545/992/413 1142/993/413 1067/992/413
f 901/987/414 972/1065/414 1113/1065/414
f 901/987/414 1113/1065/414 1120/987/414
f 961/1054/431 1139/1054/431 1141/1056/431
f 961/1054/431 1141/1056/431 967/1056/431
f 966/1056/429 1140/1056/429 1110/1055/429
f 966/1056/429 1110/1055/429 965/1055/429
f 952/1058/429 1097/1058/429 1138/1054/429
f 952/1058/429 1138/1054/429 960/1054/429
s 0
f 955/1051/427 1100/1051/427 1096/1051/427
f 955/1051/427 1096/1051/427 951/1051/413
s 1
f 947/1045/412 1092/1045/412 1090/1029/412
f 947/1045/412 1090/1029/412 944/1029/412
f 929/1010/425 1128/1010/425 1136/1042/425
f 929/1010/425 1136/1042/425 943/1042/425
f 921/1006/419 1126/1006/419 1132/1038/419
f 921/1006/419 1132/1038/419 937/1038/419
f 937/1038/419 1132/1038/419 1130/1009/419
f 937/1038/419 1130/1009/419 935/1009/419
f 913/1008/414 1124/1008/414 1127/1005/414
f 913/1008/414 1127/1005/414 928/1005/414
f 936/1009/419 1131/1009/419 1129/1010/419
f 936/1009/419 1129/1010/419 930/1010/419
f 898/980/418 1117/980/418 1123/1008/418
f 898/980/418 1123/1008/418 912/1008/418
f 928/1005/414 1127/1005/414 1125/1006/414
f 928/1005/414 1125/1006/414 920/1006/414
f 891/955/416 1059/955/416 1065/956/416
f 891/955/416 1065/956/416 905/956/416
f 904/956/412 1064/956/412 1066/992/412
f 904/956/412 1066/992/412 906/992/412
f 901/987/414 1120/987/414 1122/988/414
f 901/987/414 1122/988/414 903/988/414
s 0
f 1072/984/412 914/984/412 1148/984/412
f 1072/984/412 1148/984/412 1145/984/412
s 1
f 918/984/421 926/1019/421 1152/1019/421
f 918/984/421 1152/1019/421 1149/984/421
s 0
f 927/1019/427 1083/1019/427 1161/1019/427
f 927/1019/427 1161/1019/427 1154/1019/427
s 1
f 1082/1019/421 1076/984/421 1146/984/421
f 1082/1019/421 1146/984/421 1159/1019/421
s 0
f 1068/983/412 908/983/412 1166/983/412
f 1068/983/412 1166/983/412 1163/983/412
s 1
f 910/983/417 916/984/417 1171/984/417
f 910/983/417 1171/984/417 1167/983/417
s 0
f 919/984/427 1077/984/427 1177/984/427
f 919/984/427 1177/984/427 1172/984/427
s 1
f 1074/984/417 1071/983/417 1164/983/417
f 1074/984/417 1164/983/417 1176/984/417
s 0
f 914/984/412 1017/984/412 1182/984/412
f 914/984/412 1182/984/412 1179/984/412
s 1
f 1021/984/421 1027/1019/421 1186/1019/421
f 1021/984/421 1186/1019/421 1183/984/421
s 0
f 1028/1019/427 927/1019/427 1195/1019/427
f 1028/1019/427 1195/1019/427 1188/1019/427
s 1
f 925/1019/435 915/984/435 1180/984/435
f 925/1019/435 1180/984/435 1193/1019/435
s 0
f 908/983/412 1013/983/412 1200/983/412
f 908/983/412 1200/983/412 1197/983/412
s 1
f 1016/983/417 1019/984/417 1205/984/417
f 1016/983/417 1205/984/417 1201/983/417
s 0
f 1022/984/427 919/984/427 1211/984/427
f 1022/984/427 1211/984/427 1206/984/427
s 1
f 917/984/436 911/983/436 1198/983/436
f 917/984/436 1198/983/436 1210/984/436
f 1216/1066/421 1212/1066/421 1223/1067/421
f 1216/1066/421 1223/1067/421 1221/1067/421
f 1230/1070/417 1226/1070/417 1236/1066/417
f 1230/1070/417 1236/1066/417 1234/1066/417
f 1242/1066/421 1238/1066/421 1249/1067/421
f 1242/1066/421 1249/1067/421 1247/1067/421
f 1256/1070/417 1252/1070/417 1262/1066/417
f 1256/1070/417 1262/1066/417 1260/1066/417
f 1181/984/433 1184/984/433 1239/1069/433
f 1181/984/433 1239/1069/433 1243/1069/433
f 1174/984/411 1162/1071/411 1229/1070/411
f 1174/984/411 1229/1070/411 1232/1066/411
f 1199/983/433 1202/983/433 1253/1068/433
f 1199/983/433 1253/1068/433 1257/1068/433
f 1151/984/410 1155/1019/410 1224/1072/410
f 1151/984/410 1224/1072/410 1214/1069/410
f 1192/1019/411 1178/984/411 1241/1069/411
f 1192/1019/411 1241/1069/411 1245/1072/411
f 1169/983/410 1173/984/410 1237/1069/410
f 1169/983/410 1237/1069/410 1228/1068/410
f 1208/984/411 1196/983/411 1255/1068/411
f 1208/984/411 1255/1068/411 1258/1069/411
f 1246/1067/437 1248/1067/437 1283/1073/437
f 1246/1067/437 1283/1073/437 1287/1073/437
f 1185/984/410 1190/1019/410 1251/1067/410
f 1185/984/410 1251/1067/410 1240/1066/410
f 1170/984/434 1175/984/434 1233/1069/434
f 1170/984/434 1233/1069/434 1235/1069/434
f 1203/1071/410 1207/984/410 1263/1066/410
f 1203/1071/410 1263/1066/410 1254/1070/410
f 1157/1019/411 1218/1067/411 1279/1073/411
f 1157/1019/411 1279/1073/411 1267/1074/411
f 1264/1075/434 1268/1075/434 1280/1076/434
f 1264/1075/434 1280/1076/434 1276/1076/434
f 1270/1075/434 1274/1075/434 1286/1076/434
f 1270/1075/434 1286/1076/434 1282/1076/434
f 1250/1067/410 1189/1019/410 1272/1074/410
f 1250/1067/410 1272/1074/410 1284/1073/410
f 1187/1019/438 1194/1019/438 1275/1075/438
f 1187/1019/438 1275/1075/438 1271/1075/438
f 1191/1019/411 1244/1072/411 1285/1076/411
f 1191/1019/411 1285/1076/411 1273/1075/411
f 1220/1067/437 1222/1067/437 1277/1073/437
f 1220/1067/437 1277/1073/437 1281/1073/437
f 1225/1072/410 1156/1019/410 1266/1075/410
f 1225/1072/410 1266/1075/410 1278/1076/410
f 1153/1019/438 1160/1019/438 1269/1075/438
f 1153/1019/438 1269/1075/438 1265/1075/438
f 1143/1077/439 870/1077/439 860/1078/439
f 1143/1077/439 860/1078/439 1114/1078/439
f 1114/1078/439 973/1078/439 971/1077/439
f 1114/1078/439 971/1077/439 1143/1077/439
f 1002/1077/439 971/1077/439 973/1078/439
f 1002/1077/439 973/1078/439 1057/1078/439
f 1057/1078/439 862/1078/439 872/1077/439
f 1057/1078/439 872/1077/439 1002/1077/439
o mag
v -0.975999 -2.455806 -0.385648
v -0.975999 -2.455806 -0.385648
v -0.975999 -2.455806 -0.385648
v -1.918371 -2.455806 -0.385648
v -1.918371 -2.455806 -0.385648
v -1.918371 -2.455806 -0.385648
v -1.918371 -2.455806 1.270425
v -1.918371 -2.455806 1.270425
v -1.918371 -2.455806 1.270425
v -0.975999 -2.455806 1.270425
v -0.975999 -2.455806 1.270425
v -0.975999 -2.455806 1.270425
v -0.975999 -2.680869 -0.385648
v -0.975999 -2.680869 -0.385648
v -0.975999 -2.680869 -0.385648
v -1.918371 -2.680869 -0.385648
v -1.918371 -2.680869 -0.385648
v -1.918371 -2.680869 -0.385648
v -1.918371 -2.680869 1.342406
v -1.918371 -2.680869 1.342406
v -1.918371 -2.680869 1.342406
v -0.975999 -2.680869 1.342406
v -0.975999 -2.680869 1.342406
v -0.975999 -2.680869 1.342406
v -1.918371 -2.455806 -0.056429
v -0.975999 -2.455806 -0.056429
v -1.918371 -2.680869 -0.042119
v -1.918371 -2.680869 -0.042119
v -0.975999 -2.680869 -0.042119
v -0.975999 -2.680869 -0.042119
v -1.918371 -2.455806 -0.221039
v -1.918371 -2.680869 -0.213884
v -1.918371 -2.680869 -0.213884
v -0.975999 -2.455806 -0.221039
v -0.975999 -2.680869 -0.213884
v -0.975999 -2.680869 -0.213884
v -1.447185 -2.455806 -0.385648
v -1.447185 -2.455806 1.270425
v -1.447185 -2.680869 -0.385648
v -1.447185 -2.680869 -0.385648
v -1.447185 -2.680869 1.342406
v -1.447185 -2.680869 1.342406
v -1.447185 -2.680869 -0.042119
v -1.447185 -2.680869 -0.213884
v -1.682778 -2.455806 -0.385648
v -1.682778 -2.680869 -0.385648
v -1.682778 -2.680869 -0.385648
v -1.682778 -2.455806 1.270425
v -1.682778 -2.680869 1.342406
v -1.682778 -2.680869 1.342406
v -1.682778 -2.680869 -0.042119
v -1.682778 -2.680869 -0.213884
v -1.211592 -2.455806 1.270425
v -1.211592 -2.680869 1.342406
v -1.211592 -2.680869 1.342406
v -1.211592 -2.680869 -0.042119
v -1.211592 -2.680869 -0.213884
v -1.211592 -2.455806 -0.385648
v -1.211592 -2.680869 -0.385648
v -1.211592 -2.680869 -0.385648
v -1.918371 2.594932 0.421119
v -1.918371 2.594932 0.421119
v -1.918371 2.594932 0.256510
v -1.918371 2.594932 0.256510
v -1.918371 2.594932 0.256510
v -0.975999 2.594932 0.585728
v -0.975999 2.594932 0.585728
v -0.975999 2.594932 1.912582
v -0.975999 2.594932 1.912582
v -0.975999 2.594932 1.912582
v -1.918370 2.594932 1.912582
v -1.918370 2.594932 1.912582
v -1.918370 2.594932 1.912582
v -1.918371 2.594932 0.585729
v -1.918371 2.594932 0.585729
v -0.975999 2.594932 0.421119
v -0.975999 2.594932 0.421119
v -0.975999 2.594932 0.256509
v -0.975999 2.594932 0.256509
v -0.975999 2.594932 0.256509
vn 1.0000 -0.0000 -0.0000
vn -0.0000 -1.0000 -0.0000
vn -0.0000 -0.0000 -1.0000
vn -0.0000 0.3046 0.9525
vn -1.0000 -0.0000 -0.0000
vn -0.0000 -0.1261 0.9920
vn -0.0000 1.0000 -0.0000
vn -0.0000 0.1261 -0.9920
vt 0.088018 0.129259
vt 0.125574 0.129259
vt 0.127611 0.121662
vt 0.088423 0.121662
vt 0.083561 0.121662
vt 0.078699 0.121662
vt 0.078699 0.129259
vt 0.083358 0.129259
vt 0.143750 0.299747
vt 0.106194 0.299747
vt 0.101535 0.299747
vt 0.096875 0.299747
s 1
usemtl Material.001
f 1313/1079/440 1297/1080/440 1309/1081/440
f 1313/1079/440 1309/1081/440 1316/1082/440
f 1339/1083/441 1319/1083/441 1303/1084/441
f 1339/1083/441 1303/1084/441 1333/1084/441
f 1345/1085/442 1289/1085/442 1302/1084/442
f 1345/1085/442 1302/1084/442 1347/1084/442
f 1335/1080/443 1295/1080/443 1307/1081/443
f 1335/1080/443 1307/1081/443 1337/1081/443
f 1318/1086/444 1293/1085/444 1305/1084/444
f 1318/1086/444 1305/1084/444 1320/1083/444
f 1296/1080/444 1312/1079/444 1315/1082/444
f 1296/1080/444 1315/1082/444 1308/1081/444
f 1336/1081/441 1306/1081/441 1314/1082/441
f 1336/1081/441 1314/1082/441 1338/1082/441
f 1321/1086/440 1313/1079/440 1316/1082/440
f 1321/1086/440 1316/1082/440 1322/1083/440
f 1288/1085/440 1321/1086/440 1322/1083/440
f 1288/1085/440 1322/1083/440 1300/1084/440
f 1312/1079/444 1318/1086/444 1320/1083/444
f 1312/1079/444 1320/1083/444 1315/1082/444
f 1338/1082/441 1314/1082/441 1319/1083/441
f 1338/1082/441 1319/1083/441 1339/1083/441
f 1343/1082/441 1330/1082/441 1331/1083/441
f 1343/1082/441 1331/1083/441 1344/1083/441
f 1341/1081/441 1328/1081/441 1330/1082/441
f 1341/1081/441 1330/1082/441 1343/1082/441
f 1340/1080/443 1325/1080/443 1329/1081/443
f 1340/1080/443 1329/1081/443 1342/1081/443
f 1332/1085/442 1324/1085/442 1327/1084/442
f 1332/1085/442 1327/1084/442 1334/1084/442
f 1344/1083/441 1331/1083/441 1326/1084/441
f 1344/1083/441 1326/1084/441 1346/1084/441
f 1291/1085/442 1332/1085/442 1334/1084/442
f 1291/1085/442 1334/1084/442 1304/1084/442
f 1330/1082/441 1338/1082/441 1339/1083/441
f 1330/1082/441 1339/1083/441 1331/1083/441
f 1328/1081/441 1336/1081/441 1338/1082/441
f 1328/1081/441 1338/1082/441 1330/1082/441
f 1325/1080/443 1335/1080/443 1337/1081/443
f 1325/1080/443 1337/1081/443 1329/1081/443
f 1331/1083/441 1339/1083/441 1333/1084/441
f 1331/1083/441 1333/1084/441 1326/1084/441
f 1323/1083/441 1344/1083/441 1346/1084/441
f 1323/1083/441 1346/1084/441 1301/1084/441
f 1299/1080/443 1340/1080/443 1342/1081/443
f 1299/1080/443 1342/1081/443 1311/1081/443
f 1310/1081/441 1341/1081/441 1343/1082/441
f 1310/1081/441 1343/1082/441 1317/1082/441
f 1317/1082/441 1343/1082/441 1344/1083/441
f 1317/1082/441 1344/1083/441 1323/1083/441
f 1324/1085/442 1345/1085/442 1347/1084/442
f 1324/1085/442 1347/1084/442 1327/1084/442
f 1312/1079/444 1296/1080/444 1360/1087/444
f 1312/1079/444 1360/1087/444 1362/1088/444
f 1293/1085/444 1318/1086/444 1349/1089/444
f 1293/1085/444 1349/1089/444 1352/1090/444
f 1294/1080/445 1298/1080/445 1356/1087/445
f 1294/1080/445 1356/1087/445 1358/1087/445
f 1361/1088/446 1359/1087/446 1357/1087/446
f 1361/1088/446 1357/1087/446 1354/1088/446
f 1348/1089/446 1361/1088/446 1354/1088/446
f 1348/1089/446 1354/1088/446 1364/1089/446
f 1364/1089/446 1367/1090/446 1351/1090/446
f 1364/1089/446 1351/1090/446 1348/1089/446
f 1321/1086/440 1288/1085/440 1365/1090/440
f 1321/1086/440 1365/1090/440 1363/1089/440
f 1318/1086/444 1312/1079/444 1362/1088/444
f 1318/1086/444 1362/1088/444 1349/1089/444
f 1297/1080/440 1313/1079/440 1353/1088/440
f 1297/1080/440 1353/1088/440 1355/1087/440
f 1313/1079/440 1321/1086/440 1363/1089/440
f 1313/1079/440 1363/1089/440 1353/1088/440
f 1290/1085/447 1292/1085/447 1350/1090/447
f 1290/1085/447 1350/1090/447 1366/1090/447
o slide
v -0.893411 3.481154 4.880376
v -0.893411 3.481154 4.880376
v -0.893411 3.481154 4.880376
v -0.893411 3.481154 4.880376
v -0.893411 3.481154 8.096983
v -0.893411 3.481154 8.096983
v -0.893411 3.481154 8.096983
v -0.893411 3.481154 8.096983
v -2.000958 3.481154 4.880376
v -2.000958 3.481154 4.880376
v -2.000958 3.481154 4.880376
v -2.000958 3.481154 4.880376
v -2.000958 3.481154 8.096984
v -2.000958 3.481154 8.096984
v -2.000958 3.481154 8.096984
v -2.000958 3.481154 8.096984
v -0.893411 3.481154 5.996342
v -0.893411 3.481154 5.996342
v -0.893411 3.481154 5.996342
v -0.893411 3.481154 5.996342
v -2.000958 3.481154 5.996342
v -2.000958 3.481154 5.996342
v -2.000958 3.481154 5.996342
v -2.000958 3.481154 5.996342
v -1.287582 3.724481 0.103948
v -1.287582 3.724481 0.103948
v -1.287582 3.724481 0.103948
v -1.287582 3.724481 0.103948
v -1.606788 3.724481 0.103948
v -1.606788 3.724481 0.103948
v -1.606788 3.724481 0.103948
v -1.606788 3.724481 0.103948
v -1.287582 3.641777 -0.205786
v -1.287582 3.641777 -0.205786
v -1.287582 3.641777 -0.205786
v -1.287582 3.641777 -0.205786
v -1.606788 3.641777 -0.205786
v -1.606788 3.641777 -0.205786
v -1.606788 3.641777 -0.205786
v -1.606788 3.641777 -0.205786
v -1.287582 3.490861 -0.562086
v -1.287582 3.490861 -0.562086
v -1.287582 3.490861 -0.562086
v -1.287582 3.490861 -0.562086
v -1.606788 3.490861 -0.562086
v -1.606788 3.490861 -0.562086
v -1.606788 3.490861 -0.562086
v -1.606788 3.490861 -0.562086
v -0.893412 2.918263 -0.838524
v -0.893412 2.918263 -0.838524
v -0.893412 2.918263 -0.838524
v -0.893412 2.918263 -0.838524
v -2.000959 2.918263 -0.838524
v -2.000959 2.918263 -0.838524
v -2.000959 2.918263 -0.838524
v -2.000959 2.918263 -0.838524
v -0.893412 2.524061 -0.961386
v -0.893412 2.524061 -0.961386
v -0.893412 2.524061 -0.961386
v -2.000959 2.524061 -0.961386
v -2.000959 2.524061 -0.961386
v -2.000959 2.524061 -0.961386
v -0.893411 3.384504 8.173771
v -0.893411 3.384504 8.173771
v -0.893411 3.384504 8.173771
v -0.893411 3.384504 8.173771
v -2.000958 3.384504 8.173772
v -2.000958 3.384504 8.173772
v -2.000958 3.384504 8.173772
v -2.000958 3.384504 8.173772
v -0.893411 3.384504 8.204487
v -0.893411 3.384504 8.204487
v -0.893411 3.384504 8.204487
v -2.000958 3.384504 8.204487
v -2.000958 3.384504 8.204487
v -2.000958 3.384504 8.204487
v -0.893411 3.481154 2.492162
v -0.893411 3.481154 2.492162
v -0.893411 3.481154 2.492162
v -2.000958 3.481154 2.492162
v -2.000958 3.481154 2.492162
v -2.000958 3.481154 2.492162
v -0.893411 3.481154 3.988392
v -0.893411 3.481154 3.988392
v -0.893411 3.481154 3.988392
v -2.000958 3.481154 3.988392
v -2.000958 3.481154 3.988392
v -2.000958 3.481154 3.988392
v -0.893411 3.481154 4.276129
v -0.893411 3.481154 4.276129
v -0.893411 3.481154 4.276129
v -2.000958 3.481154 4.276129
v -2.000958 3.481154 4.276129
v -2.000958 3.481154 4.276129
v -2.000958 3.481155 0.103948
v -2.000958 3.481155 0.103948
v -2.000958 3.481155 0.103948
v -2.000958 3.481155 0.103948
v -0.893411 3.481155 0.103948
v -0.893411 3.481155 0.103948
v -0.893411 3.481155 0.103948
v -0.893411 3.481155 0.103948
v -0.893412 3.398451 -0.205786
v -0.893412 3.398451 -0.205786
v -0.893412 3.398451 -0.205786
v -2.000958 3.398451 -0.205786
v -2.000958 3.398451 -0.205786
v -2.000958 3.398451 -0.205786
v -2.000958 3.398451 -0.205786
v -2.000958 3.247535 -0.562086
v -2.000958 3.247535 -0.562086
v -2.000958 3.247535 -0.562086
v -2.000958 3.247535 -0.562086
v -2.000958 3.247535 -0.562086
v -0.893412 3.247535 -0.562086
v -0.893412 3.247535 -0.562086
v -0.893412 3.247535 -0.562086
v -0.893412 3.247535 -0.562086
v -1.583207 3.846127 -0.373213
v -1.583207 3.846127 -0.373213
v -1.583207 3.846127 -0.373213
v -1.583207 3.846127 -0.373213
v -1.311163 3.846127 -0.373213
v -1.311163 3.846127 -0.373213
v -1.311163 3.846127 -0.373213
v -1.311163 3.846127 -0.373213
v -1.583207 3.916611 -0.251609
v -1.583207 3.916611 -0.251609
v -1.583207 3.916611 -0.251609
v -1.311163 3.916611 -0.251609
v -1.311163 3.916611 -0.251609
v -1.311163 3.916611 -0.251609
v -1.583207 3.717508 -0.513099
v -1.583207 3.717508 -0.513099
v -1.583207 3.717508 -0.513099
v -1.311163 3.717508 -0.513099
v -1.311163 3.717508 -0.513099
v -1.311163 3.717508 -0.513099
v -0.893411 3.481155 0.578713
v -0.893411 3.481155 0.578713
v -0.893411 3.481155 0.578713
v -2.000958 3.481155 0.578713
v -2.000958 3.481155 0.578713
v -2.000958 3.481155 0.578713
v -0.893411 3.481155 0.341331
v -0.893411 3.481155 0.341331
v -0.893411 3.481155 0.341331
v -2.000958 3.481155 0.341331
v -2.000958 3.481155 0.341331
v -2.000958 3.481155 0.341331
v -1.347210 3.724481 7.980926
v -1.347210 3.724481 7.980926
v -1.347210 3.724481 7.980926
v -1.347210 3.724481 7.980926
v -1.547158 3.724481 7.980926
v -1.547158 3.724481 7.980926
v -1.547158 3.724481 7.980926
v -1.547158 3.724481 7.980926
v -1.547159 3.724481 7.652085
v -1.547159 3.724481 7.652085
v -1.547159 3.724481 7.652085
v -1.547159 3.724481 7.652085
v -1.347210 3.724481 7.652085
v -1.347210 3.724481 7.652085
v -1.347210 3.724481 7.652085
v -1.347210 3.724481 7.652085
v -0.893411 3.481154 7.652085
v -0.893411 3.481154 7.652085
v -0.893411 3.481154 7.652085
v -0.893411 3.481154 7.652085
v -0.893411 3.481154 7.652085
v -0.893411 3.481154 7.980926
v -0.893411 3.481154 7.980926
v -0.893411 3.481154 7.980926
v -0.893411 3.481154 7.980926
v -0.893411 3.481154 7.980926
v -2.000958 3.481154 7.980927
v -2.000958 3.481154 7.980927
v -2.000958 3.481154 7.980927
v -2.000958 3.481154 7.980927
v -2.000958 3.481154 7.980927
v -2.000958 3.481154 7.652085
v -2.000958 3.481154 7.652085
v -2.000958 3.481154 7.652085
v -2.000958 3.481154 7.652085
v -2.000958 3.481154 7.652085
v -1.383287 3.905376 7.690975
v -1.383287 3.905376 7.690975
v -1.383287 3.905376 7.690975
v -1.383287 3.873073 7.924679
v -1.383287 3.873073 7.924679
v -1.383287 3.873073 7.924679
v -1.511082 3.873073 7.924680
v -1.511082 3.873073 7.924680
v -1.511082 3.873073 7.924680
v -1.511082 3.905376 7.690976
v -1.511082 3.905376 7.690976
v -1.511082 3.905376 7.690976
v -0.893411 2.569456 4.880376
v -0.893411 2.569456 4.880376
v -0.893411 2.569456 8.096983
v -0.893411 2.569456 8.096983
v -2.000958 2.569456 8.096983
v -2.000958 2.569456 8.096983
v -2.000958 2.569456 4.880376
v -2.000958 2.569456 4.880376
v -2.000958 2.569456 5.996342
v -2.000958 2.569456 5.996342
v -0.893411 2.569456 5.996342
v -0.893411 2.569456 5.996342
v -0.893411 2.569456 0.103948
v -2.000958 2.569456 0.103948
v -0.893412 2.555672 -0.205787
v -2.000958 2.555672 -0.205786
v -2.000958 2.555672 -0.205786
v -0.893412 2.530519 -0.480178
v -2.000958 2.530519 -0.480178
v -2.000958 2.530519 -0.480178
v -0.893412 2.475641 -0.838524
v -0.893412 2.475641 -0.838524
v -2.000959 2.475641 -0.838524
v -2.000959 2.475641 -0.838524
v -0.893412 2.501638 -0.961386
v -0.893412 2.501638 -0.961386
v -2.000959 2.501638 -0.961386
v -2.000959 2.501638 -0.961386
v -0.893411 2.633889 8.173771
v -0.893411 2.633889 8.173771
v -2.000958 2.633889 8.173771
v -2.000958 2.633889 8.173771
v -0.893411 2.633889 8.204487
v -0.893411 2.633889 8.204487
v -2.000958 2.633889 8.204487
v -2.000958 2.633889 8.204487
v -2.000958 2.569456 2.492162
v -0.893411 2.569456 2.492162
v -0.893411 2.569456 3.988392
v -2.000958 2.569456 3.988392
v -2.000958 2.569456 4.276129
v -0.893411 2.569456 4.276129
v -2.000958 2.569456 0.578713
v -0.893411 2.569456 0.578713
v -2.000958 2.569456 0.341331
v -0.893411 2.569456 0.341331
v -2.000958 2.569456 7.980926
v -2.000958 2.569456 7.980926
v -0.893411 2.569456 7.980926
v -0.893411 2.569456 7.980926
v -0.893411 2.569456 7.652085
v -0.893411 2.569456 7.652085
v -2.000958 2.569456 7.652085
v -2.000958 2.569456 7.652085
v -1.447184 3.724481 8.096983
v -1.447184 3.724481 8.096983
v -1.447185 3.724481 4.880376
v -1.447185 3.724481 4.880376
v -1.447184 3.724481 5.996342
v -1.447185 3.724481 0.103948
v -1.447185 3.490861 -0.562086
v -1.447185 3.490861 -0.562086
v -1.447185 3.161590 -0.838524
v -1.447185 3.161590 -0.838524
v -1.447185 2.767387 -0.961386
v -1.447185 2.767387 -0.961386
v -1.447184 3.627830 8.173771
v -1.447184 3.627830 8.173771
v -1.447184 3.627830 8.204487
v -1.447184 3.627830 8.204487
v -1.447185 3.724481 2.492162
v -1.447185 3.724481 2.492162
v -1.447185 3.724481 3.988392
v -1.447185 3.724481 4.276129
v -1.447185 3.724481 4.276129
v -1.447185 3.724481 0.103948
v -1.447185 3.724481 0.103948
v -1.447185 3.490861 -0.562086
v -1.447185 3.490861 -0.562086
v -1.447185 3.846127 -0.373213
v -1.447185 3.846127 -0.373213
v -1.447185 3.916611 -0.251609
v -1.447185 3.916611 -0.251609
v -1.447185 3.717508 -0.513099
v -1.447185 3.717508 -0.513099
v -1.447185 3.724481 0.578713
v -1.447185 3.724481 0.341331
v -1.447185 3.724481 0.341331
v -1.447184 3.724481 7.980926
v -1.447184 3.724481 7.652085
v -1.447184 3.724481 7.980926
v -1.447184 3.724481 7.980926
v -1.447184 3.724481 7.652085
v -1.447184 3.724481 7.652085
v -1.447184 3.873073 7.924680
v -1.447184 3.873073 7.924680
v -1.447184 3.905376 7.690976
v -1.447184 3.905376 7.690976
v -1.447184 2.633889 8.204487
v -1.447185 2.501638 -0.961386
v -1.724071 3.724481 8.096984
v -1.724071 3.724481 8.096984
v -1.724071 3.724481 8.096984
v -1.724071 3.724481 8.096984
v -1.724071 3.724481 5.996342
v -1.724071 3.724481 5.996342
v -1.724071 3.724481 5.996342
v -1.724071 3.627830 8.173772
v -1.724071 3.627830 8.173772
v -1.724071 3.627830 8.173772
v -1.724071 3.627830 8.173772
v -1.724071 3.627830 8.204487
v -1.724071 3.627830 8.204487
v -1.724071 3.627830 8.204487
v -1.724072 3.724481 2.492162
v -1.724072 3.724481 2.492162
v -1.724072 3.724481 2.492162
v -1.724072 3.724481 2.492162
v -1.724071 3.724481 3.988392
v -1.724071 3.724481 3.988392
v -1.724071 3.724481 3.988392
v -1.724071 3.724481 4.276129
v -1.724071 3.724481 4.276129
v -1.724071 3.724481 4.276129
v -1.724071 3.724481 4.276129
v -1.724072 3.724481 0.578713
v -1.724072 3.724481 0.578713
v -1.724072 3.724481 0.578713
v -1.724072 3.724481 0.341331
v -1.724072 3.724481 0.341331
v -1.724072 3.724481 0.341331
v -1.724072 3.724481 0.341331
v -1.724071 3.724481 7.980927
v -1.724071 3.724481 7.980927
v -1.724071 3.724481 7.980927
v -1.724071 3.724481 7.652085
v -1.724071 3.724481 7.652085
v -1.724071 3.724481 7.652085
v -1.497171 3.724481 7.980926
v -1.497171 3.724481 7.980926
v -1.497171 3.724481 7.980926
v -1.497171 3.724481 7.652085
v -1.497171 3.724481 7.652085
v -1.497171 3.724481 7.652085
v -1.497171 3.724481 7.652085
v -1.479133 3.873073 7.924680
v -1.479133 3.873073 7.924680
v -1.479133 3.905376 7.690976
v -1.479133 3.905376 7.690976
v -1.479133 3.905376 7.690976
v -1.724071 2.633889 8.204487
v -1.724071 3.724481 4.880376
v -1.724071 3.724481 4.880376
v -1.724071 3.724481 4.880376
v -1.724071 3.724481 4.880376
v -1.724072 3.724481 0.103948
v -1.724072 3.724481 0.103948
v -1.724072 3.724481 0.103948
v -1.724072 3.490861 -0.562086
v -1.724072 3.490861 -0.562086
v -1.724072 3.490861 -0.562086
v -1.724072 3.490861 -0.562086
v -1.724072 3.161590 -0.838524
v -1.724072 3.161590 -0.838524
v -1.724072 3.161590 -0.838524
v -1.724072 3.161590 -0.838524
v -1.724072 2.767387 -0.961386
v -1.724072 2.767387 -0.961386
v -1.724072 2.767387 -0.961386
v -1.526987 3.724481 0.103948
v -1.526987 3.724481 0.103948
v -1.526987 3.724481 0.103948
v -1.526987 3.490861 -0.562086
v -1.526987 3.490861 -0.562086
v -1.526987 3.490861 -0.562086
v -1.515196 3.846127 -0.373213
v -1.515196 3.846127 -0.373213
v -1.515196 3.916611 -0.251609
v -1.515196 3.916611 -0.251609
v -1.515196 3.717508 -0.513099
v -1.515196 3.717508 -0.513099
v -1.724072 2.501638 -0.961386
v -1.170298 3.724481 4.880376
v -1.170298 3.724481 4.880376
v -1.170298 3.724481 4.880376
v -1.170298 3.724481 4.880376
v -1.170298 3.724481 0.103948
v -1.170298 3.724481 0.103948
v -1.170298 3.724481 0.103948
v -1.170298 3.490861 -0.562086
v -1.170298 3.490861 -0.562086
v -1.170298 3.490861 -0.562086
v -1.170298 3.490861 -0.562086
v -1.170298 3.161590 -0.838524
v -1.170298 3.161590 -0.838524
v -1.170298 3.161590 -0.838524
v -1.170298 3.161590 -0.838524
v -1.170298 2.767387 -0.961386
v -1.170298 2.767387 -0.961386
v -1.170298 2.767387 -0.961386
v -1.367383 3.724481 0.103948
v -1.367383 3.724481 0.103948
v -1.367383 3.724481 0.103948
v -1.367383 3.724481 0.103948
v -1.367383 3.490861 -0.562086
v -1.367383 3.490861 -0.562086
v -1.367383 3.490861 -0.562086
v -1.379174 3.846127 -0.373213
v -1.379174 3.846127 -0.373213
v -1.379174 3.916611 -0.251609
v -1.379174 3.916611 -0.251609
v -1.379174 3.916611 -0.251609
v -1.379174 3.717508 -0.513099
v -1.379174 3.717508 -0.513099
v -1.170298 2.501638 -0.961386
v -1.170298 3.724481 8.096983
v -1.170298 3.724481 8.096983
v -1.170298 3.724481 8.096983
v -1.170298 3.724481 8.096983
v -1.170298 3.724481 5.996342
v -1.170298 3.724481 5.996342
v -1.170298 3.724481 5.996342
v -1.170298 3.627830 8.173771
v -1.170298 3.627830 8.173771
v -1.170298 3.627830 8.173771
v -1.170298 3.627830 8.173771
v -1.170298 3.627830 8.204487
v -1.170298 3.627830 8.204487
v -1.170298 3.627830 8.204487
v -1.170298 3.627830 8.204487
v -1.170298 3.724481 2.492162
v -1.170298 3.724481 2.492162
v -1.170298 3.724481 2.492162
v -1.170298 3.724481 2.492162
v -1.170298 3.724481 3.988392
v -1.170298 3.724481 3.988392
v -1.170298 3.724481 3.988392
v -1.170298 3.724481 4.276129
v -1.170298 3.724481 4.276129
v -1.170298 3.724481 4.276129
v -1.170298 3.724481 4.276129
v -1.170298 3.724481 0.578713
v -1.170298 3.724481 0.578713
v -1.170298 3.724481 0.578713
v -1.170298 3.724481 0.341331
v -1.170298 3.724481 0.341331
v -1.170298 3.724481 0.341331
v -1.170298 3.724481 7.980926
v -1.170298 3.724481 7.980926
v -1.170298 3.724481 7.980926
v -1.170298 3.724481 7.652085
v -1.170298 3.724481 7.652085
v -1.170298 3.724481 7.652085
v -1.397197 3.724481 7.980926
v -1.397197 3.724481 7.980926
v -1.397197 3.724481 7.980926
v -1.397197 3.724481 7.652085
v -1.397197 3.724481 7.652085
v -1.397197 3.724481 7.652085
v -1.415236 3.873073 7.924679
v -1.415236 3.873073 7.924679
v -1.415236 3.905376 7.690976
v -1.415236 3.905376 7.690976
v -1.170298 2.633889 8.204487
v -1.170298 2.633889 8.204487
v -1.686645 3.724481 0.551032
v -1.686645 3.724481 0.551032
v -1.686645 3.724481 0.551032
v -1.538697 3.724481 0.551032
v -1.538697 3.724481 0.551032
v -1.538697 3.724481 0.551032
v -1.538697 3.724481 0.369012
v -1.538697 3.724481 0.369012
v -1.538697 3.724481 0.369012
v -1.538697 3.724481 0.369012
v -1.686645 3.724481 0.369012
v -1.686645 3.724481 0.369012
v -1.686645 3.724481 0.369012
v -1.686645 3.724481 0.369012
v -1.355672 3.724481 0.551032
v -1.355672 3.724481 0.551032
v -1.355672 3.724481 0.551032
v -1.207725 3.724481 0.551032
v -1.207725 3.724481 0.551032
v -1.207725 3.724481 0.551032
v -1.207725 3.724481 0.369012
v -1.207725 3.724481 0.369012
v -1.207725 3.724481 0.369012
v -1.355672 3.724481 0.369012
v -1.355672 3.724481 0.369012
v -1.355672 3.724481 0.369012
v -1.538697 3.919418 0.551032
v -1.538697 3.919418 0.551032
v -1.538697 3.919418 0.551032
v -1.686645 3.919418 0.551032
v -1.686645 3.919418 0.551032
v -1.686645 3.919418 0.551032
v -1.686645 3.994556 0.369012
v -1.686645 3.994556 0.369012
v -1.686645 3.994556 0.369012
v -1.538697 3.994556 0.369012
v -1.538697 3.994556 0.369012
v -1.538697 3.994556 0.369012
v -1.207725 3.919418 0.551032
v -1.207725 3.919418 0.551032
v -1.207725 3.919418 0.551032
v -1.355672 3.919418 0.551032
v -1.355672 3.919418 0.551032
v -1.355672 3.919418 0.551032
v -1.355672 3.994556 0.369012
v -1.355672 3.994556 0.369012
v -1.355672 3.994556 0.369012
v -1.207725 3.994556 0.369012
v -1.207725 3.994556 0.369012
v -1.207725 3.994556 0.369012
vn 1.0000 -0.0000 -0.0000
vn -1.0000 -0.0000 -0.0000
vn 0.6601 0.7512 -0.0000
vn 0.9941 0.0942 -0.0531
vn 0.9963 0.0808 -0.0287
vn 0.9963 0.0807 -0.0287
vn 0.2530 0.2879 -0.9236
vn 0.4919 0.5598 -0.6668
vn 0.4920 0.5598 -0.6668
vn -0.0000 -0.0000 -1.0000
vn -0.4797 0.5458 0.6870
vn -0.0000 -0.0000 1.0000
vn -0.6601 0.7512 -0.0000
vn 0.5122 0.8298 -0.2216
vn -0.5122 0.8298 -0.2216
vn 0.4942 0.8005 -0.3391
vn -0.4942 0.8005 -0.3391
vn -0.0000 0.7361 -0.6768
vn -0.0000 0.8652 -0.5015
vn -0.9963 0.0807 -0.0285
vn -0.9963 0.0807 -0.0287
vn -0.0000 0.8798 0.4754
vn -0.9941 0.0942 -0.0531
vn -0.9941 0.0942 -0.0530
vn -0.0000 0.2113 -0.9774
vn -0.0000 0.3540 0.9352
vn 0.4726 0.8813 -0.0000
vn -0.4726 0.8813 -0.0000
vn -0.0000 0.9906 0.1369
vn -0.9766 0.2145 0.0123
vn 0.9766 0.2145 0.0123
vn -0.0000 0.2102 -0.9777
vn -0.0000 1.0000 -0.0000
vn -0.0000 0.6221 0.7830
vn -0.0000 0.6430 -0.7659
vn -0.0000 0.2976 -0.9547
vn -0.2530 0.2879 -0.9236
vn -0.4919 0.5598 -0.6668
vn -0.4920 0.5598 -0.6668
vn 0.4797 0.5458 0.6870
vn -0.0000 0.9243 0.3816
vt 0.954457 0.765426
vt 0.954457 0.892363
vt 0.966568 0.892363
vt 0.966568 0.765426
vt 0.743056 0.765426
vt 0.743056 0.892363
vt 0.626592 0.892363
vt 0.626592 0.765426
vt 0.743056 0.926241
vt 0.626592 0.926241
vt 0.920139 0.926241
vt 0.920139 0.892363
vt 0.920139 0.765426
vt 0.152889 0.926241
vt 0.152889 0.892363
vt 0.128116 0.892363
vt 0.128116 0.926241
vt 0.152889 0.765426
vt 0.128116 0.765426
vt 0.095791 0.914726
vt 0.058607 0.893714
vt 0.063719 0.925270
vt 0.078318 0.943178
vt 0.091009 0.952991
vt 0.095791 0.880848
vt 0.095791 0.763507
vt 0.058607 0.859836
vt 0.067155 0.760005
vt 0.029758 0.752364
vt 0.029758 0.813991
vt 0.016936 0.759106
vt 0.016936 0.755984
vt 0.031965 0.841529
vt 0.031965 0.816981
vt 0.022674 0.777212
vt 0.022674 0.801760
vt 0.052869 0.874748
vt 0.052869 0.850200
vt 0.022674 0.774950
vt 0.966568 0.926241
vt 0.974582 0.878906
vt 0.974582 0.912785
vt 0.974582 0.774397
vt 0.960119 0.860391
vt 0.964834 0.860391
vt 0.963679 0.876732
vt 0.960119 0.876732
vt 0.977788 0.878906
vt 0.977788 0.912785
vt 0.977788 0.774397
vt 0.533503 0.765426
vt 0.533503 0.892363
vt 0.377354 0.892363
vt 0.377354 0.765426
vt 0.533503 0.926241
vt 0.377354 0.926241
vt 0.563532 0.926241
vt 0.563532 0.892363
vt 0.563532 0.765426
vt 0.177663 0.892363
vt 0.177663 0.765426
vt 0.177663 0.926241
vt 0.954457 0.926241
vt 0.948587 0.946930
vt 0.924197 0.951427
vt 0.141197 0.922684
vt 0.151939 0.922684
vt 0.151939 0.961107
vt 0.141197 0.975918
vt 0.423967 0.926241
vt 0.417445 0.926241
vt 0.414340 0.926241
vt 0.398191 0.926241
vt 0.960119 0.827710
vt 0.964834 0.827710
vt 0.964834 0.844050
vt 0.960119 0.844050
vt 0.960119 0.811369
vt 0.963679 0.811369
vt 0.174774 0.926241
vt 0.155778 0.926241
s 1
usemtl Material.001
f 1614/1091/448 1539/1092/448 1372/1093/448
f 1614/1091/448 1372/1093/448 1568/1094/448
f 1574/1095/449 1390/1096/449 1378/1097/449
f 1574/1095/449 1378/1097/449 1572/1098/449
f 1785/1099/450 1386/1096/450 1370/1097/450
f 1785/1099/450 1370/1097/450 1748/1100/450
f 1816/1101/450 1536/1102/450 1387/1096/450
f 1816/1101/450 1387/1096/450 1786/1099/450
f 1619/1103/449 1553/1102/449 1391/1096/449
f 1619/1103/449 1391/1096/449 1575/1095/449
f 1567/1098/448 1369/1097/448 1385/1096/448
f 1567/1098/448 1385/1096/448 1577/1095/448
f 1811/1104/450 1514/1105/450 1467/1106/450
f 1811/1104/450 1467/1106/450 1752/1107/450
f 1610/1108/449 1517/1105/449 1465/1106/449
f 1610/1108/449 1465/1106/449 1579/1109/449
f 1401/1110/451 1408/1111/451 1503/1112/451
f 1401/1110/451 1503/1112/451 1491/1113/451
f 1392/1107/452 1400/1110/453 1490/1113/453
f 1392/1107/452 1490/1113/453 1497/1114/453
f 1579/1109/449 1465/1106/449 1476/1115/449
f 1579/1109/449 1476/1115/449 1582/1116/449
f 1581/1116/449 1475/1115/449 1480/1117/449
f 1581/1116/449 1480/1117/449 1584/1118/449
f 1588/1119/449 1422/1120/449 1429/1121/449
f 1588/1119/449 1429/1121/449 1593/1122/449
f 1760/1123/454 1419/1124/454 1425/1125/454
f 1760/1123/454 1425/1125/454 1763/1126/454
f 1755/1127/455 1484/1128/456 1418/1124/455
f 1755/1127/455 1418/1124/455 1759/1123/455
f 1585/1118/449 1481/1117/449 1423/1120/449
f 1585/1118/449 1423/1120/449 1589/1119/449
f 1780/1129/457 1764/1126/457 1426/1125/457
f 1780/1129/457 1426/1125/457 1591/1129/457
f 1668/1130/458 1380/1093/458 1434/1131/458
f 1668/1130/458 1434/1131/458 1675/1132/458
f 1569/1094/448 1373/1093/448 1431/1131/448
f 1569/1094/448 1431/1131/448 1595/1133/448
f 1716/1134/459 1677/1135/459 1441/1136/459
f 1716/1134/459 1441/1136/459 1600/1137/459
f 1676/1132/460 1435/1131/460 1442/1138/460
f 1676/1132/460 1442/1138/460 1679/1139/460
f 1594/1133/448 1430/1131/448 1438/1138/448
f 1594/1133/448 1438/1138/448 1598/1140/448
f 1605/1141/449 1455/1142/449 1449/1143/449
f 1605/1141/449 1449/1143/449 1602/1144/449
f 1801/1145/450 1452/1142/450 1445/1143/450
f 1801/1145/450 1445/1143/450 1796/1146/450
f 1803/1147/450 1457/1148/450 1451/1142/450
f 1803/1147/450 1451/1142/450 1800/1145/450
f 1606/1149/449 1461/1148/449 1455/1142/449
f 1606/1149/449 1455/1142/449 1605/1141/449
f 1573/1098/449 1379/1097/449 1461/1148/449
f 1573/1098/449 1461/1148/449 1606/1149/449
f 1749/1100/450 1371/1097/450 1458/1148/450
f 1749/1100/450 1458/1148/450 1804/1147/450
s 0
f 1735/1107/457 1396/1107/457 1721/1107/457
s 1
f 1396/1107/457 1462/1106/457 1721/1107/457
f 1402/1110/461 1393/1107/461 1468/1106/461
f 1402/1110/461 1468/1106/461 1471/1115/461
f 1398/1107/462 1405/1110/462 1474/1115/462
f 1398/1107/462 1474/1115/462 1463/1106/462
s 0
f 1770/1111/459 1410/1111/459 1756/1111/459
s 1
f 1410/1111/459 1485/1117/459 1756/1111/459
f 1409/1111/463 1403/1110/463 1472/1115/463
f 1409/1111/463 1472/1115/463 1483/1117/463
f 1404/1110/464 1414/1111/464 1479/1117/464
f 1404/1110/464 1479/1117/464 1473/1115/464
f 1773/1113/465 1492/1113/465 1505/1112/465
f 1773/1113/465 1505/1112/465 1779/1112/465
f 1775/1114/466 1498/1114/466 1493/1113/466
f 1775/1114/466 1493/1113/466 1774/1113/466
f 1407/1110/467 1399/1107/468 1496/1114/468
f 1407/1110/467 1496/1114/468 1489/1113/468
f 1767/1107/469 1395/1107/469 1499/1114/469
f 1767/1107/469 1499/1114/469 1776/1114/469
f 1415/1111/470 1406/1110/470 1488/1113/471
f 1415/1111/470 1488/1113/471 1502/1112/470
f 1739/1111/472 1413/1111/472 1500/1112/472
f 1739/1111/472 1500/1112/472 1745/1112/472
f 1602/1144/449 1449/1143/449 1511/1150/449
f 1602/1144/449 1511/1150/449 1608/1151/449
f 1797/1146/450 1446/1143/450 1508/1150/450
f 1797/1146/450 1508/1150/450 1808/1152/450
f 1608/1151/449 1511/1150/449 1517/1105/449
f 1608/1151/449 1517/1105/449 1610/1108/449
f 1807/1152/450 1507/1150/450 1513/1105/450
f 1807/1152/450 1513/1105/450 1810/1104/450
f 1570/1094/449 1382/1093/449 1548/1092/449
f 1570/1094/449 1548/1092/449 1613/1091/449
f 1781/1130/450 1374/1093/450 1541/1092/450
f 1781/1130/450 1541/1092/450 1813/1153/450
f 1617/1103/448 1535/1102/448 1540/1092/448
f 1617/1103/448 1540/1092/448 1615/1091/448
f 1576/1095/448 1384/1096/448 1534/1102/448
f 1576/1095/448 1534/1102/448 1616/1103/448
f 1612/1091/449 1547/1092/449 1552/1102/449
f 1612/1091/449 1552/1102/449 1618/1103/449
f 1820/1153/473 1521/1153/473 1558/1154/473
f 1820/1153/473 1558/1154/473 1825/1154/473
f 1531/1101/474 1519/1153/474 1542/1092/474
f 1531/1101/474 1542/1092/474 1537/1102/474
s 0
f 1704/1153/457 1522/1153/457 1698/1153/457
s 1
f 1522/1153/457 1544/1092/457 1698/1153/457
f 1524/1153/475 1528/1101/475 1550/1102/475
f 1524/1153/475 1550/1102/475 1545/1092/475
s 0
f 1822/1101/459 1532/1101/459 1817/1101/459
s 1
f 1532/1101/459 1538/1102/459 1817/1101/459
f 1826/1154/476 1559/1154/476 1556/1155/476
f 1826/1154/476 1556/1155/476 1828/1155/476
f 1529/1101/477 1525/1153/477 1562/1154/477
f 1529/1101/477 1562/1154/477 1565/1155/477
f 1518/1153/478 1530/1101/478 1554/1155/478
f 1518/1153/478 1554/1155/478 1557/1154/478
f 1709/1101/479 1527/1101/479 1563/1155/479
f 1709/1101/479 1563/1155/479 1714/1155/479
f 1506/1150/448 1609/1151/448 1611/1108/448
f 1506/1150/448 1611/1108/448 1512/1105/448
f 1444/1143/448 1603/1144/448 1609/1151/448
f 1444/1143/448 1609/1151/448 1506/1150/448
f 1368/1097/448 1566/1098/448 1607/1149/448
f 1368/1097/448 1607/1149/448 1456/1148/448
f 1456/1148/448 1607/1149/448 1604/1141/448
f 1456/1148/448 1604/1141/448 1450/1142/448
f 1450/1142/448 1604/1141/448 1603/1144/448
f 1450/1142/448 1603/1144/448 1444/1143/448
f 1436/1131/449 1596/1133/449 1601/1140/449
f 1436/1131/449 1601/1140/449 1443/1138/449
f 1416/1120/448 1586/1119/448 1590/1122/448
f 1416/1120/448 1590/1122/448 1424/1121/448
f 1470/1115/448 1580/1116/448 1583/1118/448
f 1470/1115/448 1583/1118/448 1482/1117/448
f 1482/1117/448 1583/1118/448 1587/1119/448
f 1482/1117/448 1587/1119/448 1417/1120/448
f 1466/1106/448 1578/1109/448 1580/1116/448
f 1466/1106/448 1580/1116/448 1470/1115/448
f 1512/1105/448 1611/1108/448 1578/1109/448
f 1512/1105/448 1578/1109/448 1466/1106/448
f 1383/1093/449 1571/1094/449 1597/1133/449
f 1383/1093/449 1597/1133/449 1437/1131/449
f 1823/1101/479 1658/1101/479 1662/1155/479
f 1823/1101/479 1662/1155/479 1827/1155/479
f 1712/1154/476 1661/1154/476 1663/1155/476
f 1712/1154/476 1663/1155/476 1715/1155/476
s 0
f 1710/1101/480 1659/1101/459 1655/1101/480
f 1710/1101/480 1655/1101/480 1702/1101/480
f 1821/1153/480 1657/1153/459 1654/1153/480
f 1821/1153/480 1654/1153/480 1815/1153/480
s 1
f 1705/1153/473 1656/1153/473 1660/1154/473
f 1705/1153/473 1660/1154/473 1711/1154/473
f 1667/1130/480 1621/1130/480 1654/1153/480
f 1667/1130/480 1654/1153/480 1699/1153/480
f 1844/1156/449 1833/1157/449 1862/1158/449
f 1844/1156/449 1862/1158/449 1865/1159/449
f 1681/1146/480 1637/1146/480 1651/1152/480
f 1681/1146/480 1651/1152/480 1691/1152/480
f 1771/1111/472 1643/1111/472 1649/1112/472
f 1771/1111/472 1649/1112/472 1778/1112/472
f 1736/1107/469 1641/1107/469 1648/1114/469
f 1736/1107/469 1648/1114/469 1744/1114/469
f 1743/1114/466 1647/1114/466 1646/1113/466
f 1743/1114/466 1646/1113/466 1742/1113/466
f 1741/1113/465 1645/1113/465 1650/1112/465
f 1741/1113/465 1650/1112/465 1746/1112/465
s 0
f 1740/1111/480 1644/1111/459 1627/1111/480
f 1740/1111/480 1627/1111/480 1726/1111/480
f 1769/1107/480 1642/1107/459 1625/1107/480
f 1769/1107/480 1625/1107/480 1754/1107/480
s 1
f 1717/1160/480 1622/1160/480 1640/1161/480
f 1717/1160/480 1640/1161/480 1688/1161/480
f 1687/1161/480 1639/1161/480 1638/1162/480
f 1687/1161/480 1638/1162/480 1684/1162/480
f 1684/1162/480 1638/1162/480 1636/1163/480
f 1684/1162/480 1636/1163/480 1680/1163/480
f 1791/1132/480 1633/1132/480 1635/1139/480
f 1791/1132/480 1635/1139/480 1795/1139/480
f 1830/1164/459 1794/1165/459 1634/1166/459
f 1830/1164/459 1634/1166/459 1664/1167/459
f 1783/1130/481 1620/1130/481 1632/1132/481
f 1783/1130/481 1632/1132/481 1790/1132/481
f 1747/1129/457 1732/1126/457 1630/1126/457
f 1747/1129/457 1630/1126/457 1665/1129/457
f 1725/1127/482 1626/1127/482 1629/1123/482
f 1725/1127/482 1629/1123/482 1729/1123/482
f 1728/1123/483 1628/1123/483 1631/1126/483
f 1728/1123/483 1631/1126/483 1733/1126/483
f 1695/1104/480 1653/1104/480 1625/1107/480
f 1695/1104/480 1625/1107/480 1722/1107/480
f 1702/1101/480 1655/1101/480 1624/1099/480
f 1702/1101/480 1624/1099/480 1670/1099/480
f 1670/1099/480 1624/1099/480 1623/1100/480
f 1670/1099/480 1623/1100/480 1718/1100/480
f 1389/1096/460 1672/1099/460 1720/1100/460
f 1389/1096/460 1720/1100/460 1377/1097/460
f 1551/1102/460 1703/1101/460 1671/1099/460
f 1551/1102/460 1671/1099/460 1388/1096/460
f 1515/1105/460 1696/1104/460 1723/1107/460
f 1515/1105/460 1723/1107/460 1464/1106/460
f 1420/1124/484 1730/1123/484 1734/1126/484
f 1420/1124/484 1734/1126/484 1428/1125/484
f 1478/1128/485 1727/1127/486 1731/1123/485
f 1478/1128/485 1731/1123/485 1421/1124/485
f 1592/1129/457 1427/1125/457 1732/1126/457
f 1592/1129/457 1732/1126/457 1747/1129/457
f 1454/1142/460 1686/1145/460 1683/1146/460
f 1454/1142/460 1683/1146/460 1448/1143/460
f 1460/1148/460 1690/1147/460 1685/1145/460
f 1460/1148/460 1685/1145/460 1453/1142/460
f 1376/1097/460 1719/1100/460 1689/1147/460
f 1376/1097/460 1689/1147/460 1459/1148/460
s 0
f 1412/1111/459 1738/1111/459 1724/1111/459
s 1
f 1412/1111/459 1724/1111/459 1477/1117/459
f 1486/1113/465 1741/1113/465 1746/1112/465
f 1486/1113/465 1746/1112/465 1501/1112/465
f 1494/1114/466 1743/1114/466 1742/1113/466
f 1494/1114/466 1742/1113/466 1487/1113/466
f 1397/1107/469 1736/1107/469 1744/1114/469
f 1397/1107/469 1744/1114/469 1495/1114/469
f 1447/1143/460 1682/1146/460 1692/1152/460
f 1447/1143/460 1692/1152/460 1509/1150/460
f 1510/1150/460 1693/1152/460 1697/1104/460
f 1510/1150/460 1697/1104/460 1516/1105/460
f 1381/1093/460 1669/1130/460 1700/1153/460
f 1381/1093/460 1700/1153/460 1546/1092/460
f 1523/1153/473 1705/1153/473 1711/1154/473
f 1523/1153/473 1711/1154/473 1560/1154/473
s 0
f 1526/1101/459 1707/1101/459 1701/1101/459
s 1
f 1526/1101/459 1701/1101/459 1549/1102/459
f 1561/1154/476 1712/1154/476 1715/1155/476
f 1561/1154/476 1715/1155/476 1564/1155/476
f 1658/1101/479 1708/1101/479 1713/1155/479
f 1658/1101/479 1713/1155/479 1662/1155/479
s 0
f 1657/1153/480 1706/1153/480 1699/1153/480
f 1657/1153/480 1699/1153/480 1654/1153/459
s 1
f 1643/1111/472 1739/1111/472 1745/1112/472
f 1643/1111/472 1745/1112/472 1649/1112/472
s 0
f 1642/1107/480 1737/1107/480 1722/1107/480
f 1642/1107/480 1722/1107/480 1625/1107/459
s 1
f 1633/1132/480 1674/1132/480 1678/1139/480
f 1633/1132/480 1678/1139/480 1635/1139/480
f 1664/1167/459 1634/1166/459 1677/1135/459
f 1664/1167/459 1677/1135/459 1716/1134/459
f 1620/1130/481 1666/1130/481 1673/1132/481
f 1620/1130/481 1673/1132/481 1632/1132/481
f 1375/1093/487 1782/1130/487 1789/1132/487
f 1375/1093/487 1789/1132/487 1433/1131/487
f 1599/1168/459 1440/1169/459 1793/1165/459
f 1599/1168/459 1793/1165/459 1829/1164/459
f 1432/1131/450 1788/1132/450 1792/1139/450
f 1432/1131/450 1792/1139/450 1439/1138/450
s 0
f 1394/1107/457 1766/1107/457 1753/1107/457
s 1
f 1394/1107/457 1753/1107/457 1469/1106/457
f 1411/1111/472 1771/1111/472 1778/1112/472
f 1411/1111/472 1778/1112/472 1504/1112/472
s 0
f 1520/1153/457 1819/1153/457 1814/1153/457
s 1
f 1520/1153/457 1814/1153/457 1543/1092/457
f 1533/1101/479 1823/1101/479 1827/1155/479
f 1533/1101/479 1827/1155/479 1555/1155/479
f 1661/1154/476 1826/1154/476 1828/1155/476
f 1661/1154/476 1828/1155/476 1663/1155/476
s 0
f 1659/1101/480 1824/1101/480 1818/1101/480
f 1659/1101/480 1818/1101/480 1655/1101/459
s 1
f 1656/1153/473 1820/1153/473 1825/1154/473
f 1656/1153/473 1825/1154/473 1660/1154/473
f 1621/1130/480 1784/1130/480 1815/1153/480
f 1621/1130/480 1815/1153/480 1654/1153/480
f 1838/1156/457 1841/1156/457 1863/1159/457
f 1838/1156/457 1863/1159/457 1867/1159/457
f 1637/1146/480 1799/1146/480 1809/1152/480
f 1637/1146/480 1809/1152/480 1651/1152/480
f 1641/1107/469 1768/1107/469 1777/1114/469
f 1641/1107/469 1777/1114/469 1648/1114/469
f 1647/1114/466 1775/1114/466 1774/1113/466
f 1647/1114/466 1774/1113/466 1646/1113/466
f 1645/1113/465 1773/1113/465 1779/1112/465
f 1645/1113/465 1779/1112/465 1650/1112/465
s 0
f 1644/1111/480 1772/1111/480 1758/1111/480
f 1644/1111/480 1758/1111/480 1627/1111/459
s 1
f 1622/1160/480 1750/1160/480 1806/1161/480
f 1622/1160/480 1806/1161/480 1640/1161/480
f 1639/1161/480 1805/1161/480 1802/1162/480
f 1639/1161/480 1802/1162/480 1638/1162/480
f 1638/1162/480 1802/1162/480 1798/1163/480
f 1638/1162/480 1798/1163/480 1636/1163/480
f 1665/1129/457 1630/1126/457 1764/1126/457
f 1665/1129/457 1764/1126/457 1780/1129/457
f 1626/1127/482 1757/1127/482 1762/1123/482
f 1626/1127/482 1762/1123/482 1629/1123/482
f 1628/1123/483 1761/1123/483 1765/1126/483
f 1628/1123/483 1765/1126/483 1631/1126/483
f 1653/1104/480 1812/1104/480 1754/1107/480
f 1653/1104/480 1754/1107/480 1625/1107/480
f 1655/1101/480 1818/1101/480 1787/1099/480
f 1655/1101/480 1787/1099/480 1624/1099/480
f 1624/1099/480 1787/1099/480 1751/1100/480
f 1624/1099/480 1751/1100/480 1623/1100/480
f 1691/1152/480 1651/1152/480 1836/1170/480
f 1691/1152/480 1836/1170/480 1832/1170/480
f 1651/1152/480 1653/1104/480 1840/1171/480
f 1651/1152/480 1840/1171/480 1836/1170/480
f 1652/1104/480 1694/1104/480 1842/1171/480
f 1652/1104/480 1842/1171/480 1839/1171/480
f 1695/1104/480 1691/1152/480 1832/1170/480
f 1695/1104/480 1832/1170/480 1843/1171/480
f 1651/1152/480 1809/1152/480 1850/1170/480
f 1651/1152/480 1850/1170/480 1846/1170/480
f 1809/1152/480 1812/1104/480 1853/1171/480
f 1809/1152/480 1853/1171/480 1850/1170/480
f 1812/1104/480 1653/1104/480 1855/1171/480
f 1812/1104/480 1855/1171/480 1853/1171/480
f 1653/1104/480 1651/1152/480 1846/1170/480
f 1653/1104/480 1846/1170/480 1855/1171/480
f 1861/1158/488 1859/1158/488 1868/1159/488
f 1861/1158/488 1868/1159/488 1864/1159/488
f 1873/1158/488 1871/1158/488 1880/1159/488
f 1873/1158/488 1880/1159/488 1876/1159/488
f 1848/1157/448 1851/1156/448 1878/1159/448
f 1848/1157/448 1878/1159/448 1869/1158/448
f 1845/1157/459 1849/1157/459 1870/1158/459
f 1845/1157/459 1870/1158/459 1872/1158/459
f 1834/1157/448 1837/1156/448 1866/1159/448
f 1834/1157/448 1866/1159/448 1857/1158/448
f 1852/1156/457 1854/1156/457 1875/1159/457
f 1852/1156/457 1875/1159/457 1879/1159/457
f 1831/1157/459 1835/1157/459 1858/1158/459
f 1831/1157/459 1858/1158/459 1860/1158/459
f 1856/1156/449 1847/1157/449 1874/1158/449
f 1856/1156/449 1874/1158/449 1877/1159/449
